ID,Price,Levy,Manufacturer,Model,Prod. year,Category,Leather interior,Fuel type,Engine volume,Mileage,Cylinders,Gear box type,Drive wheels,Doors,Wheel,Color,Airbags
45654403,13328,1399,5,701,2010,4,1,2,3.5,186005,6,0,0,1,0,12,12
44731507,16621,1018,1,407,2011,4,0,5,3,192000,6,2,0,1,0,1,8
45774419,8467,1599.33333333333,3,425,2006,3,0,5,1.3,200000,4,3,1,1,1,1,2
45769185,3607,862,2,409,2011,4,1,2,2.5,168966,4,0,0,1,0,14,0
45809263,11726,446,3,425,2014,3,1,5,1.3,91901,4,0,1,1,0,12,4
45802912,39493,891,4,733,2016,4,1,1,2,160931,4,0,1,1,0,14,4
45656768,1803,761,7,643,2010,3,1,2,1.8,258909,4,0,1,1,0,14,12
45816158,549,751,4,748,2013,9,1,5,2.4,216118,4,0,1,1,0,7,12
45641395,1098,394,7,268,2014,9,1,2,2.5,398069,4,0,1,1,0,1,12
45756839,26657,1624,5,694,2007,4,1,5,3.5,128500,6,0,0,1,0,12,12
45621750,941,1053,6,361,2014,9,1,1,3.5,184467,6,0,2,1,0,14,12
45814819,8781,2084,2,799,1999,6,0,0,4,0,8,1,2,0,0,2,0
45661288,1019,1055,5,701,2013,4,1,2,3.5,138038,6,0,1,1,0,14,12
45732604,59464,891,4,733,2016,4,1,1,2,76000,4,0,1,1,0,14,4
45465200,549,1079,7,220,2018,4,1,5,2,74146,4,0,1,1,0,14,12
45772281,7683,810,4,387,2016,9,1,5,1.8,121840,4,0,1,1,0,2,12
45797221,28382,810,4,387,2016,9,1,5,1.8,54317,4,0,1,1,0,14,4
45772104,549,2386,4,748,2006,9,1,5,3.3,295059,6,0,2,1,0,2,12
45653306,941,1850,5,696,2008,4,1,2,3.5,364523,6,0,0,1,0,1,12
45801686,18826,531,4,387,2012,9,1,5,1.6,112645,4,0,1,1,0,12,4
45168471,20698,586,7,643,2012,9,1,6,1.8,187000,4,0,1,1,0,14,12
45751951,17562,1249,7,268,2017,9,1,5,2.5,39709,4,0,1,1,0,1,12
45814106,7840,1533.25,2,799,2001,6,0,1,2,230000,4,1,1,0,0,14,0
45782859,20385,1434.33333333333,6,335,2006,9,1,1,2.2,210000,4,2,2,1,0,1,8
45759112,549,2455,5,517,2008,4,1,5,2,0,8,0,0,1,0,14,0
45804684,30,888.488372093023,7,643,2008,9,0,2,1.5,169000,4,0,1,1,0,14,8
45801525,14454,583,4,387,2011,9,1,5,1.6,158787,4,0,1,1,0,12,4
45768550,12074,1537,7,535,2009,4,1,2,3.3,420550,6,0,0,1,0,2,12
44944581,15681,1288,6,837,2007,2,0,1,2,180000,6,1,2,1,0,14,4
45790136,6899,1711.27272727273,0,871,2000,4,1,0,4.4,200000,8,0,0,1,0,12,6
45770026,125,1750,7,535,2008,9,1,2,3.3,287274,6,0,0,1,0,14,12
45732374,23235,707,4,733,2011,4,1,1,2,162000,4,0,1,1,0,7,4
45369569,51746,1077,7,221,2019,4,0,5,2,10200,4,2,1,1,0,11,12
45642526,7527,1486,3,425,2010,3,0,2,1.3,158000,4,0,1,1,1,1,4
45801668,19121,531,4,387,2012,9,1,5,1.6,103490,4,0,1,1,0,12,4
45661296,314,1399,5,701,2010,4,1,2,3.5,382746,6,0,0,1,0,12,12
45815051,24462,751,7,268,2013,9,1,5,2.4,203200,4,0,1,1,0,2,4
45797488,45734,1091,4,526,2016,10,1,1,2.5,61057,4,0,1,1,0,1,4
45108412,21326,382,4,748,2014,9,1,2,2.4,141000,4,2,1,1,0,14,12
45769564,220,1194,7,792,2013,4,1,5,4,239342,6,0,0,1,0,12,12
45726453,15681,503,7,651,2012,3,0,2,1.5,128000,4,3,1,1,0,13,8
45732544,55390,1017,4,733,2017,4,1,1,2,100734,4,0,1,1,0,1,4
45811563,12544,749.991967871486,7,145,2012,3,0,2,1.5,141500,4,0,1,1,1,1,8
45699930,17249,1185,2,412,2008,4,0,2,2.3,147000,4,3,0,1,0,14,8
45809839,34889,891,3,293,2016,9,1,5,2,87768,4,0,1,1,0,2,4
45769316,392,1017,6,355,2017,9,1,5,2,1600,4,0,2,1,0,1,12
45782169,8781,1496.78125,6,174,2001,1,0,5,2,260000,4,1,2,0,0,2,0
44316016,14069,910.173913043478,6,498,2019,4,1,5,2,5323,4,2,0,1,0,7,0
45813399,392,919,0,94,2012,9,1,5,3,204318,6,0,2,1,0,1,12
44679525,23521,781,1,321,2018,9,0,5,1.4,22000,4,0,1,1,0,11,6
45418626,16935,530,2,465,2013,9,0,5,1.6,83000,4,2,1,1,0,12,8
45323316,10349,872.02838865217,7,824,2007,7,1,5,2.4,170000,4,0,1,1,1,1,6
45778144,5331,1429.8433516297,6,132,2004,9,0,5,1.6,130000,4,2,1,1,0,1,6
45803923,20526,640,4,817,2013,4,1,1,2,200279,4,0,1,1,0,7,4
45803550,9722,765,4,748,2015,9,1,4,2,128965,4,0,1,1,0,8,4
45802190,34657,777,4,526,2014,7,1,1,2.5,154672,4,0,1,1,0,12,4
45802203,36564,1091,4,526,2016,7,1,1,2.5,110969,4,0,1,1,0,1,4
45648175,314,779,7,268,2013,9,1,2,2.5,225510,4,0,1,1,0,14,12
45786421,5488,939.882352941176,7,849,2001,3,0,5,1.5,210000,4,1,1,1,1,13,3
45802120,30063,934,4,526,2015,10,1,1,2.5,148105,4,0,1,1,0,12,4
45809414,15800,769,1,289,2011,4,1,1,2.2,255456,4,0,1,1,0,12,4
45797480,43952,1249,4,526,2017,10,1,1,2.5,111643,4,0,1,1,0,7,4
45732043,53154,891,4,733,2016,4,1,1,2,84506,4,0,1,1,0,12,4
45816646,14740,645,7,643,2011,3,0,2,1.8,288000,4,0,1,1,0,14,8
45624039,42337,1266.6,2,630,2016,0,1,5,2.3,75000,4,2,2,0,0,12,6
45814804,3763,1053,6,605,2014,4,1,5,3.5,94362,6,0,2,1,0,14,12
45787521,18189,582.788167938931,7,643,2012,9,0,5,1.8,175000,4,0,1,1,0,12,8
45759890,862,2455,5,517,2008,4,1,5,2,263190,8,0,0,1,0,14,0
45758167,220,1185,2,409,2009,4,1,2,2.5,193614,4,0,1,1,0,14,0
45648538,5645,1324,7,535,2010,4,1,2,3.3,264877,6,0,0,1,0,14,12
45757322,7527,830,7,896,2019,9,1,5,1.5,27656,4,0,1,1,0,14,12
45800993,21953,1187,3,293,2014,9,0,2,1.4,16000,8,0,0,1,1,14,10
45765301,8154,1446.97098646035,3,312,1998,4,0,5,2,0,4,0,0,1,1,14,2
45771208,21953,781,7,268,2012,9,0,5,2.5,195053,4,0,1,1,0,1,0
45801684,19121,531,4,387,2012,9,1,5,1.6,121362,4,0,1,1,0,1,4
45732386,36065,639,4,733,2014,4,1,1,2,69191,4,0,1,1,0,14,4
43892866,8781,1111,3,425,2012,3,1,2,1.3,83000,4,2,1,1,1,6,12
45810403,6247,760,1,317,2010,9,1,5,1.8,40772,4,0,1,1,0,1,4
45810513,16289,642,1,639,2012,4,1,1,2,172000,4,0,1,1,0,7,4
45807330,14069,1604,6,496,2014,4,1,5,2,433811,8,0,0,1,0,1,10
45733554,2822,1338.90845620294,0,75,1995,9,1,5,2,350000,6,1,2,1,0,2,2
45792882,27284,891,4,387,2016,9,0,5,2,105394,4,2,1,1,0,1,12
45330228,32929,1338.90845620294,0,66,2013,1,1,5,2,160000,4,0,2,0,0,1,12
45749534,4234,1368,3,293,1997,3,1,5,1.4,0,4,1,1,0,0,2,6
45789555,15053,1429.8433516297,6,357,2004,9,1,5,3.2,214000,6,2,2,1,0,7,8
45797276,15458,966,4,522,2009,1,1,5,2,123346,4,0,1,1,0,1,4
45809760,2901,473,1,317,2014,9,1,5,1.4,80827,4,0,1,1,0,6,12
45813375,314,382,2,465,2015,9,1,2,2,91760,4,0,1,1,0,1,12
45756975,15681,1811,5,516,2010,4,1,5,4.6,275240,8,0,0,1,0,12,0
45776758,26657,1690.85714285714,6,769,2004,6,0,1,2.2,300000,4,1,2,1,0,14,1
45550733,10663,988,7,643,2007,3,0,5,1.5,318400,4,0,1,1,0,12,6
44094036,12858,765,2,455,2015,9,0,5,2,91200,4,0,1,1,0,13,10
45642797,1019,917,0,871,2013,4,1,1,3,137802,6,0,0,1,0,1,12
45760895,549,917,0,94,2013,9,1,2,3,151586,6,0,2,1,0,14,12
45783859,15000,1598,0,50,2008,9,1,0,3,210408,6,2,2,1,0,14,12
45808992,14069,1156,2,421,2017,4,1,5,2.3,100567,4,0,1,1,0,1,4
45731735,44752,1091,4,526,2016,10,1,1,2.5,86000,4,0,1,1,0,7,4
45797948,17158,687,4,387,2010,9,1,5,1.6,122740,4,0,1,1,0,14,4
45534351,11917,862,6,375,2003,9,1,5,2,150000,12,2,2,1,1,14,12
45624923,94,1599.33333333333,3,425,2003,3,0,5,1.5,178000,4,3,1,1,1,12,4
45803059,14897,836,4,733,2010,4,1,1,2,58962,4,0,1,1,0,14,4
45770405,23521,779,7,268,2013,9,1,2,2.5,90000,4,2,1,1,0,14,12
45767451,1019,1537,7,535,2009,9,1,2,3.3,318358,6,0,0,1,0,1,12
45636958,16935,765,2,465,2015,9,1,5,2,71454,4,0,1,1,0,1,0
45757670,19444,781,7,268,2012,9,1,5,2.5,0,4,2,1,1,0,1,6
45733244,11604,639,4,748,2014,9,1,4,2,346470,4,0,1,1,0,12,4
45802837,51965,891,4,733,2016,4,1,1,2,59515,4,0,1,1,0,2,4
45646428,706,394,7,268,2014,9,1,2,2.5,115312,4,0,1,1,0,7,12
45801896,9408,1082.27272727273,6,182,1999,9,0,1,2.2,111111,4,1,2,1,0,12,4
45797732,13328,1347,4,526,2008,7,1,1,2.5,74444,4,0,1,1,0,15,4
45732074,20071,1451.8,7,680,2008,4,0,5,2.4,135000,4,0,0,1,0,12,8
45731782,22894,862,4,526,2011,7,1,1,2.5,124444,4,0,1,1,0,15,4
45662111,2901,503,3,293,2012,9,1,2,1.5,146403,4,0,1,1,0,14,0
45764126,39829,1811,5,516,2010,4,1,5,4.6,155821,8,0,0,1,0,1,0
45768549,706,1646,5,516,2015,4,1,5,4.6,102907,8,0,0,1,0,1,0
44698379,18660,792.627815866797,4,748,2013,9,1,5,2.4,130000,4,2,1,1,0,1,6
45770233,22580,1017,6,355,2017,9,1,5,2,50930,4,0,2,1,0,1,12
45803455,11604,639,4,748,2014,9,1,4,2,264872,4,0,1,1,0,12,4
45760030,314,259,1,853,2014,3,1,2,1.4,131893,4,0,1,1,0,3,0
45759786,4300,1429.8433516297,6,13,1985,10,0,1,2.5,128965,4,1,2,1,0,1,1
45642844,18817,609,7,268,2018,9,1,2,2.5,35058,4,0,1,1,0,14,12
44921934,21169,697,3,545,2015,4,0,5,1.8,33330,4,0,0,1,0,7,8
45451626,17876,585,4,403,2013,9,1,5,1.8,117920,4,2,1,1,0,7,12
45732976,11290,891,4,748,2016,9,1,4,2,279787,4,0,1,1,0,12,4
44452971,36065,1399,7,740,2010,7,1,5,3.5,227200,6,2,1,1,0,14,16
45648000,862,394,7,268,2014,9,1,2,2.5,130478,4,0,1,1,0,14,12
45796845,21395,781,4,526,2012,10,1,1,2.5,166144,4,0,1,1,0,12,4
45733140,15681,891,4,748,2016,9,1,4,2,258706,4,0,1,1,0,12,4
45762282,627,475,1,853,2012,4,1,2,1.4,188419,4,0,1,1,0,11,0
45810003,40070,690,7,145,2016,3,1,5,1.5,25807,4,0,1,1,0,1,4
44875253,11917,1917,6,133,2008,3,0,5,1.7,180000,4,0,1,1,0,5,8
45807577,72130,1079,5,634,2018,4,1,5,2,18918,4,2,1,1,0,1,6
45801397,21012,308,7,643,2014,9,0,2,1.8,160000,4,0,0,1,0,14,4
45765622,21012,1823,7,792,2018,9,1,5,3.5,27358,6,0,1,1,0,7,12
45802035,15624,707,4,522,2011,1,1,5,2,107005,4,0,1,1,0,7,4
45801611,20005,531,4,387,2012,9,1,5,1.6,104997,4,0,1,1,0,14,4
45798511,7840,1429.8433516297,6,344,1998,9,1,5,2.4,128965,6,1,2,1,0,2,4
45802937,43880,891,4,733,2016,4,1,1,2,113700,4,0,1,1,0,12,4
45675386,29479,584,6,191,2014,9,1,5,1.8,69000,4,2,2,1,0,7,8
45795520,17249,757.14552238806,7,268,2011,9,1,2,2.5,152000,4,3,1,1,0,14,12
45778720,9408,872.02838865217,7,851,2003,10,0,5,1.5,181926,4,0,0,1,1,12,2
45802938,44213,891,4,733,2016,4,1,1,2,50255,4,0,1,1,0,11,4
45801304,8467,2078,0,46,2001,9,1,5,2.5,252800,6,1,2,1,0,7,6
45395938,21950,831,2,799,2011,2,0,1,2.4,125000,4,1,0,1,0,14,2
45766275,3136,473,1,317,2014,9,1,5,1.4,156992,4,0,1,1,0,1,12
45769518,314,1053,6,361,2014,9,1,1,3.5,149486,6,0,0,1,0,12,12
45776494,7840,1429.8433516297,6,826,2004,10,0,4,1.9,170000,4,2,1,1,0,12,4
45787317,56450,778,7,278,2018,9,1,5,2.5,25000,4,2,1,1,0,2,12
45772050,627,836,7,792,2012,9,1,5,2.7,394069,4,0,2,1,0,1,12
45771040,314,1053,6,361,2014,9,1,1,3.5,149486,6,0,0,1,0,12,12
45788160,13172,1994.5,3,312,2002,4,0,5,2.4,260000,4,0,0,1,0,12,6
45815974,706,751,4,748,2013,9,1,5,2.4,175827,4,0,1,1,0,1,12
45773662,5802,1055,6,361,2013,9,1,1,3.5,107800,6,0,2,1,0,7,12
45767823,25716,777,7,268,2014,9,0,5,2.5,115200,4,0,1,1,0,12,8
45810599,14426,642,1,639,2012,4,1,4,2,132036,4,0,1,1,0,14,4
45709646,10820,1451.8,7,680,2001,4,0,5,2,91000,4,0,0,0,1,12,4
45808960,45436,1172,2,421,2011,4,1,5,3.5,129177,4,0,1,1,0,14,4
45816333,11917,893,4,547,2008,3,0,1,1.6,201000,4,1,1,1,0,1,8
45802892,41281,765,4,733,2015,4,1,1,2,185811,4,0,1,1,0,1,4
45813342,6586,645,5,258,2011,3,1,2,1.8,122302,4,0,1,1,0,1,0
45798451,12544,888.488372093023,7,643,2007,3,0,2,1.5,140000,4,0,1,1,0,0,6
45803832,30063,639,4,817,2014,4,1,1,2,120000,4,0,1,1,0,14,4
45801000,21639,598.5,4,827,2015,3,0,5,1.6,17200,4,2,1,0,0,11,10
44782223,36692,872.02838865217,7,688,2013,4,0,5,2.5,120000,4,2,1,1,0,14,0
45721264,30,1599.33333333333,3,425,2002,3,0,5,1.5,0,4,0,1,1,1,12,4
45453314,12231,1266,7,145,2014,3,0,2,1.5,66000,4,3,1,1,1,12,4
45761984,3136,1785.66666666667,7,741,2004,9,0,5,1.5,300000,4,3,1,1,1,0,4
45783494,10663,888.488372093023,7,643,2009,9,1,2,1.8,230000,4,3,1,1,0,7,6
45809193,5620,447,3,425,2013,3,1,5,1.3,110467,4,0,1,1,0,14,4
41704944,19130,2148,6,252,2010,9,1,5,2,157000,4,0,1,1,0,7,10
45095136,9408,1111,3,425,2012,3,0,2,1.3,64000,4,3,1,1,1,1,4
45612423,3,673.483990147783,4,387,2011,9,1,5,1.8,80000,4,2,1,1,0,7,6
45768489,5959,1730,1,156,2011,9,1,5,2,246976,8,0,1,1,0,1,12
45731459,26594,777,4,526,2014,7,1,1,2.5,179918,4,0,1,1,0,12,4
45536422,36065,779,7,158,2013,9,1,2,2.5,92200,4,2,1,1,0,0,12
45768507,40142,1811,5,517,2010,4,1,5,4.6,357246,8,0,0,1,0,7,0
45506452,14000,585,4,387,2013,9,0,5,1.8,50000,4,2,1,1,0,7,10
45809707,17923,473,1,317,2014,9,1,5,1.4,127842,4,0,1,1,0,14,4
45804644,54518,831,4,817,2017,4,1,5,1.6,40193,4,0,1,1,0,1,4
45799440,8154,584,7,568,2002,3,0,5,1.3,115000,4,0,1,1,1,12,7
45758164,282,289,2,409,2008,4,1,2,0.4,220474,4,0,1,1,0,7,0
45813166,3450,1249,7,268,2017,9,1,5,2.5,60762,4,0,1,1,0,14,12
45804525,22063,836,4,817,2010,4,1,1,2,142264,4,0,1,1,0,14,4
45656681,2901,503,3,293,2012,9,1,2,1.5,146403,4,0,1,1,0,14,0
45812738,4704,585,7,298,2013,9,1,5,1.8,227371,4,0,1,1,0,12,12
45809446,16900,502,3,425,2013,3,1,5,1.5,70000,4,0,1,1,0,2,4
45770019,42651,1017,6,498,2017,4,1,5,2,44995,4,0,0,1,0,1,0
45813976,15524,586,7,643,2012,3,0,2,1.8,122324,4,0,1,1,0,11,7
45636297,17249,1888,0,87,2007,9,1,5,3,111111,6,2,2,1,0,7,10
45794250,73071,1055,5,514,2013,9,1,5,3.5,56000,6,2,2,1,0,1,12
45636962,862,333,2,465,2014,9,1,2,2,186048,4,0,1,1,0,1,0
45797238,28909,831,4,387,2017,9,1,1,1.6,98000,4,0,1,1,0,14,4
45732617,8467,642,4,748,2012,9,1,4,2,128965,4,0,1,1,0,1,4
32116317,50,749.991967871486,7,145,2013,9,0,2,1.5,130000,4,0,2,1,1,13,0
45803460,14426,639,4,748,2014,9,1,4,2,169024,4,0,1,1,0,14,4
45769197,30734,1053,6,361,2014,9,1,1,3.5,200179,6,0,0,1,0,1,12
45787509,22580,779,7,268,2013,9,1,5,2.5,156666,4,0,1,1,0,1,12
45760052,862,259,1,853,2014,4,1,2,1.4,133195,4,0,1,1,0,1,0
45809244,7464,247,3,425,2014,3,1,2,1.3,114950,4,0,1,1,0,2,4
45771034,1333,1091,2,465,2016,9,1,5,2.5,154850,4,0,1,1,0,1,12
45804881,59865,879,4,817,2019,4,1,1,1.6,13000,4,0,1,1,0,14,4
45765365,49237,1342,7,792,2017,4,1,5,2.7,94262,4,0,2,1,0,14,12
45796914,68223,1327,4,526,2018,10,1,1,2.5,27406,4,0,1,1,0,15,4
45771073,392,1017,6,355,2017,9,1,5,2,1600,4,0,2,1,0,1,12
45771597,22266,595.03007518797,2,465,2013,9,1,5,1.6,85500,4,0,1,1,0,1,8
45769046,2430,1598,6,361,2008,9,1,1,3,175614,6,0,2,1,0,1,12
45638142,282,333,2,465,2014,9,1,2,2,0,4,0,1,1,0,12,0
45807457,33556,765,6,201,2015,9,1,5,2,0,4,0,2,1,0,1,12
45815469,16308,1533.25,2,799,2008,6,0,1,2.2,180000,4,1,1,1,0,14,2
45539130,17719,1271.22222222222,7,268,2009,9,1,2,2.4,92000,4,2,1,1,0,13,8
45659883,43278,1514,5,516,2011,4,1,5,4.6,160138,8,0,0,1,0,14,0
45816131,470,1058,4,733,2012,4,1,5,3.5,197923,6,0,0,1,0,11,12
44810053,20385,738,1,317,2017,9,0,5,1.4,42000,4,2,1,2,0,1,12
45764759,941,1935,7,822,2016,4,1,5,4.6,254805,8,0,0,1,0,14,12
45804880,49858,1077,4,817,2019,4,1,1,2,48000,4,0,1,1,0,14,4
45813983,220,1055,6,209,2013,9,1,5,3.5,159250,6,0,2,1,0,1,12
45803575,9722,765,4,748,2015,9,1,4,2,128965,4,0,1,1,0,8,4
45787301,21326,862,6,250,2006,9,1,5,2,2000,8,0,2,1,0,7,12
45804856,51075,1017,4,817,2017,4,1,1,2,40800,4,0,1,1,0,14,4
45802041,15241,707,4,522,2011,1,1,5,2,117492,4,0,1,1,0,7,4
45635110,2587,382,2,465,2015,9,1,2,2,88795,4,0,1,1,0,1,0
45797839,15524,1347,4,526,2008,7,1,1,2.5,56769,4,0,1,1,0,12,4
45793323,27911,587.148148148148,6,191,2014,9,1,5,1.8,70000,4,2,2,1,0,0,8
45766543,4861,779,7,268,2013,9,1,2,2.5,136861,4,0,1,1,0,2,12
45782548,29793,1429.8433516297,6,710,2005,9,1,5,3.5,263000,4,0,2,1,0,1,0
45797924,18208,531,4,387,2012,9,1,5,1.6,95665,4,0,1,1,0,7,4
45811155,549,481,4,748,2017,9,1,2,2,107387,4,0,1,1,0,12,12
44006324,34497,779,7,684,2013,4,0,5,2.5,65350,4,2,1,1,0,14,12
45793908,4924,1282,1,289,2007,4,1,1,2,183923,4,0,1,1,0,12,4
45731752,43576,1091,4,526,2016,10,1,1,2.5,97129,4,0,1,1,0,12,4
45725280,7840,1553.57142857143,6,177,2001,9,1,0,2,140000,4,1,2,1,0,1,4
45115251,28225,1079,7,220,2018,4,0,5,2,24000,4,0,1,1,0,7,8
45800731,18817,738,1,317,2017,3,1,5,1.4,29094,4,0,1,1,0,7,0
45813862,4861,382,2,465,2015,9,1,2,2,148709,4,0,1,1,0,11,12
45810175,13172,1399,5,701,2010,4,1,2,3.5,186005,6,0,0,1,0,12,12
45342484,37320,1055,6,368,2013,9,1,5,3.5,156800,4,2,0,1,0,1,12
45751145,706,1017,2,409,2017,4,1,5,2,251430,4,0,1,1,0,2,12
45504338,39201,456,7,268,2015,9,1,2,2.5,35000,4,0,1,1,0,7,10
45797233,36426,880,4,387,2018,9,1,4,1.6,35643,4,0,1,1,0,14,4
45787913,8467,819.6,3,293,2006,3,0,5,1.8,250000,4,1,1,1,1,7,4
45798480,7840,1429.8433516297,6,240,2000,1,1,5,3.2,255000,6,2,2,0,0,12,4
45752253,12701,900,3,312,2015,4,1,5,2.4,117158,4,0,1,1,0,14,12
45548523,46414,456,7,157,2015,9,1,2,2.5,63645,4,2,1,1,0,14,12
45806590,45160,798,6,596,2015,4,1,1,2.1,197338,4,0,0,1,0,14,12
37082532,100,2467,0,56,2007,0,1,5,3,1123,6,2,0,0,0,1,12
45793536,12231,673.483990147783,4,387,2013,1,0,5,1.8,77000,6,1,1,0,0,0,0
45776871,5802,988,7,643,2007,3,1,2,1.5,140000,4,3,1,1,0,6,12
45815909,2901,1277,4,748,2018,9,1,5,2.4,45494,4,0,1,1,0,14,12
45767606,1882,442,7,643,2017,9,1,2,1.8,47672,4,0,1,1,0,14,12
45706976,11290,741.884259259259,3,425,2013,9,0,2,1.3,145000,4,0,1,1,1,12,8
43353662,6586,1529,0,30,1997,9,0,4,1.8,270000,4,1,2,1,0,6,2
45792706,14426,1271.22222222222,7,268,2006,9,1,2,2.4,188800,4,3,1,1,0,7,8
45749598,27284,1057.78571428571,7,274,2014,9,1,5,2.5,52000,4,2,1,1,0,1,12
45797343,7840,790,4,547,2009,3,1,5,1.6,140000,4,0,1,1,0,12,4
45815372,7840,1429.8433516297,6,331,1998,9,0,0,2,180003,4,1,2,1,0,1,4
45757416,282,289,2,409,2008,4,1,2,0.4,220474,4,0,1,1,0,7,0
45654682,1646,1292,6,502,2016,4,1,5,3,59099,6,0,0,1,0,14,0
45804791,24198,640,4,817,2013,4,1,1,2,124000,4,0,1,1,0,12,4
45809396,25365,502,3,425,2013,3,1,5,1.5,34682,4,0,1,1,0,7,4
45763292,1725,777,1,620,2014,9,1,5,2.5,310061,4,0,1,1,0,2,12
45806345,17249,586,7,643,2012,9,0,2,1.8,22400,4,0,1,1,0,14,8
45774174,470,1399,6,361,2010,9,1,5,3.5,229904,6,0,0,1,0,1,12
45756945,31361,639,4,748,2014,9,1,5,2,62000,4,2,1,1,0,14,12
45797127,4704,1047,4,387,2007,9,1,1,1.6,54279,4,0,1,1,0,12,4
45809778,12720,645,1,317,2011,9,1,5,1.8,135759,4,0,1,1,0,7,4
45804848,26372,640,4,817,2013,4,1,1,2,120534,4,0,1,1,0,12,4
45786770,13485,1711.27272727273,0,871,2003,4,1,4,3,189000,6,2,0,1,1,1,10
45730143,25591,528,4,387,2014,9,1,5,1.6,140000,4,0,1,1,0,14,4
45814808,6429,1211,6,201,2010,9,1,5,3,108517,6,0,0,1,0,14,12
45813961,251,1493,5,694,2016,4,1,5,3.5,107030,6,0,0,1,0,7,12
45764921,39829,1811,5,516,2010,4,1,5,4.6,155821,8,0,0,1,0,1,0
45620554,13172,1793,6,361,2011,9,1,1,2,325811,8,0,0,1,0,1,12
45524915,627,1077,7,220,2019,4,1,5,2,24339,4,0,1,1,0,2,12
45811316,12388,919,0,871,2012,4,1,1,3,420794,6,0,0,1,0,1,12
45782212,18503,792.627815866797,4,748,2012,9,0,2,2,280480,4,0,1,1,0,12,9
45624104,12231,574,3,560,2010,9,0,2,1.3,150000,4,3,1,1,0,1,12
42427923,40,1599.33333333333,3,425,2002,3,0,5,1.3,135000,4,3,1,1,1,1,4
45796881,17054,862,4,526,2011,10,1,1,2.5,237853,4,0,1,1,0,12,4
45801349,5300,1026.00733117836,3,790,2001,10,0,5,2,111000,4,0,1,1,1,1,6
45803109,9565,765,4,748,2015,9,1,4,2,42000,4,0,1,1,0,8,4
45810274,24302,765,1,620,2015,9,1,1,2,60618,4,0,1,1,0,1,4
45816654,18817,1271.22222222222,7,268,2009,9,1,5,2.4,230400,4,0,1,1,0,12,12
45682514,17249,1051,4,748,2016,9,0,5,2.4,77000,4,2,1,1,0,12,10
45732640,15530,891,4,748,2016,9,1,4,2,280016,4,0,1,1,0,12,4
45803334,11290,891,4,748,2016,9,1,4,2,270874,4,0,1,1,0,12,4
45235243,24148,582.788167938931,7,643,2013,3,0,2,1.8,118000,4,0,1,1,0,13,12
45732741,10036,639,4,748,2014,9,1,4,2,362868,4,0,1,1,0,12,4
45569356,18817,697,4,387,2015,9,0,5,1.8,85000,4,2,1,1,0,1,12
45757721,10349,308,5,258,2014,3,1,2,1.8,132563,4,0,1,1,0,11,0
45815351,549,1399,5,694,2010,4,1,5,3.5,138211,6,0,0,1,0,1,12
45803322,9252,765,4,748,2015,9,1,4,2,391625,4,0,1,1,0,8,4
45804868,55823,930,4,817,2018,4,1,1,1.7,38577,4,0,1,1,0,1,4
45491644,25089,757.14552238806,7,268,2013,9,1,5,2.5,132800,6,2,2,1,0,2,12
45802275,18669,862,4,526,2011,7,1,1,2.5,52686,4,0,1,1,0,12,4
45658776,941,1058,5,701,2012,4,1,2,3.5,232357,6,0,0,1,0,1,12
45788303,15053,1998,2,799,2001,6,0,1,2.4,253206,4,1,2,1,0,14,2
45809240,10660,271,3,425,2014,3,1,2,1.5,76525,4,0,1,1,0,2,4
45803780,37000,891,4,817,2016,4,1,1,2,80000,4,0,1,1,0,12,4
45617817,14583,1172,6,361,2011,9,1,1,3.5,230696,6,0,0,1,0,1,12
45537268,21012,1507.30769230769,6,837,2007,7,0,1,2.2,285000,4,1,2,1,0,11,4
45804512,22649,707,4,817,2011,4,1,1,2,142000,4,0,1,1,0,14,4
45802112,16590,862,4,526,2011,7,1,1,2.5,42415,4,0,1,1,0,14,4
45547620,31988,394,7,268,2014,9,0,2,2.5,51000,4,0,1,1,0,7,12
45694949,21012,456,7,268,2015,9,0,2,2.5,89000,4,3,1,1,0,12,0
45746583,10663,1266,3,425,2014,3,0,2,1.5,114000,4,0,1,1,1,14,8
45766463,220,1053,6,361,2014,9,1,1,3.5,95987,6,0,0,1,0,1,12
45793973,11900,1677,2,799,2003,6,1,1,2,195000,6,1,1,0,0,15,4
45810764,17876,1661,2,214,2013,3,1,2,2,120000,4,2,1,1,1,12,10
45766173,11604,741.884259259259,3,425,2010,3,0,2,1.3,157000,4,2,1,1,1,14,2
45814787,13799,1304,0,128,2005,9,1,5,2,240000,8,2,2,1,0,1,12
45804403,40769,1249,7,689,2017,4,0,5,2.5,76000,4,2,0,1,0,1,12
45654585,7997,1850,5,696,2008,4,1,2,3.5,244731,6,0,1,1,0,1,12
45761649,7840,666.666666666667,6,345,1995,9,0,1,2.5,410918,2,1,1,1,0,14,2
45793535,11917,741.884259259259,3,425,2011,3,0,2,1.3,188000,4,0,1,1,1,2,8
45732782,12777,640,4,748,2013,9,1,5,2,162558,4,0,1,1,0,1,4
45806608,18817,455.705882352941,7,651,2013,3,0,2,1.5,130000,4,0,1,1,0,11,12
45787228,23521,781,7,268,2012,9,1,2,2.5,83000,4,3,1,1,0,12,10
45661467,392,690,5,701,2016,4,1,2,3.5,27038,6,0,0,1,0,14,12
45787208,12544,645,7,643,2011,3,0,2,1.8,284678,4,0,1,1,0,12,12
45615670,9722,473,1,317,2014,9,0,5,1.4,121000,4,2,1,1,0,6,10
45656229,3450,831,4,748,2011,9,1,2,2.4,224349,4,0,1,1,0,7,0
45806771,1882,308,7,643,2014,3,1,2,1.8,263392,4,0,1,1,0,11,12
44675569,15991,1408,2,799,2007,6,0,1,2.2,280000,4,1,1,1,0,14,2
45641652,11133,394,7,268,2014,9,1,2,2.5,179381,4,0,1,1,0,1,12
45769489,94,1017,4,387,2017,4,1,5,2,284251,4,0,1,1,0,7,12
44930562,34184,1058,6,361,2012,9,1,5,3.5,133000,6,0,2,1,0,1,12
44889000,21169,781,1,317,2018,9,0,5,1.4,25304,4,0,1,1,0,3,8
45793531,7495,1090,1,289,2008,4,1,1,2,71486,4,0,1,1,0,1,4
45813161,4861,645,5,258,2011,3,1,2,1.8,95590,4,0,1,1,0,14,12
45732969,13485,765,4,748,2015,9,1,4,2,72369,4,0,1,1,0,12,4
45763904,14069,1935,5,516,2016,4,1,5,4.6,155976,8,0,0,1,0,14,0
45797639,20005,531,4,387,2012,9,1,5,1.6,147718,4,0,1,1,0,12,4
44840731,11917,1271.22222222222,7,268,2007,9,0,2,2.4,200000,4,3,1,1,0,7,12
45815751,14069,1079,6,500,2018,9,1,5,2,4500,6,2,2,1,0,1,12
45768685,627,586,5,258,2012,3,1,2,1.8,192683,4,0,1,1,0,14,0
45810115,12570,761,1,575,2010,9,1,5,1.8,152293,4,0,1,1,0,7,4
45782195,2800,2078,0,46,1988,9,0,1,2.4,455680,6,1,2,1,0,2,4
45773548,6899,1527,6,174,1997,9,0,0,1.8,0,4,1,1,1,0,1,4
45809650,14009,595,7,145,2015,3,1,5,1.5,137350,4,0,1,1,0,12,4
45764162,392,1514,5,517,2011,9,1,5,4.6,202048,8,0,0,1,0,14,0
45760740,8311,891,6,498,2016,4,1,5,2,109555,4,0,1,1,0,14,0
45801743,23521,794.604651162791,7,298,2014,9,0,5,1.8,40000,4,0,1,1,0,6,16
45812917,25716,891,2,475,2016,9,1,5,2,65000,4,2,1,1,0,12,12
45801930,21730,831,4,387,2017,9,1,4,1.6,32510,4,0,1,1,0,2,4
45731010,14069,1325,4,526,2019,7,1,1,2.5,25541,4,0,1,1,0,1,4
45801991,19369,707,4,522,2011,1,1,5,2,153651,4,0,1,1,0,11,4
45804423,25299,642,4,817,2012,4,1,1,2,160000,4,0,1,1,0,7,4
45812673,7213,880,1,317,2018,9,1,1,1.6,28515,4,0,1,1,0,7,12
45808966,6899,531,1,162,2012,3,1,5,1.6,94923,4,0,1,1,0,1,4
45813415,8154,1451,0,891,2011,4,1,5,4.4,147677,8,0,0,1,0,11,12
45786773,18817,582.788167938931,7,643,2011,9,1,2,1.8,160000,4,2,1,1,0,12,12
45803971,61499,1077,4,817,2019,4,1,1,2,1217,4,0,1,1,0,2,4
45784866,17249,582.788167938931,7,643,2010,9,0,2,1.8,256000,6,0,1,1,0,14,1
45067720,9879,1267,7,150,2013,3,0,2,1.5,137000,4,0,1,1,1,12,6
45775702,17249,582.788167938931,7,643,2011,3,0,2,1.8,141000,4,0,1,1,0,7,6
45733413,51225,1017,4,748,2017,9,1,5,2,58414,4,0,1,1,0,12,4
45802860,49798,765,4,733,2015,4,1,1,2,93555,4,0,1,1,0,14,4
45788616,17249,585,4,387,2013,9,1,5,1.8,64800,4,2,1,1,0,1,12
45263113,29166,844.645161290323,2,409,2014,4,1,5,2,127000,4,2,0,1,0,12,8
45807594,188,765,6,498,2015,4,1,5,2,69555,4,0,1,1,0,11,12
45756444,14069,823.25,5,633,2017,4,1,5,2,35000,4,2,1,1,0,0,12
45816582,627,1079,4,387,2018,9,1,5,2,47294,4,0,1,1,0,1,12
45662050,2274,247,3,560,2014,3,1,2,1.3,149970,4,0,1,1,0,7,0
45654686,43592,1714,6,502,2017,4,1,5,3.5,39814,6,0,2,1,0,1,0
45731424,15367,878,7,643,2009,3,0,2,1.8,174000,4,3,1,1,0,2,8
45773751,4861,1055,7,535,2013,4,1,5,3.5,125605,6,0,0,1,0,1,12
45488069,14113,975.5,3,739,2013,10,0,2,1.3,150000,4,0,1,1,1,14,4
45810460,13564,642,1,639,2012,4,1,1,2,228570,4,0,1,1,0,7,4
45736700,17876,642,2,214,2012,3,0,2,2,128205,4,0,1,1,0,12,10
45770530,10349,862,6,188,2002,9,1,5,2.4,2000,6,2,2,1,0,1,12
45785472,12544,1429.8433516297,6,357,2004,9,1,5,3.2,205500,6,2,2,1,1,12,8
45793471,5600,1529,0,30,1996,9,0,5,1.8,1000,4,1,2,1,0,7,2
45660988,14583,919,0,871,2012,4,1,1,3,229966,6,0,0,1,0,1,0
45797535,36827,1249,4,526,2017,10,1,1,2.5,137000,4,0,1,1,0,14,4
45644818,21639,1172,7,535,2011,9,1,2,3.5,368064,6,0,0,1,0,7,12
45800564,9,888.488372093023,7,643,2005,9,0,2,1.6,18000,1,0,0,1,0,14,5
44959769,10976,503,3,425,2012,3,0,5,1.5,216000,4,2,1,1,0,7,12
45774877,25089,919,6,201,2012,9,1,5,3,86000,6,2,0,1,0,14,12
40489113,300,1500.5,7,583,2019,4,1,5,2.7,120,4,0,0,1,0,14,10
45732150,18688,707,4,733,2011,4,1,1,2,143166,4,0,1,1,0,7,4
45761340,69935,1646,5,517,2015,4,1,5,4.6,273493,8,0,0,1,0,12,0
45729553,28830,629,4,387,2015,9,1,5,1.6,68243,4,0,1,1,0,12,4
45781983,42337,2366.56363636364,5,517,2006,4,1,0,2,180000,8,0,0,1,0,1,0
44874016,23834,697,2,799,2012,6,0,1,2.2,141000,4,1,1,1,0,14,2
45765240,16621,1172,6,361,2011,9,1,1,3.5,119379,6,0,0,1,0,12,12
45773896,314,1017,6,355,2017,9,1,5,2,26802,4,0,2,1,0,1,12
45816530,16000,565.416666666667,2,214,2014,3,0,2,2,272000,4,0,1,1,0,7,4
45730818,11917,530,4,387,2013,9,1,5,1.6,31691,4,0,1,1,0,14,4
45743014,13485,1018,0,53,2011,9,1,5,3,120000,6,2,0,1,0,1,12
45766665,862,2455,5,517,2008,4,1,5,2,263190,8,0,0,1,0,14,0
45781924,15994,777,7,268,2014,9,0,5,2.5,128965,4,0,1,1,0,12,0
45757260,5175,1429.8433516297,6,343,1998,9,1,0,2.4,0,4,0,2,1,1,1,2
45810170,15367,1096.58823529412,2,794,2014,9,1,4,3.7,290000,6,0,0,1,0,7,8
44271246,15994,598.5,4,827,2011,3,0,5,1.6,73600,4,1,1,0,0,4,6
45793308,11917,641,1,639,2012,4,1,1,2,79749,4,0,1,1,0,12,4
45644667,18817,609,7,268,2018,9,1,2,2.5,35058,4,0,1,1,0,14,12
45751082,1568,749,1,407,2014,4,1,5,2.4,251514,4,0,1,1,0,1,12
45787332,21953,792.627815866797,4,748,2013,9,0,2,2.4,20000,2,2,1,1,1,1,4
45732692,13808,891,4,748,2016,9,1,4,2,38206,4,0,1,1,0,14,4
44997899,16151,586,7,643,2012,3,0,2,1.8,110990,4,0,1,1,0,12,8
45804356,22947,836,4,817,2010,4,1,1,2,171344,4,0,1,1,0,7,4
45811194,40769,919,0,99,2012,9,1,5,3,58450,6,2,2,1,0,7,12
45813701,7840,585,5,258,2013,3,1,2,1.8,65989,4,0,1,1,0,12,0
45796806,25089,777,7,268,2014,9,1,5,2.5,125000,4,2,1,1,0,7,12
45757316,282,2455,5,517,2008,4,1,5,2,218126,8,0,0,1,0,1,0
45801997,10976,1429.8433516297,6,720,1997,9,1,5,2,167000,8,0,2,1,0,1,8
45647943,5488,394,7,268,2014,9,1,2,2.5,109798,4,0,1,1,0,14,12
45781318,5000,1529,0,30,1997,1,0,5,1.8,545654,4,1,2,0,0,1,4
45797565,9722,1111,7,849,2012,3,0,5,1.3,130000,4,0,0,1,1,14,4
45797099,16621,1511,4,522,2010,1,1,5,3.8,151977,4,0,1,1,0,2,4
45656510,13956,603,5,701,2015,4,1,2,3.5,143619,6,0,0,1,0,1,12
45732679,9418,765,4,748,2015,9,1,5,2,128965,4,0,1,1,0,14,4
45793446,3763,862,0,73,1989,9,0,5,2,199000,6,1,2,1,0,14,0
45772875,470,353,5,258,2015,3,1,2,1.8,115347,4,0,1,1,0,7,0
45776646,10036,1338.90845620294,0,78,2000,9,1,5,2.5,320000,6,2,2,1,0,1,4
45768834,1725,584,4,387,2014,9,1,5,1.8,107155,4,0,1,1,0,1,12
45816149,549,584,4,387,2014,9,1,5,1.8,140082,4,0,1,1,0,1,12
45813669,314,781,7,268,2012,9,1,2,2.5,249422,4,0,1,1,0,1,12
45749251,10976,1266,7,298,2014,9,0,2,1.5,100000,4,3,1,1,1,12,8
45661019,4547,1598,6,605,2008,4,1,1,3,213998,6,0,0,1,0,12,12
45809534,21285,502,7,145,2013,3,1,5,1.5,52500,4,0,1,1,0,2,4
45774076,29793,1053,6,361,2014,9,1,1,3.5,219030,6,0,0,1,0,1,12
45764936,706,1646,5,516,2015,4,1,5,4.6,102907,8,0,0,1,0,1,0
45635105,862,333,2,465,2014,9,1,2,2,186048,4,0,1,1,0,1,0
45772023,314,1053,6,361,2014,9,1,1,3.5,149486,6,0,0,1,0,12,12
40642395,1900,970.867153989687,2,520,2001,7,0,5,2.2,11111,5,0,1,1,0,2,6
45805172,35570,877,4,817,2017,4,1,1,1.7,97880,4,0,1,1,0,14,4
45776696,8781,503,7,651,2012,3,0,2,1.5,175000,4,0,1,1,0,1,10
45804280,24148,749,4,817,2014,4,1,5,2.4,128000,4,2,0,1,0,11,8
45655495,706,585,7,643,2013,3,1,2,1.8,105328,4,0,1,1,0,14,12
45417836,22580,308,7,643,2014,9,1,2,1.8,160000,4,0,1,1,0,1,10
45766570,4861,779,7,268,2013,9,1,2,2.5,136861,4,0,1,1,0,2,12
45767376,12858,888.488372093023,7,643,2008,9,0,2,1.5,210452,4,3,1,1,0,12,8
45792346,8154,1236,3,425,2011,9,0,5,1.3,185000,4,0,1,1,1,1,2
45756859,4861,333,2,465,2014,9,1,2,2,137328,4,0,1,1,0,12,0
45798242,36065,1018,0,871,2011,4,1,5,3,129600,6,2,0,1,0,1,12
45769158,282,289,2,409,2008,4,1,2,0.4,220474,4,0,1,1,0,7,0
45464974,17876,1077,7,220,2019,4,1,5,2,19968,4,0,1,1,0,14,12
45731352,18189,639,0,50,2014,9,1,1,2,250491,4,0,2,1,0,14,12
45815325,24775,595.03007518797,2,465,2013,9,1,5,1.6,46000,4,2,1,1,0,14,8
45732813,15257,707,4,748,2011,9,1,5,2,163374,4,0,1,1,0,7,4
45744437,16900,1141,3,404,2009,10,0,5,2.4,120000,4,0,0,1,0,1,6
45810490,22825,642,1,639,2012,4,1,1,2,137433,4,0,1,1,0,14,4
45768182,16935,353,5,258,2015,3,1,2,1.8,94949,4,0,1,1,0,14,0
45794041,20385,1266.6,2,630,2013,1,1,5,3.7,111111,6,1,2,0,0,1,12
45809818,38213,1079,3,293,2018,9,1,5,2,0,4,0,1,1,0,14,4
45761908,8467,862,6,188,2001,9,1,5,2.6,0,6,2,2,1,0,12,8
45773547,392,779,7,268,2013,4,1,2,2.5,493571,4,0,1,1,0,1,12
45783544,7213,1429.8433516297,6,178,2001,1,0,5,2,183000,4,2,2,0,1,1,4
45768672,9565,784,3,293,2017,9,1,5,1.5,58282,4,0,1,1,0,14,12
45750739,24148,1711.27272727273,0,871,2007,4,1,5,2,210000,8,2,0,1,0,1,8
45196673,100,792.627815866797,4,748,2013,9,1,5,2.4,77000,4,2,1,1,0,14,8
45799450,18817,1888,0,87,2005,9,1,5,3,170000,6,2,2,1,0,2,8
45731517,14069,1301,0,594,2014,1,1,5,4.4,33500,8,2,2,1,0,14,12
45746606,10663,1236,3,425,2011,9,1,2,1.3,127000,4,3,1,1,1,1,2
45802888,44247,765,4,733,2015,4,1,1,2,153958,4,0,1,1,0,14,4
45796184,9408,2078,0,46,2004,1,1,5,2.5,346080,6,2,2,0,0,1,6
45757200,11917,888.488372093023,7,643,2008,9,0,2,1.8,200000,4,0,1,1,0,7,0
42285726,75266,1429.8433516297,6,618,2012,4,1,5,2,167000,8,2,0,1,0,1,10
45809978,54157,900,3,293,2015,9,1,5,2.4,78006,4,0,1,1,0,8,4
45804658,49889,770,4,817,2016,4,1,1,1.7,71867,4,0,1,1,0,1,4
45525027,9408,988,7,643,2007,3,0,2,1.5,113000,4,0,1,1,0,13,8
45262568,23834,810,7,302,2016,3,0,5,1.8,102500,4,0,1,1,0,14,10
45810788,22894,779,7,268,2013,9,0,5,2.5,101000,4,2,1,1,0,1,10
45782069,10976,2156,6,237,2004,1,0,5,2.4,89000,4,2,2,0,1,12,10
45788373,17876,612.4,2,448,2013,9,1,5,1.6,160000,4,2,1,1,0,1,4
45763112,18189,586,4,387,2012,9,1,5,1.8,136000,4,2,1,1,0,1,8
44691279,70,1533.25,2,799,2007,2,0,1,2.4,350000,4,1,2,1,0,14,0
44109014,10976,1266,3,425,2014,3,0,2,1.5,121000,4,3,1,1,1,12,0
45772207,470,753,4,748,2012,4,1,2,2.4,123862,4,0,1,1,0,14,0
45171802,40769,1091,7,680,2016,4,0,5,2.5,99200,4,2,0,1,0,1,10
45764866,7840,862,0,73,2003,9,1,0,2.5,260000,6,2,2,1,0,12,8
45701090,10976,1429.8433516297,6,331,1993,9,0,0,2,0,4,1,2,1,0,1,2
45788394,7213,1082.27272727273,6,182,1995,9,1,5,2.2,444000,4,0,1,1,0,1,6
45800688,22894,798.697674418605,0,50,2010,1,1,5,3,157000,6,2,0,0,0,1,8
45776513,7840,1496.78125,6,174,2000,9,0,5,2,136000,4,2,2,1,1,2,6
45664259,784,1646,5,516,2015,9,1,5,4.6,129931,8,0,0,1,0,1,0
45803386,12231,765,4,748,2015,9,1,4,2,348486,4,0,1,1,0,12,4
45815375,11917,1750,5,693,2002,4,1,5,3,201000,6,0,0,1,0,12,8
45799453,51746,1249,7,680,2017,4,1,5,2.5,34454,4,0,1,1,0,4,12
45732792,17035,707,4,748,2011,9,1,5,2,200867,4,0,1,1,0,1,4
45654826,188,308,7,643,2014,3,1,2,1.8,140414,4,0,1,1,0,14,12
45729723,27654,629,4,387,2015,9,1,5,1.6,87534,4,0,1,1,0,7,4
45656685,94,1058,6,605,2012,4,1,1,3.5,224118,6,0,0,1,0,14,12
45802332,14081,1024,4,526,2010,7,1,1,2.5,124850,4,0,1,1,0,14,4
45813351,282,761,7,643,2010,3,1,2,1.8,265315,4,0,1,1,0,14,12
45791973,2666,900,4,748,2015,9,1,5,2.4,234618,4,0,1,1,0,11,12
45810397,23994,730,1,639,2016,4,1,1,1.6,125774,4,0,1,1,0,14,4
45801912,13172,1681,0,35,2003,9,0,5,2.2,190000,6,2,2,1,0,14,5
45674384,14740,645,7,643,2011,3,0,2,1.8,161000,4,3,1,1,0,2,11
44962208,59586,940.695652173913,7,680,2017,4,0,5,2.5,32000,6,0,1,1,0,14,10
44491221,18817,397,7,643,2016,9,1,2,1.8,80000,4,2,1,1,0,7,12
45797440,11563,687,4,387,2010,9,1,5,1.6,130814,4,0,1,1,0,12,4
45803037,45376,891,4,733,2016,4,1,1,2,109446,4,0,1,1,0,14,4
45781778,15681,1451.8,7,680,2002,4,0,5,2,140000,4,1,0,1,0,12,8
45805158,33707,877,4,817,2017,4,1,1,1.7,143544,4,0,1,1,0,14,4
45778474,12544,2084,2,799,1999,6,0,1,2.4,0,4,1,2,0,0,14,0
45803396,11604,639,4,748,2014,9,1,4,2,418369,4,0,1,1,0,12,4
45777979,6800,1338.90845620294,0,78,2000,9,0,0,2.5,157000,6,1,2,1,0,2,4
45788258,17876,673.483990147783,4,387,2013,9,0,5,1.6,84800,4,2,1,1,0,12,8
45767389,188,308,7,643,2014,4,1,2,1.8,187334,4,0,1,1,0,14,12
45775119,18189,1684.925,6,361,2006,9,1,5,3.5,220000,6,2,2,1,0,12,12
44526921,28225,1329.79585953434,5,698,2008,4,1,2,3.3,119000,6,0,0,1,0,2,10
45787468,2509,872.02838865217,7,308,2007,7,0,1,2.2,112000,4,1,1,1,0,1,4
45802296,44247,1091,4,526,2016,10,1,1,2.5,51831,4,0,1,1,0,7,4
45367132,71503,607,7,268,2019,9,0,2,2.5,3000,4,2,1,1,0,7,8
45645755,4077,1363,5,516,2012,4,1,5,4.6,150909,8,0,0,1,0,1,0
45793937,6586,1429.8433516297,6,331,1999,9,1,5,2,318406,4,1,2,1,0,2,6
45793760,15681,1338.90845620294,0,86,2008,9,1,5,3,190000,6,2,2,1,0,1,6
45772061,3763,1714,7,792,2017,9,1,5,3.5,174827,6,0,0,1,0,12,12
45620684,157,1451,0,871,2011,9,1,5,4.4,139363,8,0,0,1,0,1,0
45803572,13172,891,4,748,2016,9,1,4,2,547288,4,0,1,1,0,8,4
45798505,10976,1387.22222222222,3,638,2008,7,0,4,2.4,20000,4,3,1,1,1,7,6
45745111,9095,1236,3,425,2011,3,0,2,1.3,14590,4,0,1,1,1,7,0
45816140,2666,585,4,387,2013,1,1,5,1.8,89962,4,0,1,0,0,2,12
45089390,14069,757.14552238806,7,268,2019,9,1,5,2.5,25000,4,2,1,1,0,14,12
45642392,5018,779,7,268,2013,9,1,2,2.5,190549,4,0,1,1,0,1,12
45777856,12231,788.140435835351,4,817,2008,4,0,5,2,270000,4,1,0,1,0,1,4
45782226,11604,490,3,561,2011,3,0,2,1.3,150000,4,3,1,1,0,7,8
45797674,20005,531,4,387,2012,9,1,5,1.6,36239,4,0,1,1,0,7,4
45642496,5018,779,7,268,2013,9,1,2,2.5,190549,4,0,1,1,0,1,12
45816638,13799,528,2,449,2014,3,0,5,1.6,134400,3,0,1,1,0,7,0
45518419,14113,642,2,452,2012,3,0,5,2,2012,4,2,1,1,0,1,12
45816597,314,585,4,387,2013,9,1,5,1.8,157859,4,0,1,1,0,1,12
45815900,1019,900,4,733,2015,4,1,5,2.4,245653,4,0,1,1,0,1,12
45795519,16465,431,2,214,2016,3,0,6,2,0,4,0,1,1,0,14,0
45789776,3293,565,1,626,2007,9,1,5,0.8,134863,4,0,1,1,0,5,4
45768348,17249,792.627815866797,4,748,2011,9,1,4,2,72000,4,2,1,1,0,12,0
45644820,39201,517,7,535,2014,9,1,2,3.5,166560,6,0,0,1,0,1,12
45809726,36235,585,3,293,2013,9,1,5,1.8,87000,4,0,1,1,0,2,4
45810298,21699,642,1,620,2012,9,1,5,2,65006,4,0,1,1,0,12,4
45804231,25299,707,4,817,2011,4,1,1,2,134312,4,0,1,1,0,1,4
45651078,392,779,7,268,2013,9,1,2,2.5,232032,4,0,1,1,0,12,12
45283965,40142,639,0,50,2014,9,1,5,2,74000,4,2,2,1,0,14,12
45809339,19124,502,3,425,2013,3,1,2,1.5,94500,4,0,1,1,0,11,4
45800055,7213,1338.90845620294,0,78,1998,9,0,5,2.5,100000,6,1,2,2,0,12,6
45793506,11917,833,1,289,2010,4,1,1,2,61232,4,0,1,1,0,14,4
45308956,17249,1681,0,35,2005,9,0,1,2,284000,4,1,2,1,0,7,9
45807034,23521,640,2,214,2013,3,1,2,2,200925,4,3,1,1,0,1,12
45815350,784,765,5,633,2015,4,1,5,2,109336,4,0,0,1,0,7,12
45793280,11604,489,1,768,2016,9,1,5,1,31970,4,0,1,1,0,14,4
45550613,18503,585,4,387,2013,9,0,5,1.8,117000,4,2,1,1,0,7,8
45806823,14113,749.991967871486,7,145,2012,3,0,2,1.5,111111,4,0,1,1,1,6,4
45618035,1019,765,6,498,2015,4,1,5,2,37786,4,0,0,1,0,14,0
45802787,14376,769,4,733,2011,4,1,1,2.2,78305,4,0,1,1,0,14,4
45769352,220,753,4,817,2012,4,1,5,2.4,221126,4,0,1,1,0,1,0
45344701,25089,986,5,532,2010,9,1,2,2.4,64000,4,0,1,1,0,11,10
45794369,6899,1599.33333333333,3,425,2003,9,0,5,1.3,155000,4,0,1,1,1,2,6
45808645,5488,1077,4,387,2019,9,1,5,2,29496,4,0,1,1,0,1,12
45042623,18817,586,7,643,2012,3,0,2,1.8,1000,4,3,1,1,0,7,12
45654360,3450,831,4,748,2011,9,1,2,2.4,224349,4,0,1,1,0,7,0
43222352,25,1599.33333333333,3,425,2005,3,0,5,1.3,157000,4,0,1,1,1,12,4
45386880,38888,1249,7,680,2017,4,0,5,2.5,50000,4,0,0,1,0,7,10
45657165,35438,2455,5,517,2008,4,1,5,2,146000,8,0,0,1,0,14,8
45773725,1019,765,4,817,2015,4,1,5,2,0,4,0,1,1,0,1,0
45815398,23207,900,4,760,2015,9,1,5,2.4,67840,4,2,1,1,0,1,8
44922073,17092,891,4,397,2016,9,0,5,2,71886,4,0,1,1,0,12,8
43951626,7150,1111,3,425,2012,3,0,5,1.3,129000,4,0,1,1,1,14,4
45649868,188,1172,5,701,2011,4,1,2,3.5,101816,6,0,0,1,0,1,12
45816648,24148,810,7,155,2016,3,0,5,1.8,10200,4,0,1,1,0,14,10
44935670,59272,1078.53623188406,6,605,2012,4,1,1,3,131000,6,0,0,1,0,7,10
45771717,11604,1841,6,347,2000,9,1,1,2.2,497000,8,0,2,1,0,12,0
45810158,20385,333,2,214,2014,10,1,2,2,62000,4,0,1,1,0,4,8
45097806,14426,645,4,387,2011,9,0,5,1.8,195200,4,2,1,1,0,14,12
45793691,6144,1282,1,289,2007,4,1,1,2,68075,4,0,1,1,0,12,4
45760616,45473,872.02838865217,7,447,2008,4,0,5,4,185600,5,0,0,1,0,1,4
45769628,15994,1172,6,361,2011,1,1,1,3.5,170429,6,0,2,0,0,12,12
45789880,18189,1620,7,680,2006,4,0,1,2.2,198000,4,1,0,1,0,1,4
45808607,1333,1079,2,452,2018,9,1,5,2,107664,4,0,1,1,0,1,12
45815470,1960,779,5,381,2013,9,1,2,2.5,87952,4,0,1,1,0,12,12
45761247,26030,382,1,853,2017,3,1,2,1.5,52062,4,0,1,1,0,2,0
45816373,48000,1823,0,588,2010,1,1,5,4,160000,8,1,2,0,0,11,10
45675628,14069,1360,5,516,2013,4,1,5,4.6,76800,12,2,0,1,0,1,0
45815363,8781,584,7,568,2002,3,0,5,1.5,117000,4,0,0,1,1,11,4
45771289,627,1058,6,361,2012,9,1,1,3.5,318285,6,0,0,1,0,1,12
45806544,5802,474,1,853,2013,3,1,2,1.4,0,4,0,1,1,0,7,12
45809975,8624,642,1,317,2012,9,1,1,2,62649,4,0,1,1,0,14,4
45795764,21953,673.483990147783,4,387,2016,9,1,5,1.8,77600,4,2,1,1,0,14,12
45793923,15681,765,2,452,2015,9,1,5,2,90000,4,2,1,1,0,7,9
45733242,8154,639,4,748,2014,9,1,4,2,502500,4,0,1,1,0,8,4
45793173,53000,1325,7,274,2019,9,1,5,2.5,500,4,2,1,1,0,1,12
45804567,21181,836,4,817,2010,4,1,1,2,168126,4,0,1,1,0,12,4
45647622,15681,1811,5,516,2010,4,1,5,4.6,275240,8,0,0,1,0,12,0
45757694,862,1399,1,559,2010,9,1,5,3.5,217656,6,0,1,1,0,1,12
45753963,27284,259,1,853,2014,3,0,6,1.4,65000,4,0,1,1,0,12,10
45797251,31581,777,4,526,2014,7,1,1,2.5,96893,4,0,1,1,0,12,4
45791450,14069,1429.8433516297,6,713,2014,9,1,1,3,222222,6,2,2,1,0,1,12
45815760,7840,1429.8433516297,6,357,1997,9,1,0,3.2,111111,6,0,2,1,0,1,6
45814023,20385,582.788167938931,7,643,2013,3,0,2,1.8,134720,4,3,1,1,0,2,6
45798100,12287,1047,4,387,2007,9,1,5,1.6,39079,4,0,1,1,0,12,4
45815197,2822,978,7,298,2019,9,1,5,1.8,39254,4,0,1,1,0,14,12
45803600,16283,891,4,748,2016,9,1,4,2,55225,4,0,1,1,0,1,4
45715042,71503,1360,5,516,2013,4,1,5,4.6,111000,8,0,0,1,0,3,12
45733076,8467,639,4,748,2014,9,1,4,2,490516,4,0,1,1,0,8,4
45804150,27654,836,4,817,2010,4,1,1,2,84154,4,0,1,1,0,1,4
45815980,2509,585,4,387,2013,3,1,5,1.8,279182,4,0,1,1,0,11,12
45797079,16123,836,4,522,2010,1,1,5,2,123187,4,0,1,1,0,1,4
45797402,11917,531,4,547,2012,3,1,1,1.6,78807,4,0,1,1,0,12,4
45785809,17876,333,2,214,2014,9,1,6,2,163000,4,2,1,1,0,1,12
45769401,1411,1624,6,361,2009,9,1,1,3.5,266061,6,0,0,1,0,1,12
45768754,13485,474,1,328,2013,9,1,5,1.4,123000,4,0,2,1,0,1,8
45815241,3763,1053,6,605,2014,4,1,5,3.5,94362,6,0,2,1,0,14,12
45798275,19864,629,4,387,2015,9,1,1,1.6,52313,4,0,1,1,0,14,4
45789777,15053,1338.90845620294,0,890,2005,4,1,5,3,250000,6,2,0,1,1,1,4
45793912,7527,862,7,566,2002,7,0,0,2.4,180000,4,0,1,1,1,1,4
43906005,15681,585,7,299,2013,9,0,5,1.8,132800,4,0,1,1,0,14,10
45797788,13642,1185,4,526,2009,7,1,1,2.5,75631,4,0,1,1,0,12,4
45814998,706,1058,7,268,2012,9,1,5,3.5,132165,6,0,1,1,0,7,12
45770861,17249,697,4,387,2015,9,0,5,1.8,84291,4,0,1,1,0,1,0
45804304,25,1429.8433516297,6,136,2002,3,1,5,1.9,145000,4,2,1,1,1,1,4
41644611,11604,642,2,452,2012,9,0,5,2,68000,4,0,1,1,0,14,8
45797753,10663,1185,4,526,2009,7,1,1,2.5,85241,4,0,1,1,0,14,4
44765366,13172,1429.8433516297,6,729,1998,0,0,5,2.3,130000,4,0,2,0,0,14,4
45810365,20278,640,1,620,2013,9,1,5,2,156666,4,0,1,1,0,1,4
45798250,25083,730,4,387,2016,9,1,1,1.6,133200,4,0,1,1,0,14,4
45765897,2430,1598,6,361,2008,9,1,1,3,175614,6,0,2,1,0,1,12
45000476,38574,826.8,6,837,2011,7,1,1,2.2,145000,4,2,2,1,0,1,8
45804915,15524,640,4,817,2013,4,1,1,2,52303,4,0,1,1,0,12,4
45797055,34607,777,4,526,2014,7,1,1,2.5,27000,4,0,1,1,0,12,4
45798334,18817,673.483990147783,4,387,2011,9,1,2,1.6,60000,4,3,1,1,0,14,8
42865949,14113,761,7,643,2010,3,0,2,1.8,169000,4,0,1,1,0,12,12
43448352,10506,1266,7,145,2014,9,0,2,1.5,87000,4,0,1,1,1,14,2
44776961,18189,642,0,50,2012,9,1,5,2,142152,4,0,2,1,0,1,12
45732151,44558,891,4,733,2016,4,1,1,2,120337,4,0,1,1,0,1,4
44909661,21326,587.673913043478,4,138,2016,9,0,5,1.6,80000,4,2,1,1,0,14,6
45730677,30596,730,4,387,2016,9,1,5,1.6,71672,4,0,1,1,0,14,4
45729688,28241,530,4,387,2013,9,1,5,1.6,50015,4,0,1,1,0,2,4
45655661,1019,1055,5,701,2013,4,1,2,3.5,138038,6,0,1,1,0,14,12
45802450,14426,915,4,525,2014,9,1,4,3,91456,4,0,1,1,0,1,4
45808286,8311,986,3,312,2010,4,1,5,2.4,106312,4,0,0,1,0,12,12
45769448,627,1058,6,361,2012,9,1,1,3.5,318285,6,0,0,1,0,1,12
45785565,13485,1711.27272727273,0,871,2001,4,1,5,3,240000,6,2,0,1,0,1,6
45803817,38445,891,4,817,2016,4,1,1,2,94558,4,0,1,1,0,14,4
42285397,9722,1268,7,145,2012,3,0,2,1.5,107000,4,0,1,1,1,13,8
45816506,43905,1091,7,680,2016,4,0,5,2.5,67000,4,2,0,1,0,14,8
45729808,27356,528,4,387,2014,9,1,1,1.6,90000,4,0,1,1,0,1,4
45809882,15173,645,1,317,2011,9,1,5,1.8,108901,4,0,1,1,0,7,4
45806607,25089,394,7,268,2014,9,1,2,2.5,203200,4,0,1,1,0,1,12
45041107,15681,642,2,452,2012,3,0,5,2,192000,4,2,1,1,0,14,8
45802244,11917,1681,0,35,2003,9,0,5,2,136950,4,2,2,1,0,11,6
45810022,25669,502,7,145,2013,3,1,5,1.5,105000,4,0,1,1,0,1,4
45769051,314,1053,6,361,2014,9,1,1,3.5,149486,6,0,0,1,0,12,12
45765229,862,259,1,853,2014,4,1,2,1.4,133195,4,0,1,1,0,1,0
45751858,9565,924,3,544,2017,4,1,5,1.8,94339,4,0,0,1,0,14,12
45629936,314,333,2,465,2014,9,1,2,2,124493,4,0,1,1,0,14,0
45670439,14740,474,1,317,2013,9,0,5,1.4,78000,4,2,1,1,0,13,6
45806596,7997,308,7,647,2014,9,1,2,1.8,0,12,2,1,1,0,1,12
45802666,37580,765,4,733,2015,4,1,1,2,95200,4,0,1,1,0,7,4
45756033,31361,1429.8433516297,6,710,2007,9,1,5,3.5,165000,6,0,2,1,0,1,0
45656394,6429,761,7,643,2010,3,1,2,1.8,396350,4,0,1,1,0,1,12
45733572,42369,765,4,748,2015,9,1,5,2,60304,4,0,1,1,0,1,4
45732700,15681,891,4,748,2016,9,1,4,2,195432,4,0,1,1,0,12,4
45803101,31913,640,4,733,2013,4,1,1,2,80758,4,0,1,1,0,12,4
45757596,2587,830,3,141,2019,1,1,5,1.5,16666,4,0,1,1,0,1,12
45216902,19757,582.788167938931,7,643,2011,9,1,5,1.8,268800,4,0,1,1,0,1,8
45758096,12858,1363,5,516,2012,4,1,5,4.6,255406,8,0,0,1,0,1,0
45772557,4861,1324,7,535,2010,9,1,2,3.3,264877,6,0,0,1,0,14,12
45809611,57030,831,7,145,2018,3,1,5,1.5,5000,4,0,1,1,0,6,4
45809307,14009,503,7,145,2012,3,1,2,1.5,120570,4,0,1,1,0,2,4
45812658,14113,639,1,317,2014,9,1,1,2,164800,4,2,1,1,0,1,10
45803706,35269,770,4,817,2016,4,1,1,1.7,140000,4,0,1,1,0,14,4
45802073,19369,781,4,526,2012,10,1,1,2.5,205425,4,0,1,1,0,15,4
45523464,2195,1079,7,220,2018,4,1,5,2,22816,4,0,1,1,0,7,12
45778858,12544,473,1,317,2014,9,0,5,1.4,88886,4,0,1,1,0,1,0
45800821,4800,1527,6,174,1994,9,0,5,1.8,0,4,0,2,1,0,1,4
45591127,14740,474,1,317,2013,9,0,5,1.4,80000,4,0,1,1,0,12,8
45733441,48575,1017,4,748,2017,9,1,5,2,64652,4,0,1,1,0,1,4
45803219,9418,765,4,748,2015,9,1,5,2,128965,4,0,1,1,0,14,4
45805028,15367,707,4,817,2011,4,1,1,2,73326,4,0,1,1,0,12,4
45789384,7056,645,7,643,2011,3,0,2,1.8,255000,4,3,1,0,0,14,12
45793480,17249,888.488372093023,7,643,2008,3,1,2,1.5,243200,4,3,1,1,0,14,8
44896336,68994,1017,5,548,2017,9,1,5,2,35200,4,2,2,1,0,14,6
45809821,21953,1701.21052631579,6,605,2006,4,1,4,3.5,240000,6,2,0,1,0,7,12
45733727,52696,891,4,748,2016,9,1,5,2,48042,4,0,1,1,0,14,4
45806409,2901,645,7,298,2011,9,1,5,1.8,239907,4,0,1,1,0,7,12
45633666,3763,640,2,465,2013,9,1,2,2,320554,4,0,1,1,0,14,0
45805255,12544,2078,0,46,2005,9,1,5,2.5,162000,6,2,2,1,1,14,12
45784915,18817,1018,0,56,2011,9,1,5,3,70000,6,2,2,1,0,14,12
45788465,47042,1222.57819905213,6,361,2011,9,1,1,3,80000,6,2,2,1,0,1,12
45781994,15367,761,7,643,2010,9,1,2,1.8,147000,4,0,1,1,0,1,10
45779324,20665,640,2,474,2013,9,1,5,2,135000,4,2,1,1,0,12,0
42971782,16935,781,1,317,2018,9,0,5,1.4,15333,4,0,1,1,0,14,8
45815573,14426,2084,2,799,1999,6,0,1,2.5,123000,4,1,2,1,0,14,4
45759738,10349,649,7,643,2010,9,0,2,1.5,265000,4,0,1,1,0,5,12
45788787,19757,810,4,387,2016,9,0,5,1.8,113600,4,2,1,2,0,7,6
45550870,12858,888.488372093023,7,643,2007,3,0,2,1.5,176000,4,0,1,1,0,1,4
45802910,44711,891,4,733,2016,4,1,1,2,146492,4,0,1,1,0,1,4
45621121,50178,666,6,345,2014,9,1,5,2.1,94000,4,2,0,1,0,1,10
45766619,30734,2151,5,517,2009,4,1,5,2,264339,8,0,0,1,0,1,0
45759230,862,2455,5,517,2008,4,1,5,2,280354,8,0,0,1,0,14,0
45780243,10349,584,7,568,2003,9,0,5,1.3,157000,4,0,1,1,1,1,6
45629200,2666,382,2,465,2015,9,1,2,2,100747,4,0,1,1,0,6,0
45793331,13172,551,1,768,2017,9,1,5,1,33118,4,0,1,1,0,14,4
45661237,13328,1399,5,701,2010,4,1,2,3.5,186005,6,0,0,1,0,12,12
45750626,5331,900,3,312,2015,4,1,5,2.4,80288,4,0,0,1,0,3,12
45802053,19610,836,4,522,2010,1,1,5,2,104022,4,0,1,1,0,14,4
45792209,15053,900,4,748,2015,9,0,5,2.4,0,4,0,1,1,0,12,0
45482027,21326,586,5,258,2012,3,1,2,1.8,98000,4,0,1,1,0,4,10
40585671,80,792.627815866797,4,748,2013,9,0,5,2.4,83000,4,2,1,1,0,12,8
45714920,14740,1091,2,465,2016,9,0,5,2.5,41000,4,2,1,1,0,7,12
45797140,41387,1091,4,526,2016,7,1,1,2.5,110189,4,0,1,1,0,12,4
45650081,251,607,7,268,2019,9,1,2,2.5,39552,4,0,1,1,0,1,12
45527158,7840,1090.33333333333,2,805,2004,2,0,1,1.8,235000,4,1,1,1,0,14,4
45764959,470,1399,6,361,2010,9,1,1,3.5,229904,6,0,0,1,0,1,12
45631351,10036,1018,0,871,2011,4,1,1,3,207694,6,0,0,1,0,1,0
45092576,15210,802.125,2,799,2010,2,0,1,2.2,285000,4,1,1,1,0,14,2
45792698,16621,582.788167938931,7,643,2011,9,0,2,1.8,284800,4,0,1,1,0,1,8
45717450,10663,888.488372093023,7,643,2008,3,1,2,1.5,212465,4,0,1,1,0,3,8
45720809,13172,1267,7,151,2013,3,1,2,1.5,130000,4,3,1,1,1,11,8
45798710,7840,1994.5,3,312,2000,4,0,5,2,213000,4,0,0,1,1,12,6
45617184,54882,940.695652173913,7,680,2016,4,0,5,2.5,188800,4,0,0,1,0,1,4
45803984,58507,930,4,817,2018,4,1,1,1.7,29709,4,0,1,1,0,1,4
45810111,53317,595,7,145,2015,3,1,5,1.5,28000,4,0,1,1,0,1,4
45619033,1646,1058,6,361,2012,9,1,1,3.5,240987,6,0,0,1,0,1,12
45754998,3293,502,7,643,2013,3,1,2,1.5,153235,4,0,1,1,0,11,12
45733567,42987,765,4,748,2015,9,1,5,2,52878,4,0,1,1,0,1,4
45641714,706,394,7,268,2014,9,1,2,2.5,115312,4,0,1,1,0,7,12
42142140,17876,586,7,665,2012,3,1,2,1.8,14136,4,0,1,1,0,7,8
45808760,24462,690,1,620,2016,9,0,5,1.5,73450,4,2,1,1,0,14,12
45649819,251,607,7,268,2019,9,1,2,2.5,39552,4,0,1,1,0,1,12
45756978,9722,1599.33333333333,3,425,2006,3,0,5,1.5,185000,4,1,1,1,1,14,2
45797545,20266,531,4,387,2012,9,1,5,1.6,160156,4,0,1,1,0,14,4
45732822,10036,891,4,748,2016,9,1,4,2,520461,4,0,1,1,0,8,4
45784851,8467,1090.33333333333,2,805,2003,2,0,1,1.8,230000,4,1,1,0,0,14,4
45765910,10192,1079,0,0,2018,9,1,5,2,38282,4,0,0,1,0,14,12
45806500,7213,779,7,268,2013,9,1,2,2.5,131400,4,0,1,1,0,2,12
45803699,33243,770,4,817,2016,4,1,1,1.7,110000,4,0,1,1,0,7,4
45714352,31831,1803.84615384615,5,696,2008,4,1,2,3.3,175000,6,0,0,1,0,1,12
45809632,56509,1079,3,293,2018,9,1,5,2,17741,4,0,1,1,0,1,4
45769264,282,2455,5,517,2008,4,1,5,2,218126,8,0,0,1,0,1,0
45810201,17923,642,1,620,2012,9,1,5,2,124590,4,0,1,1,0,1,4
45808456,8938,642,2,214,2012,3,0,2,2,144000,4,0,1,1,0,7,6
44571717,29793,966.724137931034,0,94,2010,9,1,5,3,179554,6,2,2,1,0,7,6
45647833,3450,607,7,268,2019,9,1,2,2.5,9626,4,0,1,1,0,1,12
45816627,6586,875,7,640,2008,3,0,5,1,112000,3,0,1,1,1,15,4
45808805,10349,1690.85714285714,6,769,2000,6,0,5,3.2,100000,6,1,2,1,0,14,1
45771962,10663,1681,0,35,2001,1,0,1,2,142000,4,1,2,0,0,2,4
44104417,15210,749.991967871486,7,145,2014,3,0,2,1.5,139000,4,3,1,1,1,14,2
45396266,46101,394,5,379,2014,9,1,2,2.5,77000,4,0,1,1,0,7,12
45203976,14113,1533.25,2,799,2000,2,0,1,2.5,190000,4,1,2,1,0,14,6
45016325,9722,639,2,452,2014,9,0,5,2,105000,4,0,1,1,0,7,6
45803416,9252,765,4,748,2015,9,1,4,2,128965,4,0,1,1,0,8,4
45789745,10036,1338.90845620294,0,39,2002,9,0,1,2,280000,4,1,2,1,0,1,8
45772454,10976,939.882352941176,7,849,2005,3,0,5,1.5,121000,4,1,1,1,1,12,2
45791947,17249,1994.5,3,312,2005,4,0,5,2.4,118000,4,0,0,1,0,12,6
45656054,34811,690,5,701,2016,4,1,2,3.5,0,6,0,1,1,0,7,12
45772579,470,1017,6,355,2017,9,1,5,2,35874,4,0,0,1,0,1,12
45799874,8467,1338.90845620294,0,34,2002,1,1,5,1.8,95000,4,1,2,0,0,1,4
45802978,25810,642,4,733,2012,4,1,1,2,196764,4,0,1,1,0,1,4
45809423,5175,584,7,298,2014,9,1,5,1.8,196010,4,0,1,1,0,12,12
45648256,3136,781,7,268,2012,9,1,2,2.5,159379,4,0,1,1,0,14,12
45504123,15053,658,3,560,2009,9,0,4,1.3,173102,4,2,1,1,0,14,8
45802769,40471,891,4,733,2016,4,1,1,2,142000,4,0,1,1,0,14,4
45732684,9418,765,4,748,2015,9,1,4,2,42875,4,0,1,1,0,14,4
45774722,36065,1172,0,891,2011,4,1,5,3.5,208000,6,2,0,1,0,1,12
45804919,31361,1018,0,871,2011,4,1,1,3,192382,6,0,0,1,0,12,0
45803414,9252,765,4,748,2015,9,1,4,2,377240,4,0,1,1,0,8,4
45803182,10036,639,4,748,2014,9,1,4,2,430076,4,0,1,1,0,12,4
45503321,14269,1026.00733117836,3,444,2009,3,0,5,1.5,198000,4,0,1,1,0,2,0
45596573,19601,777,7,274,2014,9,1,5,2.5,91468,4,0,1,1,0,14,8
45755554,4704,784,2,465,2017,9,1,5,1.5,74603,4,0,1,1,0,1,12
45796370,17876,831,3,312,2011,4,0,5,2.4,120000,4,2,0,1,0,7,8
45809676,16766,584,1,317,2014,9,1,5,1.8,78296,4,0,1,1,0,1,4
45721257,30,1599.33333333333,3,425,2006,3,0,5,1.3,0,4,0,1,1,1,12,4
43865619,30734,757.14552238806,7,268,2013,9,1,2,2.5,65000,4,0,1,1,0,1,12
45768920,5018,1624,6,361,2009,9,1,1,3.5,109139,6,0,2,1,0,1,12
45732613,54458,891,4,733,2016,4,1,1,2,105645,4,0,1,1,0,14,4
45695491,23521,585,7,665,2013,7,1,2,1.8,212000,4,3,1,1,0,14,10
45766531,39829,1323,7,268,2020,9,1,5,2.5,4130,4,0,1,1,0,14,12
45769279,9408,1026.00733117836,3,788,2004,7,0,5,2,330000,4,0,1,0,1,14,2
45764772,11290,2377,7,822,2016,4,1,5,2,54875,8,0,2,1,0,7,12
44916663,17249,625.709923664122,1,317,2014,9,0,5,1.4,170000,4,1,1,1,0,14,10
45789454,15053,749.991967871486,7,145,2013,3,0,2,1.5,186000,4,0,1,1,1,12,0
45811101,5959,645,5,258,2011,3,1,2,1.8,122302,4,0,1,1,0,1,0
45649019,5488,394,7,268,2014,9,1,2,2.5,109798,4,0,1,1,0,14,12
45798052,11274,687,4,387,2010,9,1,5,1.6,198425,4,0,1,1,0,12,4
45729643,28532,730,4,387,2016,9,1,5,1.6,94401,4,0,1,1,0,14,4
45800528,10976,888.488372093023,7,643,2008,9,1,2,1.5,241885,4,0,1,1,0,14,6
45647961,94,1058,6,605,2012,4,1,1,3.5,224118,6,0,0,1,0,14,12
45809896,12607,503,7,145,2012,3,1,5,1.5,157160,4,0,1,1,0,2,4
45740308,9095,1994.5,3,312,2002,4,1,0,2,187000,4,1,0,1,1,12,8
45815368,6899,1026.00733117836,3,790,2004,7,0,5,1.7,0,4,0,1,1,1,12,4
45781369,36065,694,2,799,2014,6,0,1,2.2,142256,4,1,2,1,0,14,2
45810943,392,697,1,317,2015,9,1,5,1.8,187862,4,0,1,1,0,1,12
45732742,10036,639,4,748,2014,9,1,4,2,325829,4,0,1,1,0,12,4
45813251,549,1249,7,268,2017,9,1,5,2.5,60666,4,0,1,1,0,7,12
45797449,10986,1047,4,387,2007,9,1,5,1.6,129080,4,0,1,1,0,12,4
45770134,39829,1811,5,516,2010,4,1,5,4.6,155821,8,0,0,1,0,1,0
45647925,392,779,7,268,2013,9,1,2,2.5,232032,4,0,1,1,0,12,12
45808475,3920,749,1,407,2014,4,1,5,2.4,179995,4,0,0,1,0,2,12
45813761,9879,463,7,643,2018,9,1,2,1.8,0,4,0,1,1,0,1,12
45761280,15681,584,7,568,2011,3,0,5,1.8,99000,4,0,1,1,0,14,0
45731484,29087,777,4,526,2014,7,1,1,2.5,152000,4,0,1,1,0,1,4
45766389,3607,862,2,409,2011,4,1,2,2.5,168966,4,0,0,1,0,14,0
45648484,10349,915,0,871,2014,4,1,1,3,0,6,0,0,1,0,1,0
45759857,31988,1935,5,516,2016,4,1,5,4.6,155976,8,0,0,1,0,14,0
45619055,188,1053,6,361,2014,9,1,1,3.5,153115,6,0,0,1,0,1,12
44916461,14069,1646,5,516,2015,4,1,5,4.6,44808,8,2,0,1,0,12,10
45730598,19974,531,4,387,2012,9,1,5,1.6,144757,4,0,1,1,0,7,4
45790461,15681,586,4,387,2012,9,0,5,1.8,111104,4,0,1,1,0,12,0
45798476,3000,1429.8433516297,6,341,1997,9,0,5,2.2,111111,4,1,2,1,0,7,0
45741747,14113,475,1,317,2012,9,0,5,1.4,156800,4,0,1,1,0,11,8
45801936,18776,629,4,387,2015,9,1,1,1.6,51895,4,0,1,1,0,12,4
45640542,4861,333,2,465,2014,9,1,2,2,124493,4,0,1,1,0,14,0
45758239,6272,1360,5,517,2013,4,1,5,4.6,202651,8,0,0,1,0,1,0
45038100,14069,1500.5,7,583,2018,4,1,1,3,59826,4,0,0,1,0,1,12
45801660,19121,583,4,387,2011,9,1,5,1.6,132742,4,0,1,1,0,12,4
45771272,12544,345,7,643,2016,9,1,2,1.5,296104,4,0,1,1,0,1,12
42108488,300,1211,6,485,2008,4,1,1,3,200000,6,0,0,1,0,1,8
45786924,7213,1515,2,797,2005,10,0,1,1.8,0,8,1,1,1,0,14,4
45807639,13799,490,3,560,2011,9,0,2,1.3,144000,4,2,1,1,0,2,10
45458397,21953,353,7,643,2015,3,1,2,1.8,57000,4,3,1,1,0,1,9
45813216,188,1249,7,268,2017,9,1,5,2.5,3854,4,0,1,1,0,1,12
45787846,18503,1505,7,643,2012,9,0,2,1.8,176000,4,0,1,1,1,12,10
45768085,627,1750,7,535,2008,9,1,2,3.3,277405,6,0,0,1,0,7,12
45758474,1333,831,4,748,2011,9,1,2,2.4,142741,4,0,1,1,0,12,0
45803558,12544,765,4,748,2015,9,1,4,2,128965,4,0,1,1,0,8,4
45394473,45473,798.780396435111,4,906,2018,4,0,5,2,1300,4,2,1,1,0,14,8
44063560,13000,2056,5,549,2012,9,1,5,2.5,43000,4,0,1,1,1,1,6
45465142,9722,1079,7,220,2018,4,1,5,2,38712,4,0,1,1,0,14,12
45799559,17249,720.051834985287,1,323,2011,9,1,1,2,126000,4,2,1,1,0,14,6
45806594,627,1203,1,620,2011,9,1,5,3.6,231222,6,0,1,1,0,14,12
45516363,14113,582.788167938931,7,643,2011,9,0,2,1.8,0,4,0,1,1,0,11,12
45787315,13015,585,4,387,2013,9,0,5,1.8,78024,4,2,1,1,0,7,6
45763224,627,503,3,293,2012,9,1,2,1.5,272189,4,0,1,1,0,12,0
45813505,470,1211,0,57,2010,1,1,5,3,0,6,0,2,0,0,14,12
45714995,18503,792.627815866797,4,748,2011,9,1,4,2,89000,4,0,1,1,0,12,12
45803258,10036,639,4,748,2014,9,1,4,2,128965,4,0,1,1,0,12,4
45625167,3607,781,7,268,2012,9,1,2,2.5,156518,4,0,1,1,0,14,12
45801722,18531,583,4,387,2011,9,1,5,1.6,89323,4,0,1,1,0,12,4
43496113,45473,1690.85714285714,6,769,2008,6,1,1,2.3,12000,4,1,2,0,0,14,2
45730788,18503,730,4,387,2016,9,1,4,1.6,31006,4,0,1,1,0,14,4
44214266,45473,1325,7,268,2019,9,1,5,2.5,17300,4,2,1,1,0,1,12
45790978,26657,751,4,748,2013,9,1,5,2.4,127355,4,0,1,1,0,1,0
45772397,4547,1017,4,387,2017,9,1,5,2,115974,4,0,1,1,0,14,12
45803446,11290,891,4,748,2016,9,1,4,2,363661,4,0,1,1,0,12,4
45652447,14113,503,7,651,2012,3,0,2,1.5,206000,4,3,1,1,0,14,4
45772506,14740,1429.8433516297,6,241,2004,1,1,5,3.2,226000,6,2,2,0,0,1,10
45634652,14113,584,4,387,2014,9,0,5,1.8,176000,4,0,1,1,0,5,6
45792898,12541,729,1,317,2016,9,1,1,1.6,32986,4,0,1,1,0,12,4
45816062,29166,798.697674418605,0,50,2014,9,1,5,2,23302,4,2,2,1,0,14,4
45807258,11604,1338.90845620294,0,122,2002,9,1,1,3,300000,8,0,2,1,0,12,8
45588919,10506,645,7,556,2007,7,1,0,2,0,4,2,1,1,1,1,4
45810251,36379,757.14552238806,7,268,2016,9,1,5,2.5,38400,4,2,1,1,0,1,6
45775907,14113,1496.78125,6,174,2000,9,1,5,1.8,65865,4,1,2,1,0,7,6
45798501,37633,1269,0,891,2009,4,1,5,2,85000,8,2,0,1,0,1,12
45796982,26196,1024,4,526,2010,7,1,1,2.5,45780,4,0,1,1,0,1,4
45478561,18503,529.21686746988,3,560,2014,3,0,2,1.3,77000,4,0,1,1,0,14,8
45793185,5802,460,1,626,2010,9,1,5,1,130089,4,0,1,1,0,1,4
44901102,36065,891,0,50,2016,9,1,5,2,32000,4,0,2,1,0,1,10
45657140,65858,1356,6,722,2014,9,1,5,4.6,65000,8,2,0,2,0,1,10
45651099,5488,394,7,268,2014,9,1,2,2.5,109798,4,0,1,1,0,14,12
45816011,11133,1079,4,387,2018,9,1,5,2,40122,4,0,1,1,0,7,12
45793073,7066,876,1,317,2009,9,1,5,1.8,67293,4,0,1,1,0,14,4
45810074,66482,784,3,293,2017,1,1,5,1.5,16639,4,0,1,1,0,11,4
45732561,10976,911,4,733,2010,4,1,1,2.2,91393,4,0,1,1,0,12,4
45803152,10036,639,4,748,2014,9,1,4,2,374141,4,0,1,1,0,12,4
45811206,15681,598.5,4,827,2011,3,0,5,1.6,72000,4,2,1,0,0,8,12
45776291,90,792.627815866797,4,748,2013,9,0,5,2.4,100800,4,0,1,1,0,1,8
45769111,6586,1190,7,792,2014,9,1,5,4,0,6,0,2,1,0,12,12
45796571,8154,1429.8433516297,6,341,1998,9,1,0,2.3,200000,4,0,2,1,0,6,4
45687865,19444,582.788167938931,7,643,2010,3,1,2,1.8,197000,4,0,1,1,0,2,6
44032050,15053,749.991967871486,7,145,2012,3,0,2,1.5,161000,4,0,1,1,1,2,2
45507365,11000,888.488372093023,7,643,2008,3,0,2,1.5,182000,2,0,1,1,0,3,6
45644941,549,1750,7,535,2008,4,1,2,3.3,269013,6,0,0,1,0,1,12
45797425,24932,1024,4,526,2010,7,1,1,2.5,84669,4,0,1,1,0,12,4
45802865,48697,765,4,733,2015,4,1,1,2,155797,4,0,1,1,0,14,4
36559154,19726,1429.8433516297,6,779,2002,2,0,1,2.2,280000,4,1,2,0,0,14,2
45815225,470,1172,7,740,2011,7,1,5,3.5,347667,6,0,1,1,0,1,12
45773628,28225,779,7,680,2013,4,1,5,2.5,59000,6,0,0,1,0,1,0
44385328,50,888.488372093023,7,643,2008,9,0,2,1.5,180000,4,0,1,1,0,7,4
45539065,17562,308,7,651,2015,9,0,2,1.5,88000,4,0,1,1,0,14,10
45751934,470,751,4,748,2013,9,1,5,2.4,0,4,0,1,1,0,1,12
45802308,42764,1091,4,526,2016,10,1,1,2.5,110969,4,0,1,1,0,1,4
45811038,627,780,1,317,2019,9,1,5,1.4,16042,4,0,1,1,0,1,12
45779744,7840,862,6,374,2002,9,1,0,2,315000,8,2,2,1,0,2,10
45810590,16778,765,1,639,2015,4,1,4,2,33333,4,0,1,1,0,7,4
45656389,10192,585,7,643,2013,3,1,2,1.8,492642,4,0,1,1,0,12,12
45804260,24709,836,4,817,2010,4,1,1,2,151591,4,0,1,1,0,14,4
45644968,784,448,3,560,2012,3,1,2,1.3,321269,4,0,1,1,0,11,0
45635244,784,394,7,268,2014,9,1,2,2.5,102397,4,0,1,1,0,1,12
45709486,5645,1104,0,881,2005,4,1,5,4.4,1000,8,2,0,1,0,1,12
45768532,39829,1811,5,516,2010,4,1,5,4.6,155821,8,0,0,1,0,1,0
45810978,392,456,5,381,2015,9,1,2,2.5,267264,4,0,1,1,0,7,12
45757249,9565,2410,1,264,2010,1,1,5,2,217786,8,0,2,0,0,2,12
45667236,17405,749.991967871486,7,145,2012,3,0,5,1.5,148000,4,0,1,1,1,1,2
44863934,21953,1620,6,769,2006,6,0,1,2.2,100000,4,1,2,1,0,14,4
45811575,54255,1848,6,724,2010,9,1,5,2,128965,6,2,2,1,0,1,12
37374797,16621,1429.8433516297,6,246,2004,9,1,5,3.5,211288,6,2,2,1,0,1,6
45792712,45473,970.867153989687,2,803,2007,6,0,1,2.4,290000,4,1,2,1,0,14,1
45742210,31047,1078.53623188406,6,605,2010,4,1,1,3,124000,6,2,0,1,0,7,10
45487809,49864,833,6,837,2015,7,0,1,2.2,330000,4,1,2,0,0,1,6
45667982,20385,333,2,465,2014,9,0,2,2,180800,4,0,1,1,0,14,8
45646536,6429,1104,0,68,2015,1,1,5,3,73362,6,0,0,0,0,1,12
45786851,15677,612.4,2,448,2016,9,0,5,1.6,74800,4,0,1,1,0,12,8
45660246,13956,603,5,701,2015,4,1,2,3.5,143619,6,0,0,1,0,1,12
45812808,470,1249,7,268,2017,9,1,5,2.5,20877,4,0,1,1,0,1,12
45797061,21012,640,2,465,2013,9,1,5,2,137000,4,2,1,1,0,7,12
45816164,251,749,4,748,2014,9,1,5,2.4,140885,4,0,1,1,0,12,12
45809972,54048,382,7,145,2017,10,1,2,1.5,9027,4,0,1,1,0,2,4
45813880,470,1017,2,465,2017,9,1,5,2,158344,4,0,0,1,0,12,12
43073652,14069,1429.8433516297,6,481,2013,4,1,1,3,94000,6,0,0,1,0,1,6
44615609,13485,1338.90845620294,0,78,2003,9,1,5,2.5,128965,6,1,2,1,0,12,10
45765804,2500,1848,6,335,1993,1,0,5,2.2,450000,4,1,2,0,0,12,2
45759860,2430,2151,5,517,2009,4,1,5,2,264339,8,0,0,1,0,1,0
45792640,15053,888.488372093023,7,643,2008,3,0,2,1.5,142000,4,3,1,1,0,0,4
45766326,314,834,7,792,2013,4,1,5,2.7,158870,4,0,2,1,0,14,12
45768300,314,645,7,643,2011,4,1,2,1.8,326325,4,0,1,1,0,12,12
45755093,314,382,2,465,2015,9,1,2,2,367720,4,0,1,1,0,14,12
45809357,38822,382,3,425,2017,10,1,2,1.5,3474,4,0,1,1,0,2,4
45653480,31,490,3,560,2011,3,1,2,1.3,198891,4,0,1,1,0,7,0
45801440,9408,531,4,138,2012,3,1,1,1.6,60480,4,0,1,1,0,14,4
45808887,75160,1156,2,421,2017,4,1,5,2.3,66901,4,0,1,1,0,2,4
45816349,6,595,7,651,2015,3,1,5,1.5,104000,4,0,1,1,0,7,12
45683077,15053,584,4,387,2014,9,0,5,1.8,128965,4,2,1,1,0,12,6
45816384,49237,730,4,817,2016,4,1,5,1.6,27000,4,2,0,1,0,14,12
45815195,392,1327,7,680,2018,4,1,5,2.5,20267,4,0,1,1,0,7,12
45711028,16621,761,7,643,2010,3,0,2,1.8,150000,4,0,1,1,0,1,12
45815488,941,586,5,258,2012,3,1,2,1.8,108499,4,0,1,1,0,14,12
45642353,706,394,7,268,2014,9,1,2,2.5,115312,4,0,1,1,0,7,12
45649077,39201,1714,6,502,2017,4,1,5,3.5,95541,6,0,2,1,0,1,0
45810316,21410,642,1,620,2012,9,1,5,2,131082,4,0,1,1,0,12,4
45768671,14069,690,5,701,2016,4,1,2,3.5,55000,6,2,0,1,0,1,12
45809466,41867,382,3,425,2017,10,1,2,1.5,29220,4,0,1,1,0,1,4
45733460,44608,891,4,748,2016,9,1,5,2,63687,4,0,1,1,0,7,4
45801903,37066,880,4,387,2018,9,1,5,1.6,20388,4,0,1,1,0,14,4
45803264,7683,642,4,748,2012,9,1,4,2,91416,4,0,1,1,0,12,4
45768918,21953,582.788167938931,7,643,2012,3,0,2,1.8,68000,4,2,1,1,0,12,12
45806569,1803,502,7,643,2013,3,1,2,1.5,197854,4,0,1,1,0,1,12
45781966,26657,757.14552238806,7,268,2012,9,1,5,2.5,166400,4,2,1,1,0,7,8
45795610,11917,658,3,560,2009,3,0,5,1.3,138684,4,3,1,1,0,12,6
45682397,34184,765,6,227,2015,1,1,5,2,43000,5,2,0,1,0,11,10
45809290,5758,447,3,425,2013,3,1,2,1.3,116581,4,0,1,1,0,12,4
45721171,4547,490,3,560,2011,3,0,2,1.3,150000,4,0,1,1,0,4,10
45798615,11149,872.02838865217,7,569,2002,3,0,5,1.5,111111,4,0,1,1,1,1,2
45757300,11133,1714,7,740,2017,9,1,5,3.5,109981,6,0,1,1,0,12,12
45732678,9418,765,4,748,2015,9,1,4,2,43514,4,0,1,1,0,14,4
45803215,10976,765,4,748,2015,9,1,4,2,128965,4,0,1,1,0,14,4
45781844,22894,582.788167938931,7,643,2013,3,0,2,1.8,63186,4,3,1,1,0,14,12
45803441,10515,639,4,748,2014,9,1,4,2,60850,4,0,1,1,0,12,4
45186186,14113,1024,2,465,2010,9,0,2,2.5,68200,4,0,1,1,0,1,12
45802250,35902,777,4,526,2014,7,1,1,2.5,169109,4,0,1,1,0,15,4
45694917,14115,741.884259259259,3,425,2010,3,0,5,1.3,147857,4,0,1,1,1,2,4
45788238,5331,872.02838865217,7,533,1998,4,0,5,3,220000,6,0,1,1,1,1,4
45733604,73620,1079,4,748,2018,9,1,5,2,51106,4,0,1,1,0,14,4
44857484,26657,1266.6,2,630,2010,1,0,5,3.7,160000,6,0,2,0,0,1,12
45797813,15210,1347,4,526,2008,7,1,1,2.5,65625,4,0,1,1,0,12,4
45783332,43592,1338.90845620294,0,895,2009,9,1,5,3,170000,6,2,0,1,0,1,12
45769457,314,753,4,817,2012,4,1,5,2.4,177080,4,0,1,1,0,12,0
45812745,549,1363,6,252,2012,9,1,5,4.6,0,8,0,0,1,0,1,12
45758138,50,888.488372093023,7,643,2008,3,1,2,1.5,185471,4,0,1,1,0,12,8
45796525,21953,779,7,283,2013,9,1,5,2.5,115123,4,2,1,1,0,1,12
45816606,29793,1077,4,387,2019,9,1,5,2,33693,4,0,1,1,0,12,12
45661430,941,1058,5,701,2012,4,1,2,3.5,232357,6,0,0,1,0,1,12
45755014,2352,353,7,643,2015,3,1,2,1.8,236898,4,0,1,1,0,14,12
45803405,6899,642,4,748,2012,9,1,4,2,85471,4,0,1,1,0,12,4
45766902,20385,781,7,268,2012,9,0,2,2.5,120000,4,0,1,1,0,4,6
45765564,4861,924,7,298,2017,9,1,5,1.8,22989,4,0,1,1,0,12,12
45793210,5927,789,1,317,2009,9,1,5,1.6,53434,4,0,1,1,0,1,4
44764589,27911,2959,7,738,2008,4,1,5,2,244800,8,2,1,1,0,1,9
45523752,5488,1077,7,220,2019,4,1,5,2,78424,4,0,1,1,0,11,12
45758845,12544,761,7,643,2010,3,0,2,1.8,124568,4,3,1,1,0,14,9
45465127,188,1077,7,220,2019,4,1,5,2,10003,4,0,1,1,0,2,12
45810944,9408,862,7,566,2004,7,0,5,2.4,195000,4,0,1,1,1,1,0
45811803,10820,585,7,643,2013,3,0,2,1.8,281600,4,3,1,1,0,2,8
45798224,34406,880,4,387,2018,9,1,5,1.6,36470,4,0,1,1,0,7,4
45758157,188,1185,2,409,2009,4,1,2,2.5,196682,4,0,1,1,0,1,0
45804759,35140,891,4,817,2016,4,1,1,2,125230,4,0,1,1,0,1,4
45807513,392,697,7,298,2015,9,1,5,1.8,133408,4,0,1,1,0,1,12
45809911,22502,503,7,145,2012,3,1,5,1.5,28000,4,0,1,1,0,12,4
45816007,4234,640,4,748,2013,9,1,5,2,232982,4,0,1,1,0,7,12
45785310,40769,940.695652173913,7,680,2015,4,0,5,2.5,60800,4,2,0,1,0,7,8
45788844,47042,518,7,680,2016,4,0,2,2.5,30402,4,3,0,1,0,2,6
45809013,50767,1172,2,421,2011,4,1,5,3.5,100741,4,0,1,1,0,1,4
45802121,15649,1024,4,526,2010,7,1,1,2.5,45252,4,0,1,1,0,14,4
45763311,2901,777,2,465,2014,9,1,5,2.5,182963,4,0,1,1,0,1,12
43933108,30107,798.780396435111,4,557,2011,4,0,5,2,52000,4,0,0,1,0,1,6
45324859,14069,1269,0,891,2015,4,1,1,3.5,150000,6,2,0,2,0,1,12
45648333,9722,1994.5,3,312,2002,4,0,5,2,168000,4,1,0,1,1,6,4
44019921,16935,673.483990147783,4,387,2012,9,0,5,1.8,108000,4,0,2,1,0,12,8
45689123,50,888.488372093023,7,643,2008,9,1,2,1.5,150000,4,0,1,1,0,1,12
45414687,16621,612.4,2,448,2015,9,0,5,1.6,56199,4,0,1,1,0,11,12
45645617,314,779,7,268,2013,9,1,2,2.5,225510,4,0,1,1,0,14,12
45730868,18124,707,4,522,2011,1,1,5,2,160000,4,0,1,1,0,1,4
45592197,51746,1327,7,268,2018,9,1,5,2.5,17000,6,0,1,1,0,1,12
45641362,3763,779,7,268,2013,9,1,2,2.5,124912,4,0,1,1,0,14,12
45803291,14740,765,4,748,2015,9,1,4,2,50534,4,0,1,1,0,12,4
45730717,16621,629,4,387,2015,9,1,5,1.6,135378,4,0,1,1,0,14,4
45810452,20846,730,1,639,2016,4,1,1,1.6,148101,4,0,1,1,0,7,4
45781503,3763,832.188679245283,2,409,2003,4,0,5,3,0,6,0,1,1,0,7,0
45803161,12143,642,4,748,2012,9,1,4,2,255800,4,0,1,1,0,12,4
45815361,14113,749.991967871486,7,145,2013,3,0,2,1.5,100000,4,3,1,1,1,14,6
45717975,17249,761,7,643,2010,9,0,2,1.8,165000,4,0,1,1,0,1,12
45644990,706,490,3,560,2011,3,1,2,1.3,288704,4,0,1,1,0,14,0
45730655,30740,831,4,387,2017,9,1,5,1.6,88400,4,0,1,1,0,14,4
45732772,15132,836,4,748,2010,9,1,5,2,179307,4,0,1,1,0,12,4
45772623,9565,1058,7,535,2012,4,1,5,3.5,285186,6,0,1,1,0,7,12
45813508,3136,891,0,50,2016,9,1,5,2,51930,4,0,2,1,0,1,12
45809727,9832,645,1,317,2011,9,1,5,1.8,170872,4,0,1,1,0,7,4
45804617,52696,831,4,817,2017,4,1,5,1.6,44844,4,0,1,1,0,1,4
45768950,314,1172,6,361,2011,9,1,1,3.5,132630,6,0,2,1,0,12,12
45733592,67404,1079,4,748,2018,9,1,5,2,40808,4,0,1,1,0,1,4
44096646,28225,2858,6,495,2008,4,1,5,2,134000,8,2,0,1,0,1,12
45798348,29479,584,6,191,2014,9,1,5,1.8,85000,4,0,2,1,0,12,8
45765334,1882,1053,6,361,2014,9,1,1,3.5,146395,6,0,2,1,0,7,12
45798552,36065,397,7,643,2016,9,1,2,1.8,158000,4,0,1,1,0,7,12
45794333,23521,781,7,268,2012,9,1,5,2.5,91000,4,0,1,1,0,1,10
45635258,3763,779,7,268,2013,9,1,2,2.5,124912,4,0,1,1,0,14,12
45766779,2274,761,7,643,2010,3,1,2,1.8,288891,4,0,1,1,0,7,12
45647995,2038,1172,6,605,2011,4,1,1,3.5,186542,6,0,0,1,0,14,12
45661931,13328,1399,5,701,2010,4,1,2,3.5,186005,6,0,0,1,0,12,12
45809718,74796,830,3,293,2019,3,1,5,1.5,12000,4,0,1,1,0,1,4
44788383,16151,781,1,321,2018,9,0,5,1.4,33548,4,0,1,1,0,12,8
45804076,45210,877,4,817,2017,4,1,1,1.7,16431,4,0,1,1,0,14,4
45810462,14294,642,1,639,2012,4,1,1,2,258076,4,0,1,1,0,14,4
45801521,14166,531,4,387,2012,9,1,5,1.6,170713,4,0,1,1,0,14,4
45814381,9408,790,2,452,2009,2,0,1,1.6,230000,6,1,1,1,0,2,0
45633609,157,640,2,465,2013,9,1,2,2,339920,4,0,1,1,0,14,0
45648214,784,394,7,268,2014,9,1,2,2.5,102397,4,0,1,1,0,1,12
45733439,48873,891,4,748,2016,9,1,5,2,33555,4,0,1,1,0,7,4
45755087,470,781,2,465,2012,9,1,2,2.5,146758,4,0,1,1,0,1,12
45538177,10976,1387.22222222222,3,638,2006,7,1,4,3.5,280000,6,0,1,1,0,7,14
45656396,9252,761,7,643,2010,3,1,2,1.8,98768,4,0,1,1,0,14,12
45791284,17249,629,4,138,2015,9,0,5,1.6,144000,4,0,1,2,0,7,0
45806436,20385,779,7,268,2013,9,0,5,2.5,22400,5,2,1,1,0,14,8
45294959,12231,741.884259259259,3,425,2012,3,0,2,1.3,147000,4,0,1,1,1,12,8
45110033,24462,587.148148148148,6,191,2012,9,1,5,1.8,105000,4,0,2,1,0,13,12
45784789,19757,455.705882352941,7,651,2012,9,1,2,1.5,83200,4,0,1,1,0,7,8
45772889,314,1053,6,361,2014,9,1,1,3.5,149486,6,0,0,1,0,12,12
45769865,470,761,7,643,2010,4,1,2,1.8,408997,4,0,1,1,0,14,12
45525329,627,1077,7,220,2019,4,1,5,2,24339,4,0,1,1,0,2,12
45732676,13589,836,4,748,2010,9,1,5,2,82764,4,0,1,1,0,1,4
45701145,900,2084,2,799,1998,6,0,1,2.5,1234,4,1,2,1,0,14,2
45785882,24462,792.627815866797,4,748,2014,9,1,2,2.4,104000,4,2,1,1,0,12,6
44531804,53941,891,6,498,2016,4,1,5,2,87091,4,2,1,1,0,7,10
45757318,706,1646,5,516,2015,4,1,5,4.6,102907,8,0,0,1,0,1,0
45757015,470,2225,5,516,2017,4,1,5,4.6,69918,8,0,0,1,0,14,0
45804766,34905,891,4,817,2016,4,1,1,2,108782,4,0,1,1,0,12,4
45789510,11917,1338.90845620294,0,47,2004,0,1,5,2.5,174000,6,2,2,0,0,12,6
42515033,40,1599.33333333333,3,425,2003,3,0,5,1.5,15000,4,3,0,1,1,12,4
45764546,314,2410,6,361,2010,9,1,1,2,274771,8,0,2,1,0,14,12
45797415,11290,583,4,547,2011,3,1,1,1.6,51859,4,0,1,1,0,12,4
41724743,50,749.991967871486,7,145,2014,9,0,2,1.5,100000,4,0,2,1,1,1,0
45811999,15681,2177,0,57,2006,1,1,5,3,46656,6,2,2,0,0,4,10
45802166,30750,777,4,526,2014,7,1,1,2.5,146216,4,0,1,1,0,12,4
45798205,12140,1047,4,387,2007,9,1,5,1.6,176869,4,0,1,1,0,12,4
45788542,3700,722,6,746,2005,3,0,5,1.5,100000,4,0,1,1,1,14,5
45780222,44533,1101.54054054054,7,220,2017,4,0,5,2,56000,8,2,1,1,0,2,0
45790559,6272,1429.8433516297,6,136,2005,9,1,5,1.9,122000,4,2,1,1,0,6,4
35818882,20698,1055,6,361,2013,1,1,5,3.5,66500,6,0,2,0,0,4,12
45645638,784,394,7,268,2014,9,1,2,2.5,102397,4,0,1,1,0,1,12
45812762,8154,777,7,268,2014,9,1,5,2.5,53310,4,0,1,1,0,1,12
45768511,14069,1935,5,516,2016,4,1,5,4.6,155976,8,0,0,1,0,14,0
45550809,24462,838.669960474308,4,733,2010,9,0,5,2.4,170000,4,2,1,1,0,12,10
45759761,7527,1848,6,335,1996,9,0,1,2.2,380000,4,1,2,1,0,6,4
43009722,19444,697,7,304,2015,9,0,5,1.8,68221,4,0,1,1,0,14,6
45815359,47,1493,5,694,2016,4,1,5,3.5,65981,6,0,1,1,0,1,12
45757205,7683,765,0,65,2015,9,1,5,2,0,4,0,2,1,0,14,12
45649208,1098,394,7,268,2014,9,1,2,2.5,398069,4,0,1,1,0,1,12
45797677,20005,583,4,387,2011,9,1,5,1.6,115934,4,0,1,1,0,1,4
45810154,10381,790,1,575,2009,9,1,5,1.6,132000,4,0,1,1,0,7,4
45733021,15681,891,4,748,2016,9,1,4,2,235261,4,0,1,1,0,12,4
45797311,11917,531,4,387,2012,9,1,5,1.6,130658,4,0,1,1,0,14,4
45782095,20071,1172,0,871,2011,4,1,5,3.5,176080,4,2,0,1,0,1,12
45780356,20385,582.788167938931,7,643,2014,3,1,2,1.8,49000,4,0,1,1,0,12,12
45801570,20071,730,4,387,2016,9,1,4,1.6,27477,4,0,1,1,0,7,4
45802780,13962,707,4,733,2011,4,1,1,2,240250,4,0,1,1,0,12,4
45809986,61471,784,3,293,2017,3,1,5,1.5,41018,4,0,1,1,0,14,4
45809989,17844,503,7,145,2012,3,1,5,1.5,112000,4,0,1,1,0,11,4
45782671,7527,1236,3,425,2011,9,0,2,1.3,122233,4,3,1,1,1,2,0
45617629,1098,394,7,268,2014,9,1,2,2.5,398069,4,0,1,1,0,1,12
45795868,43905,919,6,605,2012,4,1,1,3,179520,6,0,0,1,0,2,8
45768964,9408,777,2,807,2014,2,0,5,2.5,200968,4,2,1,1,0,14,4
45809589,10958,586,1,317,2012,9,1,5,1.8,156779,4,0,1,1,0,1,4
45660798,470,831,4,748,2011,4,1,2,2.4,278989,4,0,1,1,0,2,0
45804585,21181,707,4,817,2011,4,1,1,2,114000,4,0,1,1,0,7,4
45771475,39829,1811,5,516,2010,4,1,5,4.6,155821,8,0,0,1,0,1,0
45791981,15994,1994.5,3,312,2005,4,0,5,2.4,125000,4,1,0,1,0,1,6
42413033,14269,586,7,643,2012,3,0,2,1.8,233562,4,0,1,1,0,12,8
45636354,3763,640,2,465,2013,9,1,2,2,320554,4,0,1,1,0,14,0
45802242,31581,777,4,526,2014,7,1,1,2.5,96893,4,0,1,1,0,12,4
45728728,23207,582.788167938931,7,643,2013,3,0,2,1.8,72000,4,0,1,1,0,14,12
45789784,6500,1527,6,174,1996,9,0,5,1.8,230000,4,1,2,1,0,11,2
45802554,14069,1968,4,733,2019,4,1,5,3.8,21281,4,0,1,1,0,14,4
45771345,470,645,7,643,2011,9,1,2,1.8,353606,4,0,1,1,0,7,12
45811017,470,862,2,409,2011,4,1,2,2.5,109781,4,0,0,1,0,14,12
45814878,9095,1598,0,50,2002,9,0,5,2.8,128965,6,1,2,1,0,12,6
45816280,16935,1481,0,871,2017,4,1,5,3,81658,6,0,0,1,0,14,12
45731139,3136,259,1,853,2014,3,1,2,1.4,112123,4,0,1,1,0,12,12
45769268,15681,1811,5,516,2010,4,1,5,4.6,275240,8,0,0,1,0,12,0
45803962,20636,640,4,817,2013,4,1,1,2,64259,4,0,1,1,0,7,4
45803206,19914,891,4,748,2016,9,1,4,2,410884,4,0,1,1,0,14,4
45454131,21953,891,4,401,2016,9,1,5,2,17600,4,2,1,1,0,1,6
45703063,18817,1888,6,782,2007,6,0,1,3,0,6,2,2,1,0,14,6
45759835,10976,939.882352941176,7,849,2007,9,0,5,1.3,83000,4,0,1,1,1,12,4
45764427,16621,1172,6,361,2011,9,1,1,3.5,119379,6,0,0,1,0,12,12
45018783,14740,586,4,387,2012,9,1,5,1.8,87000,4,0,1,1,0,12,8
45291421,17876,872.02838865217,7,273,2007,9,0,4,2.4,167421,4,0,1,1,0,12,6
45762778,47,1017,6,498,2017,4,1,5,2,43651,4,0,1,1,0,12,0
45643238,10506,649,3,443,2010,3,0,5,1.5,164800,4,0,1,1,0,12,8
45761498,9346,761,7,643,2010,3,1,2,1.8,226000,4,0,1,1,0,2,8
45768506,7213,1172,7,740,2011,9,1,5,3.5,210538,6,0,1,1,0,14,12
45795202,25089,766.896103896104,1,289,2014,4,1,5,3,103000,6,0,0,1,0,12,6
45788701,5331,2078,0,46,1995,9,1,5,2.5,300000,6,1,2,1,0,1,9
45807304,5645,954.5,0,56,2010,1,1,5,3,178000,6,2,2,0,0,1,6
45536889,14113,650,1,321,2016,9,0,5,1.4,79000,4,2,1,1,0,14,12
45803102,51526,1017,4,733,2017,4,1,1,2,119986,4,0,1,1,0,2,4
45406414,22266,582.788167938931,7,643,2012,3,0,2,1.8,59000,4,3,1,1,0,1,12
45787922,9095,475,1,853,2012,9,1,6,1.4,107169,4,0,1,1,0,1,8
45816247,627,1308,0,891,2012,4,1,5,4.4,0,8,0,0,1,0,14,12
45760817,862,447,3,560,2013,3,1,2,1.3,143597,4,0,1,1,0,12,0
45655127,941,1055,5,701,2013,4,1,2,3.5,361603,6,0,1,1,0,1,12
45793477,5331,1288,1,289,2007,4,1,1,2,50412,4,0,1,1,0,14,4
45788475,6272,1368,3,293,1995,3,0,5,1.5,272000,4,1,1,0,0,11,2
45809210,9656,308,3,425,2015,3,1,2,1.5,152203,4,0,1,1,0,12,4
45814010,392,1058,6,605,2012,4,1,5,3.5,138766,6,0,0,1,0,12,12
45770310,1568,1493,6,361,2016,9,1,1,3.5,77205,6,0,2,1,0,7,12
45772582,392,1017,6,355,2017,9,1,5,2,1600,4,0,2,1,0,1,12
45813982,941,1053,6,361,2014,9,1,5,3.5,99562,6,0,0,1,0,1,12
45815733,14113,761,7,643,2010,9,0,2,1.8,277000,4,0,1,1,0,14,10
45789640,12544,749,4,748,2014,9,1,5,2.4,89000,4,2,1,1,0,14,0
45760012,12231,862,7,268,2011,9,0,2,2.5,123345,4,2,1,1,0,7,12
45644763,549,1058,7,535,2012,4,1,2,3.5,0,6,0,0,1,0,7,12
45786759,70562,1338.90845620294,0,874,2014,4,1,5,3,196000,6,2,0,1,0,1,12
45781646,14113,872.02838865217,7,567,2004,7,0,4,2.4,177000,4,0,1,1,1,12,4
45732339,20789,836,4,733,2010,4,1,1,2,208130,4,0,1,1,0,12,4
45671004,5175,1446.97098646035,3,312,1996,4,0,0,2,240000,4,0,1,1,1,4,4
45816085,1254,585,4,387,2013,3,1,5,1.8,93650,4,0,1,1,0,2,12
45813876,549,528,2,448,2014,9,1,5,1.6,126715,4,0,1,1,0,14,12
45759832,18503,757.14552238806,7,268,2013,9,0,2,2.5,220000,4,3,1,1,0,14,10
45653558,26657,919,6,605,2012,4,1,1,3,271701,6,0,0,1,0,14,12
45184953,20500,757.14552238806,7,268,2013,9,1,5,2.5,152000,4,2,1,1,0,1,8
45763945,52059,1363,5,516,2012,4,1,5,4.6,229334,8,0,0,1,0,1,0
45815514,627,1356,5,572,2014,9,1,5,4.6,208267,8,0,2,1,0,12,12
45776683,18503,586,7,643,2012,3,0,2,1.8,160000,4,3,1,1,0,7,16
45797038,32412,777,4,526,2014,7,1,1,2.5,131957,4,0,1,1,0,14,4
45798294,16621,629,4,387,2015,9,1,5,1.6,135378,4,0,1,1,0,14,4
45762344,25716,872.02838865217,7,672,2012,3,0,6,1.8,75000,12,0,1,1,0,12,10
45642649,392,1017,6,130,2017,4,1,5,2,38918,4,0,0,1,0,14,12
45810923,3450,481,0,0,2017,9,1,2,2,0,4,0,2,1,0,1,12
45774316,7213,1024,7,680,2010,4,1,5,2.5,108456,4,0,0,1,0,12,12
45803241,11604,639,4,748,2014,9,1,4,2,312690,4,0,1,1,0,12,4
45816520,282,1079,4,387,2018,9,1,5,2,17254,4,0,1,1,0,7,12
45774103,2979,1079,4,387,2018,9,1,5,2,63195,4,0,1,1,0,1,12
45790960,12544,557,2,448,2013,3,1,5,1.7,72000,4,0,1,1,0,1,0
45732063,52853,891,4,733,2016,4,1,1,2,89454,4,0,1,1,0,1,4
45770273,18189,779,7,268,2013,9,1,5,2.5,90000,4,2,1,1,0,7,12
45776728,33556,2195,0,871,2009,4,1,5,2,85000,6,2,0,1,0,1,5
45739714,9408,1429.8433516297,6,357,1998,9,1,0,3.2,230000,6,0,2,1,0,1,6
45781886,20385,798.780396435111,4,749,2012,9,1,5,2,203200,4,2,1,1,0,1,8
45810013,34635,1077,3,293,2019,9,1,5,2,2927,4,0,1,1,0,7,4
45810573,17942,640,1,639,2013,4,1,1,2,143743,4,0,1,1,0,14,4
45764966,12074,585,4,387,2013,9,0,5,1.8,80699,4,0,1,1,0,1,0
45724383,14269,761,7,643,2010,3,0,2,1.8,208000,4,0,1,1,0,2,8
45773744,392,779,7,268,2013,9,1,2,2.5,124184,4,0,1,1,0,12,12
45814793,706,1055,6,605,2013,4,1,5,3.5,127416,6,0,0,1,0,14,12
45781809,8781,1599.33333333333,3,425,2005,3,1,5,1.5,170000,4,3,1,1,1,0,6
45813853,7056,481,2,465,2017,9,1,2,2,112862,4,0,1,1,0,2,12
45802391,10036,1024,4,526,2010,7,1,1,2.5,60517,4,0,1,1,0,15,4
45803235,10663,765,4,748,2015,9,1,4,2,333804,4,0,1,1,0,12,4
45810125,12256,761,1,575,2010,9,1,5,1.8,176682,4,0,1,1,0,1,4
45773698,314,753,4,817,2012,4,1,5,2.4,177080,4,0,1,1,0,12,0
45787225,11604,704.859649122807,2,452,2013,9,1,5,2,1000,4,2,1,1,0,14,6
45802911,40076,891,4,733,2016,4,1,1,2,150415,4,0,1,1,0,14,4
45786147,7840,843,7,651,2008,3,0,5,1.5,180000,4,3,1,2,0,2,8
45765858,157,831,4,748,2011,9,1,2,2.4,0,4,0,1,1,0,12,0
45789722,17249,473,1,317,2014,9,1,5,1.4,147718,4,0,1,1,0,14,12
45794608,21639,1429.8433516297,6,351,2008,9,1,1,2.8,284500,6,2,2,1,0,12,12
45763843,7683,810,4,387,2016,9,1,5,1.8,121840,4,0,1,1,0,2,12
45801878,13178,687,4,387,2010,9,1,5,1.6,86660,4,0,1,1,0,12,4
45766615,14069,1935,5,516,2016,4,1,5,4.6,155976,8,0,0,1,0,14,0
45655220,49550,1357.33333333333,6,495,2012,4,1,5,2,105000,8,2,0,1,0,14,12
45769087,549,1190,7,792,2014,9,1,5,4,238203,6,0,0,1,0,7,12
45642327,11133,394,7,268,2014,9,1,2,2.5,179381,4,0,1,1,0,1,12
45767303,1882,442,7,643,2017,9,1,2,1.8,47672,4,0,1,1,0,14,12
45759022,10976,1496.78125,6,174,2009,9,0,5,1.8,214500,4,1,2,1,0,1,4
45809912,34572,697,3,293,2015,9,1,5,1.8,67190,4,0,1,1,0,14,4
45755609,23521,639,0,35,2014,9,1,5,2,59000,4,2,2,1,0,1,12
45797944,17249,749,4,748,2014,9,1,5,2.4,111111,6,2,1,1,0,14,6
41746804,4200,1496.78125,6,174,2001,9,0,5,2,307651,4,1,2,1,1,2,6
45804648,28225,934,7,680,2015,4,1,5,2.5,73931,4,0,1,1,0,12,0
45648761,3607,781,7,268,2012,9,1,2,2.5,156518,4,0,1,1,0,14,12
45416765,18033,798.780396435111,4,757,2013,9,0,5,1.8,88600,4,0,1,1,0,14,6
45764766,125,1664,7,822,2013,1,1,5,2,234683,8,0,2,1,0,14,12
45810585,10672,640,1,639,2013,4,1,1,2,71338,4,0,1,1,0,12,4
45798257,43905,1411.91666666667,6,492,2009,4,1,5,4.4,160000,6,0,0,1,0,1,6
45798434,9408,1429.8433516297,6,164,2007,9,0,5,1.7,142000,4,2,1,1,1,12,8
45768003,549,585,7,643,2013,9,1,2,1.8,298248,4,0,1,1,0,14,12
45765598,1960,1172,2,384,2011,4,1,5,3.5,193013,6,0,0,1,0,14,12
45793997,11290,888.488372093023,7,643,2007,3,1,2,1.5,297600,4,0,1,1,0,13,6
45733113,13799,639,4,748,2014,9,1,4,2,185302,4,0,1,1,0,14,4
45762844,2979,530,4,827,2013,9,1,5,1.6,185570,4,0,1,1,0,1,12
45768944,4861,1058,6,361,2012,9,1,1,3.5,128202,6,0,2,1,0,1,12
45809908,58172,784,3,293,2017,3,1,5,1.5,26166,4,0,1,1,0,1,4
45802970,53154,891,4,733,2016,4,1,1,2,80737,4,0,1,1,0,2,4
45802177,31581,915,4,526,2014,7,1,1,3,114142,4,0,1,1,0,12,4
45757525,42337,802.125,2,799,2016,6,0,1,2.2,56000,4,1,2,1,0,14,4
45812964,251,584,4,387,2014,9,1,5,1.8,40963,4,0,1,1,0,2,12
45733135,9252,765,4,748,2015,9,1,4,2,546691,4,0,1,1,0,8,4
45786818,8467,1111,3,425,2012,3,0,2,1.3,60000,4,3,1,1,1,1,4
45770316,12388,1399,6,361,2010,9,1,1,3.5,189530,6,0,0,1,0,1,12
45813346,627,585,7,643,2013,3,1,2,1.8,247651,4,0,1,1,0,11,12
45731542,45734,1091,4,526,2016,10,1,1,2.5,61057,4,0,1,1,0,1,4
45764802,19757,798.780396435111,4,762,2011,9,1,2,2.4,179200,4,2,1,1,0,7,6
45733079,11299,639,4,748,2014,9,1,4,2,54546,4,0,1,1,0,12,4
45648694,1725,1292,6,251,2016,9,1,5,3,49968,6,0,0,1,0,14,12
45764435,10976,1434.33333333333,6,335,2003,9,1,1,2.2,280000,4,2,2,1,0,2,5
45767757,251,1750,7,535,2008,4,1,2,3.3,318467,6,0,0,1,0,2,12
45808749,1568,831,1,407,2011,4,1,5,2.4,80000,4,0,1,1,0,14,12
45809242,11177,502,7,145,2013,3,1,5,1.5,133682,4,0,1,1,0,14,4
45796532,14069,1020.57819905213,0,871,2015,4,1,5,3.5,59200,6,2,0,1,0,1,12
45732068,23138,836,4,733,2010,4,1,1,2,188083,4,0,1,1,0,1,4
45757385,10976,888.488372093023,7,643,2005,3,0,2,1.5,259000,4,3,1,1,0,14,2
45656666,470,586,7,643,2012,3,1,2,1.8,373634,4,0,1,1,0,14,12
45771456,14069,1935,5,516,2016,4,1,5,4.6,155976,8,0,0,1,0,14,0
45764463,314,1172,6,361,2011,9,1,1,3.5,132630,6,0,2,1,0,12,12
45767317,14113,308,7,643,2014,4,1,2,1.8,339710,4,0,1,1,0,14,12
45571871,25089,940.695652173913,7,680,2012,4,0,5,2.5,83500,4,0,0,1,0,4,4
45622167,16308,585,4,387,2013,9,0,5,1.8,50545,4,2,1,1,0,7,8
45789840,6429,1282,1,289,2007,4,1,1,2,76198,4,0,1,1,0,12,4
45234716,12544,639,2,452,2014,9,0,5,2,81000,4,0,1,1,0,7,0
45646710,549,1172,5,381,2011,9,1,5,3.5,229736,6,0,1,1,0,7,12
45793645,7840,862,0,43,2001,10,0,5,1.9,183000,4,2,2,1,1,1,6
45766324,862,1024,2,409,2010,4,1,2,2.5,174926,4,0,1,1,0,7,0
45656471,282,1399,5,701,2010,4,1,2,3.5,311949,6,0,1,1,0,12,12
45797969,16599,531,4,387,2012,9,1,5,1.6,125581,4,0,1,1,0,12,4
45283371,11604,1553.57142857143,6,177,2003,9,0,1,2.2,299000,4,2,2,1,0,12,0
45369553,23207,940.695652173913,7,680,2010,4,1,5,2,167300,4,3,0,2,0,2,8
45787034,42651,1429.8433516297,6,784,2007,7,0,1,2.2,200000,4,1,2,1,0,12,2
45733425,64463,880,4,748,2018,9,1,5,1.6,5187,4,0,1,1,0,7,4
45785076,40,582.788167938931,7,643,2010,9,0,2,1.8,256000,6,0,1,1,0,14,1
45732125,18503,582.788167938931,7,643,2010,9,0,5,1.8,162000,4,0,1,1,0,7,12
45761150,1333,289,2,409,2008,4,1,2,0.4,349288,4,0,1,1,0,2,0
45797062,35736,777,4,526,2014,7,1,1,2.5,110483,4,0,1,1,0,15,4
45809927,25638,501,7,145,2014,3,1,5,1.5,35000,4,0,1,1,0,8,4
45805633,7213,862,6,244,1999,1,1,5,4.3,115000,8,2,2,0,0,12,4
44931359,15681,582.788167938931,7,643,2010,3,0,5,1.8,0,4,0,1,1,0,7,8
45802404,11917,753,4,525,2012,9,1,5,2.4,113824,4,0,1,1,0,1,4
45815355,8154,1172,5,553,2011,9,1,5,3.5,259066,6,0,0,1,0,12,12
45801714,18826,528,4,387,2014,9,1,1,1.6,111232,4,0,1,1,0,14,4
45759513,3293,645,5,258,2011,3,1,2,1.8,224267,4,0,1,1,0,12,0
45781992,24462,738,1,317,2017,9,1,5,1.4,70400,4,0,1,1,0,1,0
45767313,392,645,7,643,2011,4,1,2,1.8,146184,4,0,1,1,0,14,12
45393927,15053,645,7,643,2011,3,0,2,1.8,14900,4,0,1,1,0,12,10
43056772,17562,697,3,294,2015,1,0,5,1.8,58190,4,0,1,0,0,1,6
45809734,40889,697,3,293,2015,9,1,5,1.8,29000,4,0,1,1,0,1,4
45816087,11133,1277,4,733,2018,9,1,5,2.4,56150,4,0,1,0,0,2,12
45730780,18503,730,4,387,2016,9,1,4,1.6,29864,4,0,1,1,0,12,4
45793598,7683,1090,1,289,2008,4,1,1,2,67233,4,0,1,1,0,1,4
45635262,862,394,7,268,2014,9,1,2,2.5,130478,4,0,1,1,0,14,12
45810885,188,751,1,407,2013,4,1,5,2.4,149445,4,0,0,1,0,14,12
42328367,120,1231,6,835,2007,7,0,1,2.2,140000,4,0,2,1,0,2,2
45720592,15053,862,2,465,2011,9,1,2,2.5,154000,4,0,1,1,0,14,10
45799891,51746,1620,6,837,2006,7,0,1,2.2,32000,4,1,2,1,0,14,4
45584546,18817,1018,0,84,2011,9,1,5,3,107000,6,2,2,1,0,2,10
45804805,39559,765,4,817,2015,4,1,1,2,89423,4,0,1,1,0,7,4
45804859,35046,639,4,817,2014,4,1,1,2,117856,4,0,1,1,0,12,4
45802694,13172,707,4,733,2011,4,1,1,2,72366,4,0,1,1,0,14,4
45764808,1568,2018,7,822,2015,4,1,5,2,128000,8,0,0,1,0,14,12
45813012,11290,741.884259259259,3,425,2013,3,0,5,1.5,120000,4,3,1,1,1,7,4
45810927,627,473,1,317,2014,9,1,5,1.4,201974,4,0,1,1,0,14,12
45732070,21953,836,4,733,2010,4,1,1,2,174000,4,0,1,1,0,12,4
45805738,35,888.488372093023,7,643,2008,9,1,2,1.5,128965,6,0,1,1,0,14,6
45810270,26613,639,1,620,2014,9,1,5,2,121800,4,0,1,1,0,14,4
45809923,34889,831,3,293,2018,1,1,5,1.5,16125,4,0,1,1,0,1,4
45768371,40142,1811,5,517,2010,4,1,5,4.6,357246,8,0,0,1,0,7,0
45732087,14069,1076,4,733,2020,4,1,5,2,21,4,0,1,1,0,7,4
45768876,2195,645,4,387,2011,4,1,5,1.8,308501,4,0,1,1,0,2,12
45812944,14113,473,1,330,2014,9,0,5,1.4,82000,4,0,1,1,0,4,6
45809987,5331,584,1,317,2014,4,1,5,1.8,45680,4,0,1,1,0,3,4
45806422,627,585,7,643,2013,3,1,2,1.8,0,4,0,1,1,0,12,12
45782196,9408,862,7,566,2002,7,0,5,2.4,200000,4,0,0,1,1,14,4
45758205,15681,598.5,4,827,2011,3,0,5,1.6,115200,4,2,1,0,0,8,12
45810178,8947,790,1,575,2009,9,1,1,1.6,38254,4,0,1,1,0,7,4
45714947,16621,761,7,643,2010,9,0,5,1.8,174000,8,0,1,1,0,14,10
45793880,18817,673.483990147783,4,387,2015,9,0,5,1.8,56000,4,2,1,1,0,2,10
45430528,12858,645,7,643,2011,3,0,2,1.8,116000,4,3,1,1,0,7,12
45768239,2509,1017,6,498,2017,4,1,5,2,44477,4,0,1,1,0,2,0
45797454,10406,687,4,387,2010,9,1,5,1.6,100963,4,0,1,1,0,12,4
45563301,9095,473,1,317,2014,9,0,5,1.4,52000,4,0,1,1,0,14,8
45791344,7840,1429.8433516297,6,230,2001,1,1,5,2,259000,4,2,2,0,1,12,4
45809376,9593,447,3,425,2013,10,1,2,1.3,112405,4,0,1,1,0,1,4
45765738,12388,1399,6,361,2010,9,1,1,3.5,189530,6,0,0,1,0,1,12
45816414,94,1202,4,748,2017,9,1,5,2.4,130678,4,0,1,1,0,14,12
44708148,17562,455.705882352941,7,651,2012,3,0,5,1.5,192000,4,0,1,1,0,14,4
45403311,9722,1268,7,145,2012,3,0,2,1.5,125000,4,0,1,1,1,12,2
45757747,627,586,5,258,2012,3,1,2,1.8,192683,4,0,1,1,0,14,0
44433591,30,1599.33333333333,3,425,2005,3,0,5,1.3,145000,4,0,1,1,1,14,4
45759143,392,1514,5,517,2011,9,1,5,4.6,202048,8,0,0,1,0,14,0
45636482,12600,988,7,643,2007,3,1,2,1.5,170000,4,0,1,1,0,12,6
45651917,4861,333,2,465,2014,9,1,2,2,124493,4,0,1,1,0,14,0
45810105,42601,784,7,145,2017,3,1,5,1.5,17247,4,0,1,1,0,1,4
45808703,49864,891,0,84,2016,9,1,5,2,32000,4,2,2,1,0,1,12
45797933,17942,530,4,387,2013,9,1,5,1.6,196448,4,0,1,1,0,1,4
45802798,23408,707,4,733,2011,4,1,1,2,176635,4,0,1,1,0,14,4
45803220,18817,891,4,748,2016,9,1,4,2,287140,4,0,1,1,0,14,4
45810151,330,765,7,268,2015,9,0,5,2,0,4,0,1,1,0,1,0
45764916,69935,1646,5,517,2015,4,1,5,4.6,273493,8,0,0,1,0,12,0
45784147,20385,1690.85714285714,6,769,2005,6,0,1,2.2,245000,4,1,2,0,0,14,2
45797692,15063,1024,4,526,2010,7,1,1,2.5,52717,4,0,1,1,0,1,4
45655475,627,586,7,643,2012,3,1,2,1.8,435560,4,0,1,1,0,14,12
45674758,24462,720.051834985287,1,857,2014,3,1,6,1.4,90000,4,3,1,1,0,4,8
45755417,13485,582.788167938931,7,643,2012,3,1,2,1.8,0,4,0,1,1,0,14,8
45762970,627,1750,7,535,2008,4,1,2,3.3,277405,6,0,0,1,0,7,12
45801437,13877,531,4,138,2012,9,1,1,1.6,213131,4,0,1,1,0,7,4
45747289,29793,1624,5,694,2008,4,1,0,3.5,73000,6,0,0,1,0,12,10
45769777,56136,1017,6,355,2017,9,1,5,2,50963,4,0,2,1,0,1,12
45761337,46728,1811,5,516,2010,4,1,5,4.6,260771,8,0,0,1,0,1,0
45800057,37633,1408,6,835,2007,7,1,1,2.2,145784,4,1,2,1,0,1,10
45789326,27284,986,5,531,2010,9,1,2,2.4,169000,4,0,1,1,0,1,10
45571520,130,1702.77011494253,7,535,2009,4,0,2,3.3,180000,6,0,0,1,0,7,12
45755495,21953,308,5,262,2014,3,1,2,1.8,192000,4,3,1,1,0,7,8
45803313,16741,640,4,748,2013,9,1,5,2,149289,4,0,1,1,0,14,4
45783941,13485,584,1,317,2014,9,0,5,1.8,87000,4,2,1,1,0,14,12
45809058,2700,970.867153989687,2,629,1995,3,0,5,1.8,135000,4,1,1,1,0,11,2
45802942,22248,836,4,733,2010,4,1,1,2,184554,4,0,1,1,0,12,4
45789862,5645,1338.90845620294,0,29,1996,9,0,5,1.6,300000,4,1,2,1,0,11,2
45653117,2509,574,3,560,2010,3,1,2,1.3,210758,4,0,1,1,0,12,0
45796791,21492,1185,4,526,2009,7,1,1,2.5,51273,4,0,1,1,0,8,4
45776417,16308,474,1,317,2013,3,1,5,1.4,140000,4,2,1,1,0,5,12
45813264,470,1249,7,268,2017,4,1,5,2.5,58114,4,0,1,1,0,2,12
45762514,470,583,1,162,2011,3,1,5,1.6,155536,4,0,1,1,0,1,12
44969385,11917,765,2,455,2015,3,0,5,2,85985,4,2,1,1,0,12,12
45719716,24148,595.03007518797,2,465,2013,9,1,2,2,70000,4,0,1,1,0,14,0
45768719,392,761,7,298,2010,9,1,5,1.8,0,4,0,1,1,0,7,12
45772218,8781,1599.33333333333,3,425,2004,3,0,5,1.5,172000,4,0,1,1,1,7,2
45732882,10349,765,4,748,2015,9,1,4,2,53341,4,0,1,1,0,12,4
45758149,549,289,2,409,2008,4,1,2,0.4,451117,4,0,1,1,0,1,0
45733047,10515,639,4,748,2014,9,1,4,2,60850,4,0,1,1,0,12,4
45095432,51432,2366.56363636364,5,517,2007,4,1,5,2,150000,8,0,0,1,0,0,12
45813495,13485,915,0,94,2014,9,1,1,3,98368,6,0,0,1,0,14,12
45758213,16308,741.884259259259,3,425,2013,9,0,2,1.5,128000,4,0,1,1,1,12,2
45730622,29094,730,4,387,2016,9,1,5,1.6,54500,4,0,1,1,0,2,4
45785066,28225,1017,4,817,2017,4,0,5,2,25000,6,0,0,1,0,1,11
45068345,30734,755.375,3,293,2016,9,0,5,1.5,66200,4,0,1,1,0,7,12
45792271,27284,2858,6,378,2006,9,1,4,2,134000,8,2,2,1,0,1,8
45794310,5331,819.6,3,293,2003,9,0,5,1.7,242000,4,3,1,1,1,12,2
45651661,157,1058,6,605,2012,4,1,1,3.5,245762,6,0,0,1,0,1,12
45655992,4391,308,7,643,2014,3,1,2,1.8,151923,4,0,1,1,0,14,12
45809610,30906,691,3,425,2017,3,1,5,1.3,68000,4,0,1,1,0,14,4
45731476,28357,777,4,526,2014,7,1,1,2.5,151780,4,0,1,1,0,12,4
45801835,15100,687,4,387,2010,9,1,5,1.6,98578,4,0,1,1,0,12,4
45813064,549,1017,4,387,2017,9,1,5,2,83845,4,0,1,1,0,1,12
45656871,188,645,7,643,2011,3,1,2,1.8,197328,4,0,1,1,0,14,12
45458671,10349,888.488372093023,7,643,2006,3,0,2,1.5,17778,4,0,1,1,0,6,8
45797956,16894,530,4,387,2013,9,1,5,1.6,131411,4,0,1,1,0,14,4
45647782,157,919,0,871,2012,4,1,1,3,296395,6,0,0,1,0,7,0
45732361,53031,1079,4,733,2018,4,1,1,2,102934,4,0,1,1,0,14,4
45815383,627,777,5,549,2014,9,1,5,2.5,126021,6,0,2,1,0,14,12
45745474,16621,586,7,643,2012,9,0,2,1.8,137000,4,3,1,1,0,12,16
45731426,35902,777,4,526,2014,7,1,1,2.5,117917,4,0,1,1,0,12,4
45807147,23521,582.788167938931,7,643,2013,3,0,2,1.8,169600,4,0,1,1,0,12,4
45764982,11917,639,4,387,2014,3,0,5,2,124226,4,0,1,1,0,12,0
45798708,12544,420.073170731707,1,768,2013,3,1,5,1.2,93000,4,0,1,1,0,12,0
45773711,8467,968,0,124,1996,9,1,0,4,14000,8,2,2,1,0,2,6
45659988,13328,1399,5,701,2010,4,1,2,3.5,186005,6,0,0,1,0,12,12
45806006,59586,826.8,6,837,2016,7,1,1,2.2,212000,4,0,2,1,0,12,0
45796029,45,888.488372093023,7,643,2004,3,0,5,1.5,100000,4,0,1,1,0,14,0
44807708,17249,792.627815866797,4,748,2010,9,0,5,2.4,101405,4,2,1,1,0,7,5
45803021,14069,1178,4,733,2018,4,1,1,2.2,5964,4,0,1,1,0,14,4
45799205,1700,970.867153989687,2,418,1992,3,0,1,1.8,111111,6,1,1,1,0,13,0
45644983,5645,1324,7,535,2010,4,1,2,3.3,264877,6,0,0,1,0,14,12
45813490,4234,761,7,643,2010,3,1,2,1.8,158136,4,0,1,1,0,14,12
45810872,14113,1690.85714285714,6,769,2002,6,0,1,2.2,0,5,1,2,0,0,14,2
45811812,9408,761,7,643,2010,3,0,2,1.8,200000,4,3,1,1,0,14,12
45773763,16621,1172,6,361,2011,9,1,1,3.5,119379,6,0,0,1,0,12,12
45797890,18240,528,4,387,2014,9,1,1,1.6,206344,4,0,1,1,0,12,4
45473506,15681,753,4,748,2012,9,0,5,2.4,100000,4,0,1,1,0,1,12
45646842,157,919,0,871,2012,4,1,1,3,296395,6,0,0,1,0,7,0
45816010,2117,751,4,748,2013,9,1,5,2.4,104046,4,0,1,1,0,12,12
45811159,549,394,7,268,2014,9,1,2,2.5,130478,4,0,1,1,0,14,12
45674441,10506,1268,7,145,2012,9,0,2,1.5,134000,4,3,1,1,1,2,2
45715081,19757,779,7,278,2013,9,1,5,2.5,124000,4,2,1,1,0,1,6
45809810,32615,891,3,293,2016,9,1,5,2,20000,4,0,1,1,0,14,4
45803880,20698,639,4,817,2014,4,1,1,2,71101,4,0,1,1,0,14,4
45807077,29793,1823,6,502,2018,4,1,5,3.5,9765,6,0,2,1,0,14,12
45667211,23364,353,7,643,2015,3,0,2,1.8,128000,4,3,1,1,0,14,8
45795577,14113,870,6,335,2011,9,1,1,2.2,128965,4,1,2,1,0,14,12
45732593,50049,891,4,733,2016,4,1,1,2,145329,4,0,1,1,0,1,4
45654517,1019,1055,5,701,2013,4,1,2,3.5,138038,6,0,1,1,0,14,12
43073832,37633,1507.30769230769,6,837,2009,7,1,1,2.2,315000,6,1,2,1,0,1,2
44343394,10349,1267,7,145,2013,3,0,2,1.5,47000,4,0,1,1,1,2,10
45687222,20700,582.788167938931,7,643,2014,3,1,2,1.8,75621,4,0,1,1,0,2,11
44076338,21639,1711.27272727273,0,871,2004,4,1,1,3,300000,6,2,0,1,0,1,8
45771833,12544,473,1,317,2014,9,0,5,1.4,127816,4,0,1,1,0,12,0
45814786,2666,891,6,201,2016,9,1,5,2,51725,4,0,2,1,0,1,12
45653611,157,1172,6,605,2011,4,1,1,3.5,220323,6,0,0,1,0,1,12
45810148,10669,836,1,575,2010,9,1,1,2,161629,4,0,1,1,0,7,4
45780328,11604,640,2,452,2013,3,1,5,2,200000,4,0,1,1,0,12,6
45787401,11760,1026.00733117836,3,431,2012,3,0,2,1.3,96000,4,0,1,1,1,14,4
45766380,6429,2225,7,822,2017,9,1,5,4.6,190875,8,0,0,1,0,14,12
45769528,3763,1714,7,792,2017,9,1,5,3.5,174827,6,0,0,1,0,12,12
45815066,47,1399,7,268,2010,9,1,5,3.5,195613,6,0,1,1,0,7,12
45755575,17249,872.02838865217,7,834,2011,7,0,1,2,40000,4,1,1,1,0,12,6
45041479,47042,1682.5,6,722,2007,9,1,5,2,185000,8,2,0,1,0,1,8
45732849,8467,639,4,748,2014,9,1,4,2,128965,4,0,1,1,0,8,4
45758190,7840,528,2,448,2014,9,1,5,1.6,66888,4,0,1,1,0,7,0
45523435,6272,1079,7,220,2018,4,1,5,2,18754,4,0,1,1,0,11,12
45805024,22580,1533.25,2,799,2007,6,0,1,2.2,160000,4,1,1,1,0,12,4
43485084,15367,1690.85714285714,6,769,2004,6,0,1,2.2,210000,4,1,2,0,0,14,2
45802033,17355,707,4,522,2011,1,1,5,2,112387,4,0,1,1,0,7,4
45647518,392,781,7,268,2012,9,1,2,2.5,314373,4,0,1,1,0,7,12
45644966,2509,574,3,560,2010,3,1,2,1.3,210758,4,0,1,1,0,12,0
45804187,26149,836,4,817,2010,4,1,1,2,72464,4,0,1,1,0,7,4
45812339,314,749,1,289,2014,4,1,5,2.4,119768,4,0,1,1,0,14,12
45660878,62722,690,5,701,2016,4,1,2,3.5,59858,6,0,1,1,0,12,12
44960954,25716,765,4,748,2015,9,0,5,2,47000,4,2,1,1,0,14,6
45790425,64290,518,7,680,2016,4,1,2,2.5,33500,4,0,0,1,0,14,0
45775009,6272,1429.8433516297,6,16,1996,9,0,0,2.3,128965,6,0,2,1,0,6,4
45732875,10641,639,4,748,2014,9,1,4,2,75346,4,0,1,1,0,14,4
45815908,3293,585,4,387,2013,9,1,5,1.8,121029,4,0,1,1,0,12,12
45756358,19444,1533.25,2,799,2003,6,1,1,2.4,181000,4,1,2,1,0,14,4
45803306,20162,765,4,748,2015,9,1,5,2,14368,4,0,1,1,0,1,4
45732832,15367,765,4,748,2015,9,1,4,2,283895,4,0,1,1,0,12,4
45782917,10036,1507.30769230769,6,837,2002,7,0,1,2.2,270000,4,1,1,1,0,15,2
45798137,18817,582.788167938931,7,643,2011,9,0,5,1.8,164800,4,3,1,1,0,12,6
45803045,40769,971,4,733,2016,4,1,1,2.2,23216,4,0,1,1,0,14,4
45777718,30,888.488372093023,7,643,2007,3,0,4,1.5,198000,4,2,1,1,0,14,4
45769357,3763,751,4,817,2013,4,1,5,2.4,53717,4,0,0,1,0,12,0
45794550,14069,1500.5,7,583,2014,4,0,1,3,117000,6,0,0,1,0,12,12
45732651,16308,891,4,748,2016,9,1,4,2,410884,4,0,1,1,0,14,4
45758109,52059,1363,5,516,2012,4,1,5,4.6,229334,8,0,0,1,0,1,0
45787449,4704,1529,0,30,1997,9,1,5,1.8,211000,4,0,2,1,1,2,2
45720363,26030,540.146341463415,5,258,2013,3,1,2,1.8,153600,4,0,1,1,0,12,12
45770649,17000,1271.22222222222,7,268,2007,9,1,2,2.4,220800,4,0,1,1,0,1,8
44018926,18189,1095,1,289,2008,4,1,1,2,72000,4,2,1,1,0,1,2
45802754,28222,640,4,733,2013,4,1,1,2,53729,4,0,1,1,0,1,4
45732373,53759,1017,4,733,2017,4,1,1,2,140097,4,0,1,1,0,2,4
45732957,6899,642,4,748,2012,9,1,4,2,85471,4,0,1,1,0,12,4
45761496,9408,1338.90845620294,0,5,2004,3,0,5,2,100000,4,2,2,1,1,12,8
45732636,15530,891,4,748,2016,9,1,4,2,290850,4,0,1,1,0,12,4
45507765,20385,862,6,250,2005,9,1,5,2,230000,8,2,2,1,0,12,10
45732326,29950,891,4,733,2016,4,1,1,2,50079,4,0,1,1,0,14,4
45756506,8154,1429.8433516297,6,236,2000,1,0,5,2.3,290000,4,2,2,0,0,2,4
45782220,10976,1267,7,145,2013,3,0,2,1.5,64000,4,3,1,1,1,1,4
45656595,314,586,7,643,2012,3,1,2,1.8,418667,4,0,1,1,0,14,12
45761461,16308,1888,0,87,2004,9,1,5,3,231000,6,0,2,1,0,2,8
45813674,549,607,5,379,2019,9,1,2,2.5,13362,4,0,1,1,0,1,12
44143440,5331,1429.8433516297,6,200,1997,9,1,5,2.8,100000,6,0,2,1,0,1,10
45648481,220,919,0,871,2012,4,1,1,3,273962,6,0,0,1,0,14,0
45620772,10663,1268,7,145,2012,3,0,2,1.5,125000,4,3,1,1,1,11,2
45784829,17249,862,7,143,2005,7,0,4,2.4,251000,4,0,1,1,1,1,2
45773673,2274,394,7,268,2014,9,1,2,2.5,128739,4,0,1,1,0,6,12
45792176,28225,540.146341463415,5,258,2014,3,1,2,1.8,134131,4,0,1,1,0,1,0
45645974,3607,781,7,268,2012,9,1,2,2.5,156518,4,0,1,1,0,14,12
45781106,17249,697,1,317,2015,9,0,5,1.8,37000,4,0,1,1,0,12,0
45777019,17249,697,4,387,2015,9,0,5,1.8,88830,4,0,1,1,0,12,0
45798259,6899,1026.00733117836,3,641,1998,4,0,5,3.2,0,6,0,0,1,0,14,4
45791343,22580,1702.77011494253,7,535,2008,4,1,2,3.3,189000,6,3,0,1,0,6,12
45804653,37564,877,4,817,2017,4,1,1,1.7,202758,4,0,1,1,0,7,4
45803695,15063,707,4,817,2011,4,1,1,2,58401,4,0,1,1,0,14,4
45816273,3763,1304,0,891,2013,4,1,5,4.4,218518,8,0,0,1,0,14,12
45640886,220,919,0,871,2012,4,1,1,3,273962,6,0,0,1,0,14,0
45802876,46919,765,4,733,2015,4,1,1,2,117000,4,0,1,1,0,1,4
45815449,6586,1017,5,633,2017,4,1,5,2,14813,4,0,1,1,0,14,12
45808762,1333,1079,2,452,2018,9,1,5,2,107664,4,0,1,1,0,1,12
45767724,5645,1324,7,535,2010,9,1,2,3.3,345405,6,0,0,1,0,12,12
45800809,18817,586,7,643,2012,3,0,2,1.8,288000,4,3,1,1,0,7,10
45809505,20250,271,7,145,2014,10,1,2,1.5,86400,4,0,1,1,0,11,4
45798553,17249,645,7,643,2011,3,1,2,1.8,188800,4,3,1,1,0,7,10
45803320,9252,765,4,748,2015,9,1,4,2,411260,4,0,1,1,0,8,4
45766502,4234,779,7,268,2013,9,1,2,2.5,26918,4,0,1,1,0,14,12
45316421,45473,691.5,7,279,2016,9,1,2,2.5,143388,6,3,1,1,0,7,12
44602758,14113,753,4,763,2012,9,1,2,2.4,157000,4,2,1,1,0,7,10
45758022,12544,1024,7,268,2010,9,0,5,2.5,152000,4,1,1,1,0,1,8
45780403,600,970.867153989687,2,743,1988,9,0,5,2,300000,4,1,2,1,0,7,0
45793316,14113,587.673913043478,4,138,2013,3,0,5,1.6,136000,4,2,1,1,0,14,6
45802253,36567,777,4,526,2014,7,1,1,2.5,106533,4,0,1,1,0,14,4
45781818,28225,934,7,268,2015,9,0,5,2.5,110734,4,0,1,1,0,1,12
45785610,7213,1527,6,174,1997,9,0,5,1.8,128965,4,1,2,1,0,12,2
45552792,10349,1267,7,145,2013,9,0,2,1.5,128965,4,3,1,1,1,12,2
45731410,31581,777,4,526,2014,7,1,1,2.5,96893,4,0,1,1,0,12,4
45793340,9722,363,1,768,2014,9,1,5,1,41984,4,0,1,1,0,7,4
45806443,14426,394,5,379,2014,9,1,2,2.5,176213,4,0,1,1,0,1,12
45769188,1568,1493,6,361,2016,9,1,1,3.5,77205,6,0,2,1,0,7,12
45646954,1254,1399,5,381,2010,9,1,5,3.5,187144,6,0,1,1,0,1,12
45745267,11604,888.488372093023,7,643,2006,3,0,2,1.5,174000,4,3,1,1,0,11,6
45476074,18503,585,7,643,2013,3,0,2,1.8,51000,4,0,1,1,0,14,8
45810496,36197,831,1,639,2017,4,1,1,1.6,65124,4,0,1,1,0,7,4
45539949,21953,1268.31428571429,4,526,2009,7,1,1,2.5,120000,6,2,2,2,0,12,12
45402958,38260,1327,7,274,2018,9,1,5,2.5,41068,4,0,1,1,0,1,10
45007640,9722,1267,7,145,2013,3,0,2,1.5,143000,4,0,1,1,1,14,8
45757360,6272,1058,5,694,2012,4,1,5,3.5,232357,6,0,0,1,0,1,12
45650472,21639,1172,7,535,2011,9,1,2,3.5,368064,6,0,0,1,0,7,12
45764088,38574,1211,0,871,2010,4,1,1,3,248000,6,2,0,1,0,1,12
45797286,20526,629,4,387,2015,9,1,5,1.6,75000,4,0,1,1,0,14,4
45760543,53314,911,6,835,2013,7,1,1,2.2,250000,4,2,2,1,0,7,7
45768286,7000,1236,3,451,2003,3,0,5,1.5,140203,4,0,1,1,1,12,2
45749191,9095,645,7,556,2006,7,0,5,2,204000,4,3,1,1,1,14,8
45769659,12074,1537,7,535,2009,4,1,2,3.3,420550,6,0,0,1,0,2,12
45797070,21395,730,4,387,2016,9,1,5,1.6,144889,4,0,1,1,0,14,4
45774693,19757,788.140435835351,4,817,2007,4,1,5,2.7,199000,6,2,0,1,0,1,6
45803476,15681,891,4,748,2016,9,1,4,2,255591,4,0,1,1,0,12,4
45760349,15367,585,7,643,2013,3,1,2,1.8,130000,4,0,1,1,0,14,12
45648499,3607,1104,0,871,2015,4,1,1,3,201056,6,0,0,1,0,1,0
45813685,15053,473,1,317,2014,9,0,5,1.4,74222,4,2,1,1,0,12,10
45779323,12544,862,2,465,2011,9,1,2,2.5,49669,4,0,1,1,0,12,0
45814313,15994,761,7,643,2010,3,1,2,1.8,118000,4,2,1,1,0,2,10
45543710,14583,738,1,321,2017,3,0,5,1.4,62971,4,0,1,1,0,1,8
45790279,14740,690,2,465,2016,9,0,5,1.5,93000,4,2,1,1,0,7,8
44964344,21953,792.627815866797,4,748,2015,9,0,5,2.4,91200,4,2,1,1,0,1,12
45712527,11447,765,2,452,2015,9,1,5,2,94600,4,2,1,1,0,1,6
45732817,14069,707,4,748,2011,9,1,5,2,162095,4,0,1,1,0,7,4
45810851,549,753,4,748,2012,9,1,2,2.4,246450,4,0,1,1,0,12,12
45464994,784,1079,7,220,2018,4,1,5,2,25850,4,0,1,1,0,7,12
45771161,5802,1055,6,361,2013,9,1,1,3.5,107800,6,0,2,1,0,7,12
45793093,6868,836,1,317,2010,9,1,1,2,47221,4,0,1,1,0,1,4
45768785,862,447,3,560,2013,3,1,2,1.3,143597,4,0,1,1,0,12,0
45652829,1882,382,4,748,2014,9,1,2,2.4,247835,4,0,1,1,0,1,0
45770055,4861,1324,7,535,2010,4,1,2,3.3,264877,6,0,0,1,0,14,12
45801601,20266,583,4,387,2011,9,1,5,1.6,94910,4,0,1,1,0,12,4
45788812,11604,761,7,643,2010,9,0,2,1.8,154000,4,0,1,1,0,7,10
45768080,5645,1324,7,535,2010,9,1,2,3.3,345405,6,0,0,1,0,12,12
45742806,12858,521,1,317,2011,9,0,5,1.4,178000,4,0,1,1,0,11,8
45586747,9408,1507.30769230769,6,837,2004,2,0,1,2.2,128965,4,1,2,1,0,14,2
45770571,21326,919,0,84,2012,9,1,5,3,150000,6,2,2,1,0,12,12
45730922,16327,836,4,522,2010,1,1,5,2,95510,4,0,1,1,0,12,4
45787366,9408,1429.8433516297,6,372,1999,9,1,5,4.3,333333,8,0,2,1,0,10,4
45211864,19444,781,7,268,2012,9,1,5,2.5,167360,4,2,1,1,0,14,6
45768144,862,259,1,853,2014,4,1,2,1.4,133195,4,0,1,1,0,1,0
45733427,69502,1079,4,748,2018,9,1,5,2,75938,4,0,1,1,0,14,4
45732345,38737,639,4,733,2014,4,1,1,2,132756,4,0,1,1,0,7,4
45787064,11760,1026.00733117836,3,442,2010,3,0,5,1.3,138000,4,0,0,1,1,12,7
45798932,8154,1026.00733117836,3,563,2003,9,0,5,3,149000,6,2,1,1,1,1,6
45805252,9500,2084,2,799,1995,6,0,1,2.5,150000,5,1,2,1,0,14,2
45760886,470,831,5,531,2011,9,1,2,2.4,0,4,0,1,1,0,12,12
45786983,40,582.788167938931,7,643,2013,3,0,2,1.5,150400,4,0,1,1,0,1,16
45771199,1411,1624,6,361,2009,9,1,1,3.5,266061,6,0,0,1,0,1,12
45504771,13328,1266,3,425,2014,3,1,2,1.5,58000,4,0,1,1,1,1,4
45810596,18346,765,1,639,2015,4,1,4,2,31880,4,0,1,1,0,1,4
45294085,8467,1429.8433516297,6,331,1988,9,0,5,2,1000,4,1,2,1,0,1,4
45658574,5018,1399,5,701,2010,4,1,2,3.5,167222,6,0,0,1,0,1,12
45797749,13454,862,4,526,2011,7,1,1,2.5,85226,4,0,1,1,0,2,4
45807475,1646,584,6,191,2014,1,1,5,1.8,121699,4,0,2,0,0,1,12
45815196,4547,834,7,832,2013,4,1,5,2.7,186349,4,0,0,1,0,14,12
45764294,3293,1659,7,822,2014,9,1,5,2,0,8,0,0,1,0,14,12
45797569,20266,583,4,387,2011,9,1,5,1.6,125062,4,0,1,1,0,1,4
45766059,3450,1624,6,361,2009,9,1,1,3.5,109139,6,0,2,1,0,1,12
45539313,19444,582.788167938931,7,643,2013,9,0,2,1.8,97386,4,3,1,1,0,11,8
45771387,314,862,2,409,2011,4,1,2,2.5,130306,4,0,0,1,0,6,0
45778517,17249,749.991967871486,7,145,2013,3,0,2,1.5,50000,4,3,1,1,1,7,6
45802356,18660,862,4,526,2011,7,1,1,2.5,55248,4,0,1,1,0,1,4
45811585,9565,1356,6,495,2014,4,1,5,4.6,98466,8,0,0,1,0,14,12
45646437,15681,1811,5,516,2010,4,1,5,4.6,275240,8,0,0,1,0,12,0
45801723,18531,687,4,387,2010,9,1,5,1.6,111280,4,0,1,1,0,14,4
45769870,5018,1624,6,361,2009,9,1,1,3.5,109139,6,0,2,1,0,1,12
45772542,75266,1500.5,7,583,2014,4,0,1,3,90000,4,1,0,1,0,14,6
45733273,11604,639,4,748,2014,9,1,4,2,357150,4,0,1,1,0,12,4
45810809,3450,1869,1,559,2019,9,1,5,3.6,18438,6,0,1,1,0,12,12
45757315,10976,1888,0,87,2005,9,1,4,3,2200,6,2,0,1,0,1,8
45752693,33000,779,7,680,2013,4,0,5,2.5,90000,4,0,1,1,0,7,7
45769626,1411,1624,6,361,2009,9,1,1,3.5,266061,6,0,0,1,0,1,12
45781770,10349,846.977310156905,4,733,2002,4,1,4,2.7,1000,6,2,0,1,0,3,4
45765652,627,1058,6,361,2012,9,1,1,3.5,318285,6,0,0,1,0,1,12
45803279,10036,639,4,748,2014,9,1,4,2,319850,4,0,1,1,0,12,4
45803043,40057,891,4,733,2016,4,1,1,2,176927,4,0,1,1,0,1,4
45793829,4359,1286,1,289,2007,4,1,1,2,57438,4,0,1,1,0,12,4
45764243,19444,502,7,651,2013,3,1,2,1.5,114000,4,0,1,1,0,11,7
45786780,10349,2084,2,799,1995,6,0,1,2.5,327389,4,1,2,1,0,2,2
45332367,32929,757.14552238806,7,268,2012,9,1,2,2.5,68000,4,0,1,1,0,1,0
45802995,26255,707,4,733,2011,4,1,1,2,142000,4,0,1,1,0,1,4
45744853,14740,888.488372093023,7,643,2008,3,1,2,1.5,193000,4,0,1,1,0,12,12
45791783,21012,1711.27272727273,0,871,2008,4,1,5,2,145000,8,2,0,1,0,1,12
45729730,27654,629,4,387,2015,9,1,5,1.6,109000,4,0,1,1,0,14,4
45788774,25089,1058,6,361,2012,9,1,5,3.5,291200,6,2,2,1,0,1,0
45114696,10349,584,7,568,2005,3,0,5,1.3,135000,4,0,1,1,1,14,0
45813840,20698,642,7,643,2012,3,1,2,2,181600,4,3,1,1,0,2,8
45811265,392,1091,7,680,2016,4,1,5,2.5,125675,4,0,0,1,0,11,12
45811328,7213,1018,6,678,2011,4,1,1,3,174101,6,0,0,1,0,1,12
45810566,20005,642,1,639,2012,4,1,1,2,163000,4,0,1,1,0,7,4
45803412,21326,891,4,748,2016,9,1,5,2,112161,4,0,1,1,0,14,4
45646687,2901,1211,0,9,2010,1,1,5,3,108826,6,0,2,0,0,11,12
45730764,32929,880,4,387,2018,9,1,5,1.6,54865,4,0,1,1,0,7,4
45810474,7840,1429.8433516297,6,331,1994,9,0,5,2,368268,4,1,2,1,0,7,4
45661050,1646,1053,6,605,2014,4,1,1,3.5,0,6,0,0,1,0,12,12
45766435,5802,1327,7,268,2018,9,1,5,2.5,54786,4,0,1,1,0,1,0
45652707,4077,640,2,465,2013,9,1,2,2,320554,4,0,1,1,0,14,0
45805890,62722,1055,5,694,2013,4,1,5,3.5,73000,6,2,0,1,0,1,16
45769032,5018,431,4,748,2016,9,1,2,2,71218,4,0,1,1,0,1,0
45451248,12231,1429.8433516297,6,343,2002,9,1,0,2.6,189000,6,2,2,1,0,12,8
45813971,14269,1399,5,701,2010,4,1,2,3.5,186005,6,0,0,1,0,12,0
45789091,21326,1266.6,2,630,2011,1,1,5,2,58000,8,2,2,0,0,2,6
45369871,23521,757.14552238806,7,268,2012,9,1,5,2.5,145600,6,0,1,1,0,12,4
45650037,2038,1172,6,605,2011,4,1,5,3.5,186542,6,0,0,1,0,14,12
45788570,11604,749.991967871486,7,145,2012,9,0,2,1.5,174000,4,0,1,1,1,12,4
45596142,17249,810,7,305,2016,9,1,5,1.8,128788,4,0,1,1,0,1,8
45787565,15681,788.140435835351,4,817,2008,4,0,5,2,194286,2,1,0,1,0,7,0
45772490,314,2410,6,361,2010,9,1,5,2,274771,8,0,2,1,0,14,12
44970768,28852,259,1,853,2014,3,1,6,1.4,35000,4,0,1,1,0,3,10
45772100,19130,1194,7,792,2013,9,1,5,4,57554,6,0,0,1,0,12,12
45764917,54568,1360,5,517,2013,4,1,5,4.6,202651,8,0,0,1,0,1,0
45808798,51746,1020.57819905213,0,871,2013,4,1,1,3,124800,6,0,0,1,0,7,12
45524754,14113,582.788167938931,7,643,2010,9,1,2,1.8,0,4,0,1,1,0,1,12
45726229,15681,1436,1,815,2010,4,0,5,3.6,200000,4,0,0,1,0,12,0
45804797,50184,877,4,817,2017,4,1,1,1.7,31220,4,0,1,1,0,14,4
45772844,706,645,5,258,2011,3,1,2,1.8,116869,4,0,1,1,0,1,0
45768414,282,2455,5,517,2008,4,1,5,2,218126,8,0,0,1,0,1,0
45415669,13485,584,2,805,2014,2,0,1,1.8,176000,4,1,1,1,0,14,6
45812691,2979,780,1,317,2019,9,1,5,1.4,78771,4,0,1,1,0,7,12
45801463,16289,629,4,138,2015,9,1,1,1.6,112360,4,0,1,1,0,12,4
45813636,12544,582.788167938931,7,643,2010,3,0,2,1.8,260000,4,0,1,1,0,11,12
45798391,60,582.788167938931,7,643,2011,9,0,2,1.8,178000,4,0,1,1,0,14,6
45794553,50805,1055,6,608,2012,4,1,5,3.5,144000,6,2,0,1,0,7,12
45773534,627,475,1,853,2012,4,1,2,1.4,188419,4,0,1,1,0,11,0
45450698,28225,1429.8433516297,6,245,2003,1,1,5,2,240000,8,2,2,0,0,1,8
45479610,30800,1058,6,361,2012,9,1,5,3.5,128965,6,2,2,1,0,7,12
45606387,12544,612.4,2,448,2010,3,0,5,1.6,153600,4,0,1,1,0,4,6
45801951,15624,528,4,387,2014,9,1,5,1.6,164649,4,0,1,1,0,7,4
45803528,8947,640,4,748,2013,9,1,4,2,52857,4,0,1,1,0,1,4
45809154,58495,1017,2,794,2017,9,1,5,2,44534,4,0,1,1,0,1,4
45655393,31988,1078.53623188406,6,605,2010,4,1,5,3.5,124000,12,2,0,1,0,1,12
45456022,17562,1195,6,182,2006,9,0,1,2.2,300000,4,0,2,1,0,1,12
45765162,220,1053,6,361,2014,9,1,1,3.5,95987,6,0,0,1,0,1,12
45810199,24283,640,1,620,2013,9,1,5,2,106048,4,0,1,1,0,1,4
45815123,188,862,7,268,2011,9,1,5,2.5,201578,4,0,1,1,0,7,12
45591493,28852,1702.77011494253,7,535,2008,4,1,2,3.3,215000,6,2,0,1,0,14,12
45802122,21805,707,4,526,2011,6,1,1,2,55622,4,0,1,1,0,12,4
45733067,11290,891,4,748,2016,9,1,4,2,363661,4,0,1,1,0,12,4
45796813,16766,1185,4,526,2009,10,1,1,2.5,162332,4,0,1,1,0,15,4
45712377,19444,308,7,643,2014,9,0,2,1.8,125000,4,0,1,1,0,14,10
45798753,37633,2366.56363636364,5,517,2005,4,1,4,2,336000,8,0,0,1,0,1,10
45808748,1176,779,2,409,2013,4,1,5,2.5,241638,4,0,1,1,0,12,12
44473612,15681,1528,2,799,2007,6,0,1,2.4,168000,4,1,2,1,0,14,2
45801985,11917,530,4,387,2013,9,1,5,1.6,31691,4,0,1,1,0,14,4
45804173,26657,1500.5,7,583,2002,4,0,1,3,27000,4,1,0,1,0,12,4
45786530,8154,1037,6,130,2004,3,0,5,1.4,167000,4,0,1,1,0,13,4
45803508,9252,765,4,748,2015,9,1,4,2,128965,4,0,1,1,0,8,4
45646714,3450,1172,5,694,2011,4,1,5,3.5,253174,6,0,0,1,0,12,12
45801503,30931,880,4,387,2018,9,1,5,1.6,35798,4,0,1,1,0,14,4
45798237,36401,880,4,387,2018,9,1,5,1.6,71551,4,0,1,1,0,7,4
45732376,54393,891,4,733,2016,4,1,1,2,101671,4,0,1,1,0,14,4
45765903,314,1053,6,361,2014,9,1,1,3.5,149486,6,0,0,1,0,12,12
45752505,15681,761,7,643,2010,3,1,2,1.8,128000,4,0,1,1,0,14,4
45771037,47042,891,0,50,2016,9,1,5,2,32000,4,2,2,1,0,14,8
45797729,19416,530,4,387,2013,9,1,4,1.6,186234,4,0,1,1,0,12,4
45572081,10349,1266,3,425,2014,3,0,2,1.5,130000,3,0,1,1,1,12,2
45776232,23207,943.727272727273,5,531,2010,9,1,5,2.5,79000,4,0,1,1,0,7,8
45772877,627,586,5,258,2012,3,1,2,1.8,192683,4,0,1,1,0,14,0
45803232,12544,765,4,748,2015,9,1,4,2,432994,4,0,1,1,0,8,4
45755360,200,1429.8433516297,6,331,2011,9,0,0,2,11111,4,1,2,1,0,0,0
45803138,7997,640,4,748,2013,9,1,4,2,440555,4,0,1,1,0,12,4
45730156,25591,528,4,387,2014,9,1,5,1.6,120000,4,0,1,1,0,12,4
45771026,314,2410,6,361,2010,9,1,5,2,274771,8,0,2,1,0,14,12
45803439,9252,765,4,748,2015,9,1,4,2,431626,4,0,1,1,0,8,4
45732847,8467,639,4,748,2014,9,1,4,2,128965,4,0,1,1,0,8,4
45668239,16850,781,7,268,2012,9,1,5,2.5,168436,4,2,1,1,0,1,12
45797709,28225,779,7,268,2013,9,1,2,2.5,100000,4,2,1,1,0,14,12
45796609,14113,1515,6,184,2006,9,1,5,2.5,180833,6,2,2,1,0,1,8
45806406,3293,1051,4,748,2016,9,1,5,2.4,189104,4,0,1,1,0,12,12
45803389,16308,891,4,748,2016,9,1,4,2,510225,4,0,1,1,0,14,4
45803271,15367,765,4,748,2015,9,1,4,2,50366,4,0,1,1,0,14,4
45766212,314,1172,6,361,2011,9,1,1,3.5,132630,6,0,2,1,0,12,12
45797149,41886,1091,4,526,2016,7,1,1,2.5,104697,4,0,1,1,0,12,4
45800916,7840,1429.8433516297,6,718,2000,9,1,5,2,276396,8,2,2,1,0,7,4
45770106,1568,1493,6,361,2016,9,1,1,3.5,77205,6,0,2,1,0,7,12
45808405,3293,1017,4,387,2017,9,1,5,2,137997,4,0,1,1,0,2,12
45809175,23734,1172,2,794,2011,9,1,5,3.5,75010,4,0,1,1,0,12,4
45802745,12676,836,4,733,2010,4,1,1,2,229757,4,0,1,1,0,14,4
45785999,17249,777,2,465,2014,9,0,5,2.5,92525,4,0,1,1,0,12,12
45765643,220,1194,7,792,2013,4,1,5,4,239342,6,0,0,1,0,12,12
45769137,1333,289,2,409,2008,4,1,2,0.4,349288,4,0,1,1,0,2,0
45709629,47042,862,0,105,1995,9,1,5,4,173000,8,1,2,1,0,1,12
45809338,23436,765,1,289,2015,4,1,1,2,72645,4,0,1,1,0,12,4
45789085,24775,970.867153989687,2,477,2013,9,0,6,2,177600,4,0,1,1,0,1,8
45712544,9095,988,7,643,2007,3,0,2,1.5,175000,4,3,1,1,0,11,8
45788711,21012,781,7,268,2012,9,1,5,2.5,101000,4,2,1,1,0,1,12
45813516,17876,919,2,409,2012,4,1,5,3,135000,4,0,0,1,0,14,6
45779422,23521,777,7,268,2014,9,1,5,2.5,74000,4,0,1,1,0,11,8
45773713,4861,1058,6,361,2012,9,1,1,3.5,128202,6,0,2,1,0,1,12
45796491,42651,838.669960474308,4,733,2013,4,1,5,2.4,88000,4,2,0,1,0,7,4
45816264,470,1451,0,891,2011,4,1,5,4.4,135800,8,0,0,1,0,1,12
45772551,14269,1324,7,535,2010,4,1,2,3.3,300366,6,0,0,1,0,2,12
45813748,14426,779,7,268,2013,9,1,2,2.5,131400,4,0,1,1,0,2,12
45745725,16935,888.488372093023,7,643,2009,3,0,2,1.8,148000,4,0,1,1,0,7,12
45816650,20698,697,7,155,2015,3,0,5,1.8,78000,4,1,1,1,0,12,10
45802646,18500,836,4,733,2010,4,1,1,2,142427,4,0,1,1,0,12,4
45813440,3136,1578,0,118,2015,9,1,5,4.4,60709,8,0,2,1,0,14,12
45757903,862,583,2,448,2011,3,1,5,1.6,175198,4,0,1,1,0,6,12
45323258,18189,673.483990147783,4,387,2012,9,0,5,1.8,121918,4,2,1,1,0,7,2
45813404,784,271,7,643,2014,3,1,2,1.5,0,4,0,1,1,0,14,12
45813204,549,1091,7,268,2016,9,1,5,2.5,117453,4,0,1,1,0,12,12
45793069,15053,627,1,620,2014,9,1,1,2,38714,4,0,1,1,0,3,4
45813960,549,891,6,227,2016,9,1,5,2,50552,4,0,1,1,0,14,12
45699907,28300,788.875,0,35,2013,9,1,5,2,150000,4,2,2,1,0,1,12
45808863,14069,1156,2,421,2017,4,1,5,2.3,111416,4,0,1,1,0,14,4
45797722,19416,531,4,387,2012,9,1,5,1.6,79534,4,0,1,1,0,7,4
45802858,49858,891,4,733,2016,4,1,1,2,126465,4,0,1,1,0,7,4
45802767,27284,639,4,733,2014,4,1,1,2,51106,4,0,1,1,0,14,4
45801496,23129,730,4,387,2016,9,1,5,1.6,87973,4,0,1,1,0,7,4
45803201,13172,891,4,748,2016,9,1,4,2,503679,4,0,1,1,0,8,4
45769004,188,308,7,643,2014,4,1,2,1.8,187334,4,0,1,1,0,14,12
45797675,28852,971.138888888889,6,201,2012,9,1,5,3,70000,6,2,0,1,0,11,12
45760690,14069,1500.5,7,583,2014,4,0,1,3,120000,8,0,0,1,0,1,12
45802591,37897,765,4,733,2015,4,1,1,2,148387,4,0,1,1,0,14,4
45809846,17939,639,1,317,2014,9,1,1,2,135804,4,0,1,1,0,7,4
45660968,157,919,0,871,2012,4,1,1,3,296395,6,0,0,1,0,7,0
45802927,13736,911,4,733,2010,4,1,1,2.2,112483,4,0,1,1,0,12,4
45809431,22197,609,3,425,2016,3,1,5,1.3,70000,4,0,1,1,0,12,4
45800413,12858,843,7,643,2008,3,0,2,1.5,217600,4,0,1,1,0,2,8
45728000,94,986,5,531,2010,9,1,2,2.4,224062,4,0,1,1,0,1,12
44312220,8500,1268,3,462,2012,7,0,5,1.5,100000,4,0,1,1,1,1,2
45654371,282,753,4,748,2012,9,1,2,2.4,226814,4,0,1,1,0,1,0
45801053,8781,872.02838865217,7,144,2003,9,0,5,2,59000,6,0,2,1,1,2,4
45797803,19444,1051,4,748,2016,9,0,5,2.4,58000,4,2,1,1,0,2,0
45748912,27284,830,3,425,2019,3,0,5,1.5,1500,4,0,1,1,0,15,6
45756884,392,481,2,465,2017,9,1,2,2,89758,4,0,1,1,0,14,0
45779042,7840,1342.66873449132,6,837,1999,7,1,0,2.8,280000,6,0,2,1,1,7,4
45806555,10349,1711.27272727273,0,871,2004,4,1,0,3,250000,6,2,0,1,0,1,6
45456045,23521,1429.8433516297,6,208,2007,9,1,1,3,215000,6,2,0,1,0,3,8
45813581,1019,1018,0,94,2011,9,1,5,3,0,6,0,2,1,0,1,12
45731446,37000,777,4,526,2014,7,1,1,2.5,120804,4,0,1,1,0,12,4
45638832,29166,765,4,748,2015,9,1,5,2,99200,4,0,1,1,0,1,12
45807240,862,1292,6,502,2016,4,1,5,3,70450,6,0,0,1,0,7,10
45642500,18189,455.705882352941,7,651,2012,3,0,2,1.5,174400,4,0,1,1,0,7,8
45815382,706,1399,5,694,2010,4,1,5,3.5,172659,6,0,0,1,0,14,12
45756683,862,1996,3,312,2002,4,1,5,2.4,278728,4,0,0,1,0,14,12
45751455,19757,586,7,643,2012,3,1,2,1.8,101000,4,0,1,1,0,7,12
45804404,21608,2108,5,572,2009,9,1,5,4.6,217614,4,0,1,1,0,12,4
45786567,47042,1478,0,107,2010,9,1,5,4.4,119000,8,2,2,1,0,1,12
45803475,15681,891,4,748,2016,9,1,4,2,282994,4,0,1,1,0,12,4
45793354,12544,1701.21052631579,6,605,2004,4,1,0,3.7,195000,6,2,0,1,0,12,12
45815245,220,777,7,268,2014,9,1,5,2.5,214184,4,0,1,1,0,1,12
45751986,33870,640,0,50,2013,9,1,5,2,111000,4,2,2,1,0,1,12
45804633,43278,1020.57819905213,0,871,2012,4,1,5,2,91000,8,0,0,1,0,2,12
45676055,10349,585,7,643,2013,3,0,2,1.8,317000,4,3,1,1,0,14,8
45761444,37633,1304,0,128,2010,9,1,5,4.4,111000,8,0,0,1,0,1,12
45803192,15681,891,4,748,2016,9,1,4,2,290850,4,0,1,1,0,12,4
45520804,14113,704.859649122807,2,452,2013,9,1,5,2,76800,4,0,1,1,0,1,6
45806053,13485,585,4,387,2013,9,1,5,1.8,17000,4,0,1,1,0,1,4
45781950,7527,1515,6,184,2002,1,1,5,1.8,334000,4,1,2,0,0,12,6
45802184,32412,777,4,526,2014,7,1,1,2.5,131957,4,0,1,1,0,14,4
45801410,12720,475,4,138,2012,9,1,5,1.4,141000,4,0,1,1,0,14,4
45809208,39085,765,1,289,2015,4,1,1,2,76550,4,0,1,1,0,1,4
45772831,3293,645,5,258,2011,3,1,2,1.8,224267,4,0,1,1,0,12,0
45396155,17405,761,7,643,2010,9,1,2,1.8,217600,4,0,1,1,0,7,6
45772695,5018,1624,6,361,2009,9,1,1,3.5,109139,6,0,2,1,0,1,12
45809855,28225,645,6,191,2011,9,1,5,1.8,24000,4,2,2,1,0,11,10
45815537,32929,584,6,191,2014,1,1,5,1.8,67680,6,2,2,0,0,1,8
45810342,19676,642,1,620,2012,9,1,5,2,194664,4,0,1,1,0,14,4
45636372,2666,382,2,465,2015,9,1,2,2,100747,4,0,1,1,0,6,0
45654438,706,503,7,643,2012,3,1,2,1.5,160088,4,0,1,1,0,11,12
45761593,33556,917,0,871,2013,4,1,5,3,119000,6,2,0,1,0,12,12
45733146,16308,891,4,748,2016,9,1,4,2,128965,4,0,1,1,0,14,4
45792594,18503,582.788167938931,7,643,2010,9,1,2,1.8,116000,4,3,1,2,0,12,7
45636331,862,333,2,465,2014,9,1,2,2,186048,4,0,1,1,0,1,0
45803302,14834,707,4,748,2011,9,1,5,2,190000,4,0,1,1,0,7,4
45804411,26425,1811,5,572,2010,9,1,5,4.6,224500,4,0,1,1,0,12,4
45119810,12858,761,7,643,2010,3,0,5,1.8,19500,4,3,1,1,0,2,6
45650429,9879,1058,7,535,2012,4,1,2,3.5,157211,6,0,0,1,0,14,12
43593464,17092,1017,4,397,2017,9,0,5,2,33097,4,0,1,1,0,11,8
45810647,9346,363,1,768,2014,3,1,5,1,73936,4,0,1,1,0,14,4
45523686,2195,1079,7,220,2018,4,1,5,2,22816,4,0,1,1,0,7,12
45802220,41886,1091,4,526,2016,7,1,1,2.5,104697,4,0,1,1,0,12,4
45689097,14426,1841,6,347,2003,9,0,1,2.7,215000,6,2,2,1,0,1,8
45791231,25716,757.14552238806,7,268,2012,9,1,5,2.5,147745,4,2,1,1,0,7,12
45761471,24775,528,2,414,2014,4,1,5,1.6,131000,4,2,1,2,0,14,12
45803260,10036,639,4,748,2014,9,1,4,2,128965,4,0,1,1,0,12,4
45720276,15681,1055,6,361,2013,9,1,5,3.5,140800,6,0,0,1,0,1,0
45769318,1725,1324,7,535,2010,9,1,2,3.3,226198,6,0,0,1,0,6,12
45649679,5018,1399,5,701,2010,4,1,2,3.5,167222,6,0,0,1,0,1,12
45754348,2038,934,7,268,2015,9,1,5,2.5,0,4,0,1,1,0,1,12
45803088,28059,640,4,733,2013,4,1,1,2,52351,4,0,1,1,0,14,4
45704418,50,582.788167938931,7,643,2012,9,1,2,1.8,150000,4,0,1,1,0,14,6
45798293,15624,528,4,387,2014,9,1,5,1.6,164649,4,0,1,1,0,7,4
45734479,30,1599.33333333333,3,425,2003,3,0,5,1.3,0,4,0,1,1,1,11,4
45620566,3763,1850,6,361,2008,9,1,1,3.5,494317,6,0,0,1,0,1,12
45806346,27598,1017,4,387,2017,9,1,5,2,83200,4,2,1,1,0,12,6
45770166,470,2225,5,516,2017,4,1,5,4.6,69918,8,0,0,1,0,14,0
45812922,42024,966.724137931034,0,94,2012,9,1,5,3,87000,6,2,0,1,0,1,12
45808632,20071,891,0,65,2016,0,1,5,2,52131,4,0,2,0,0,1,12
45804826,33908,639,4,817,2014,4,1,1,2,85254,4,0,1,1,0,1,4
45732791,17035,836,4,748,2010,9,1,5,2,144500,4,0,1,1,0,14,4
45801855,11864,687,4,387,2010,9,1,5,1.6,118698,4,0,1,1,0,12,4
45437467,42337,940.695652173913,7,680,2015,4,0,5,2.5,7520,8,0,1,1,0,14,8
39981079,45473,1690.85714285714,6,769,2008,6,0,1,2.2,190000,4,2,2,1,0,12,2
45742149,30,1599.33333333333,3,425,2007,3,0,5,1.3,0,4,0,1,1,1,12,4
45801471,36137,880,4,387,2018,9,1,4,1.6,47181,4,0,1,1,0,12,4
45770084,470,1750,7,535,2008,1,1,2,3.3,182024,6,0,0,1,0,1,12
45655778,941,1850,5,696,2008,4,1,2,3.5,364523,6,0,0,1,0,1,12
44804314,20385,781,7,268,2012,9,1,5,2.5,162000,4,2,1,1,0,1,10
45759309,22580,757.14552238806,7,268,2012,9,1,5,2.5,304000,4,2,1,1,0,4,12
45773253,220,259,1,853,2014,3,1,2,1.4,110958,4,0,1,1,0,1,0
45776188,7840,1599.33333333333,3,425,2002,3,0,5,1.3,178000,4,3,1,1,1,14,2
45770150,392,1514,5,517,2011,9,1,5,4.6,202048,8,0,0,1,0,14,0
45612642,13799,986,4,748,2010,9,0,5,2.4,90000,4,0,1,1,0,11,16
45800776,7524,1527,6,174,1998,10,0,0,1.8,333000,4,1,2,1,0,1,6
45801764,16894,583,4,387,2011,9,1,5,1.6,104090,4,0,1,1,0,14,4
45802594,36567,765,4,733,2015,4,1,1,2,146844,4,0,1,1,0,2,4
45767614,15681,585,4,387,2013,9,0,5,1.8,120000,4,0,1,1,0,2,14
45801469,8154,583,4,138,2011,3,1,1,1.6,43522,4,0,1,1,0,12,4
45776579,25089,1500.5,7,583,2002,4,0,4,3.4,103000,6,0,0,1,1,6,12
45771952,36065,1338.90845620294,0,885,2010,4,1,1,3,162000,6,0,0,1,0,14,12
45757744,1490,586,5,258,2012,3,1,2,1.8,174106,4,0,1,1,0,14,0
45781930,18503,598.5,4,827,2011,3,1,5,1.6,65600,4,2,1,0,0,12,4
45791521,20385,582.788167938931,7,643,2013,3,1,5,1.8,295142,4,0,1,1,0,12,12
44875797,17876,1338.90845620294,0,103,2007,9,1,5,3,247000,6,2,2,1,0,7,8
45801599,3150,862,7,419,1997,7,0,5,2.4,230000,4,0,0,1,1,12,2
45766300,27284,834,7,792,2013,4,1,5,2.7,397915,4,0,2,1,0,14,12
45797008,47408,1138,4,522,2013,1,1,5,3.8,116482,4,0,1,1,0,1,4
45769500,470,1399,6,361,2010,9,1,5,3.5,229904,6,0,0,1,0,1,12
45794476,21012,582.788167938931,7,643,2013,3,0,2,1.8,77000,4,0,1,1,0,2,10
45733294,10663,765,4,748,2015,9,1,4,2,278223,4,0,1,1,0,12,4
45762255,6586,259,1,853,2014,3,1,2,1.4,112123,4,0,1,1,0,12,0
45789427,14069,1429.8433516297,6,179,2014,9,1,5,2,66500,4,2,2,1,0,14,12
45782197,15994,582.788167938931,7,643,2010,9,0,2,1.8,180000,4,3,1,1,0,1,8
44110192,14113,749.991967871486,7,145,2013,3,0,2,1.5,141000,4,0,1,1,1,12,4
45801967,18346,629,4,387,2015,9,1,4,1.6,31891,4,0,1,1,0,7,4
45809924,13626,583,1,317,2011,9,1,5,1.6,154148,4,0,1,1,0,1,4
45767790,9565,1058,7,535,2012,4,1,5,3.5,285186,6,0,1,1,0,7,12
45757118,4547,474,1,853,2013,3,1,2,1.4,150517,4,0,1,1,0,1,0
45766829,188,781,2,465,2012,9,1,5,2.5,216035,4,0,1,1,0,7,12
45802207,36899,1091,4,526,2016,7,1,1,2.5,119098,4,0,1,1,0,12,4
45640923,1019,917,0,871,2013,4,1,1,3,137802,6,0,0,1,0,1,0
45762114,12544,939.882352941176,7,849,2012,9,0,5,1,106000,3,0,1,1,0,14,10
45396813,27911,779,7,680,2013,4,0,5,2.5,83200,4,0,0,1,0,12,0
45792102,17876,862,6,374,2004,9,1,4,2,175000,8,2,2,1,0,1,8
45801168,8781,1082.27272727273,6,182,1999,9,0,1,2.2,319990,4,1,2,1,0,12,2
45811319,14269,1481,0,871,2017,4,1,1,3,98726,6,0,0,1,0,14,12
45812763,220,1327,7,268,2018,9,1,5,2.5,60915,4,0,1,1,0,14,12
45804409,14069,1325,6,861,2019,8,1,1,2.5,102,4,0,0,1,0,12,12
45749268,6586,1119.75,7,298,2001,9,0,5,1.5,138000,4,0,1,1,1,12,2
45418057,10349,1599.33333333333,3,425,2005,3,0,5,1.3,156000,4,0,1,1,1,12,4
45762493,26657,725.166666666667,0,84,2011,9,1,5,3,125000,6,2,2,1,0,12,16
45803214,10036,862,4,748,2014,9,1,4,2,333686,4,0,1,1,0,12,4
45765640,19130,1194,7,792,2013,9,1,5,4,57554,6,0,0,1,0,12,12
45319704,21500,1429.8433516297,6,600,2007,4,1,1,3,215000,6,0,0,1,0,12,8
45646971,3450,607,7,268,2019,9,1,2,2.5,9626,4,0,1,1,0,1,12
45661054,26657,919,6,605,2012,4,1,1,3,271701,6,0,0,1,0,14,12
45811124,14426,1399,5,701,2010,4,1,2,3.5,249112,6,0,0,1,0,7,0
45816271,1254,1292,0,891,2016,4,1,5,3,74674,6,0,0,1,0,14,12
45792216,14069,1338.90845620294,0,114,2013,9,1,5,3,71000,6,2,2,1,0,14,12
45810959,18817,400,1,853,2018,9,1,2,1.5,70720,4,0,1,1,0,1,12
45523509,21012,1077,7,220,2019,4,1,5,2,19834,4,0,1,1,0,12,12
45815884,11290,1277,4,733,2018,9,1,5,2.4,10990,4,0,1,1,0,1,12
45696181,24775,777,7,276,2014,9,1,5,2.5,96000,4,2,1,1,0,7,10
45731019,14069,1325,4,526,2019,6,1,1,2.5,21442,4,0,1,1,0,14,4
45764144,706,1646,5,516,2015,4,1,5,4.6,102907,8,0,0,1,0,1,0
45810079,45445,1249,1,559,2017,9,1,5,2.5,65496,4,0,1,1,0,1,4
45813640,3136,271,7,651,2014,3,1,2,1.5,252442,4,0,1,1,0,7,0
45583433,25716,831,2,799,2011,2,0,1,2.4,117277,4,1,2,1,0,14,4
45664658,282,753,4,748,2012,9,1,2,2.4,93816,4,0,1,1,0,1,0
45798163,11102,790,4,387,2009,9,1,5,1.6,186434,4,0,1,1,0,12,4
45770009,8311,891,6,498,2016,4,1,5,2,109555,4,0,1,1,0,14,0
45770294,7840,1429.8433516297,6,357,1997,9,1,4,3.2,170000,6,1,2,1,0,6,4
45802205,13485,878,7,643,2009,3,0,2,1.8,257000,4,0,1,1,0,5,6
45798305,11604,583,4,387,2011,9,1,5,1.6,51211,4,0,1,1,0,1,4
45780717,28852,794.604651162791,7,298,2014,9,1,5,1.6,112000,4,2,1,1,0,14,8
44127453,1500,1823,7,542,2010,8,1,1,2.5,33200,4,1,0,1,0,14,4
45803027,33908,833,4,733,2015,4,1,1,2.2,150000,4,0,1,1,0,7,4
45816566,549,1017,4,387,2017,9,1,5,2,87357,4,0,1,1,0,2,12
45646695,9722,609,7,268,2018,9,1,2,2.5,127515,4,0,1,1,0,1,12
45767731,1568,1172,7,535,2011,4,1,2,3.5,342622,6,0,0,1,0,1,12
45619285,627,1055,6,361,2013,1,1,1,3.5,0,6,0,2,0,0,12,12
45773695,392,779,7,268,2013,4,1,2,2.5,493571,4,0,1,1,0,1,12
45774176,9565,919,6,361,2012,9,1,1,3,171221,6,0,2,1,0,1,12
45809537,21285,691,3,425,2017,3,1,5,1.3,68415,4,0,1,1,0,1,4
45801544,11290,843,7,643,2008,3,0,2,1.5,188000,4,3,1,1,0,5,7
45770113,30734,1053,6,361,2014,9,1,1,3.5,200179,6,0,0,1,0,1,12
45802493,10381,583,4,547,2011,3,1,1,1.6,56581,4,0,1,1,0,1,4
45066516,8938,1236,3,425,2011,3,0,2,1.3,121000,4,3,1,1,1,14,0
45804993,4704,1429.8433516297,6,35,2000,1,1,5,3.2,320000,4,0,1,0,0,1,4
45643557,16151,1018,0,50,2011,9,1,5,3,135000,6,2,0,1,0,12,12
45624986,7056,915,0,871,2014,4,1,1,3,141384,6,0,0,1,0,2,0
45813491,941,586,7,643,2012,3,1,2,1.8,0,4,0,1,1,0,2,12
45802813,55528,1017,4,733,2017,4,1,1,2,84315,4,0,1,1,0,12,4
45655195,392,690,5,701,2016,4,1,2,3.5,27038,6,0,0,1,0,14,12
45460793,9408,2084,2,799,1999,6,0,1,2.5,270000,4,1,2,0,1,2,2
45769731,9565,1058,7,535,2012,4,1,5,3.5,285186,6,0,1,1,0,7,12
45774204,59586,1078.53623188406,6,605,2012,4,1,1,3,0,6,2,0,1,0,12,12
45753581,25716,781,7,268,2012,9,1,2,2.5,107000,4,0,1,1,0,1,12
45596373,13485,690,1,325,2016,9,1,5,1.5,112879,4,0,1,1,0,1,8
45744981,22900,582.788167938931,7,643,2012,3,0,2,1.8,99000,4,3,1,1,0,14,10
45801491,14454,583,4,387,2011,9,1,5,1.6,127500,4,0,1,1,0,14,4
45758210,22894,777,7,268,2014,9,0,5,2.5,58400,4,2,1,1,0,7,12
45797030,31650,777,4,526,2014,7,1,1,2.5,164805,4,0,1,1,0,14,4
45794877,6899,1917,6,133,2006,9,0,5,1.7,149000,4,2,1,1,1,4,6
45807938,10663,503,7,651,2012,3,1,2,1.5,130000,4,0,1,1,0,13,12
45642587,8000,875,7,849,2012,3,0,5,1,80000,3,3,1,1,1,12,2
45808626,5175,919,0,124,2012,9,1,5,3,199536,6,0,2,1,0,12,12
45787249,14426,586,7,643,2012,9,0,2,1.8,127324,4,0,1,1,0,1,5
45656506,220,1399,5,701,2010,4,1,2,3.5,317470,6,0,0,1,0,7,12
45796969,17876,1533.25,2,799,2008,6,0,1,2.4,160000,4,1,2,0,0,14,2
45773934,9722,456,7,268,2015,9,1,2,2.5,241227,4,0,1,1,0,12,12
45804294,24123,642,4,817,2012,4,1,1,2,169700,4,0,1,1,0,12,4
45769567,6586,1190,7,792,2014,9,1,5,4,0,6,0,2,1,0,12,12
45802823,53154,1017,4,733,2017,4,1,1,2,105751,4,0,1,1,0,14,4
45808565,1646,1172,1,559,2011,9,1,5,3.5,219043,6,0,1,1,0,1,12
45802784,29323,765,4,733,2015,4,1,1,2,81142,4,0,1,1,0,14,4
45774880,7840,1677,2,799,2003,6,0,1,2,240000,4,1,1,2,0,14,2
45810435,26096,891,1,639,2016,4,1,4,2,121940,4,0,1,1,0,14,4
45816128,23521,584,7,298,2014,9,1,5,1.8,75000,6,2,1,1,0,1,10
45777071,10000,1533.25,2,799,2002,2,0,1,2,135000,4,1,1,1,0,14,2
45804126,18503,1271.22222222222,7,268,2007,9,1,2,2.4,248000,4,0,1,1,0,11,6
45648036,251,607,7,268,2019,9,1,2,2.5,39552,4,0,1,1,0,1,12
45772021,392,481,2,465,2017,9,1,2,2,89758,4,0,1,1,0,14,0
45809864,19823,501,7,145,2014,3,1,5,1.5,122727,4,0,1,1,0,1,4
45804776,35899,770,4,817,2016,4,1,1,1.7,186097,4,0,1,1,0,14,4
45681376,16935,777,2,465,2014,9,0,5,2.5,130000,4,0,1,1,0,14,10
45791983,1333,949,2,706,2010,8,1,5,2.3,249683,4,0,2,1,0,7,12
45764517,470,1750,7,535,2008,4,1,2,3.3,182024,6,0,0,1,0,1,12
45805156,16778,707,4,817,2011,4,1,1,2,83251,4,0,1,1,0,14,4
45803207,19914,891,4,748,2016,9,1,4,2,209744,4,0,1,1,0,14,4
45769547,27284,834,7,792,2013,4,1,5,2.7,397915,4,0,2,1,0,14,12
45788535,43905,1101.54054054054,7,220,2018,4,0,5,2,23400,4,2,1,1,0,13,12
45803539,9722,765,4,748,2015,9,1,4,2,471636,4,0,1,1,0,8,4
45809811,13987,642,1,317,2012,9,1,1,2,104967,4,0,1,1,0,7,4
45771485,282,2455,5,517,2008,4,1,5,2,218126,8,0,0,1,0,1,0
45728096,549,585,5,258,2013,3,1,2,1.8,65989,4,0,1,1,0,12,12
45771917,470,645,7,643,2011,4,1,2,1.8,353606,4,0,1,1,0,7,12
45796538,23521,777,7,268,2014,9,1,5,2.5,88000,4,2,1,1,0,1,11
45803960,16766,836,4,817,2010,4,1,1,2,205000,4,0,1,1,0,7,4
45772504,32302,1604,6,361,2014,9,1,5,2,101424,8,0,0,1,0,7,12
44824360,10976,2084,2,799,1998,6,0,1,2.5,235000,4,1,1,1,0,7,4
45642801,784,394,7,268,2014,9,1,2,2.5,102397,4,0,1,1,0,1,12
45796872,35846,1249,4,526,2017,10,1,1,2.5,143629,4,0,1,1,0,1,4
45617663,16935,503,7,651,2012,3,0,2,1.5,205712,4,0,1,1,0,3,8
45792956,4234,694,1,162,2008,9,1,5,1.2,123232,4,0,1,1,0,14,4
45814242,12231,650,1,317,2016,9,0,5,1.4,182880,4,0,1,1,0,1,8
45808614,6743,1236,3,429,2011,3,0,2,1.3,89421,4,0,1,1,1,1,4
45510072,12858,749.991967871486,7,145,2013,9,0,2,1.5,160320,4,0,1,1,1,12,4
45766686,2038,353,7,643,2015,4,1,2,1.8,104795,4,0,1,1,0,14,12
45805615,12074,574,3,561,2010,9,0,2,1.3,222000,4,2,1,1,0,7,8
45806461,5802,505,2,465,2018,4,1,2,2,53013,4,0,1,1,0,7,12
45758256,157,1363,5,516,2012,4,1,5,4.6,189704,8,0,0,1,0,7,0
45723475,19444,502,2,465,2013,9,0,5,1.5,100000,4,0,1,1,0,1,8
45760196,282,2455,5,517,2008,4,1,5,2,218126,8,0,0,1,0,1,0
45645620,392,781,7,268,2012,9,1,2,2.5,314373,4,0,1,1,0,7,12
42905204,100,1711.27272727273,0,871,2005,4,1,4,4.4,10000,8,2,0,1,0,12,8
45523673,6272,1079,7,220,2018,4,1,5,2,18754,4,0,1,1,0,11,12
45732664,8467,639,4,748,2014,9,1,4,2,128965,4,0,1,1,0,8,4
42839062,45,1599.33333333333,3,425,2006,9,1,5,1.3,180000,12,0,1,1,1,1,2
45809158,54932,891,2,794,2016,9,1,5,2,42554,4,0,1,1,0,1,4
45776536,9722,1211,0,50,2010,9,1,5,3,105000,6,2,2,1,0,7,2
45765028,314,1053,6,361,2014,9,1,1,3.5,149486,6,0,0,1,0,12,12
41388432,5950,1434.33333333333,6,335,2000,9,1,1,2.2,289350,4,0,2,1,0,6,6
45803568,15994,891,4,748,2016,9,1,4,2,240572,4,0,1,1,0,12,4
45815339,8154,585,7,643,2013,3,1,2,1.8,173933,4,0,1,1,0,12,10
45543938,15681,1711.27272727273,0,871,2005,4,1,5,4.4,128965,6,0,2,1,0,3,0
45803046,34074,639,4,733,2014,4,1,1,2,154115,4,0,1,1,0,7,4
44243704,12858,888.488372093023,7,643,2007,3,0,2,1.5,122500,4,3,1,1,0,1,6
45757121,3136,475,1,853,2012,3,1,2,1.4,162190,4,0,1,1,0,2,0
45770171,110,2225,5,516,2017,4,1,5,4.6,0,8,0,0,1,0,14,0
45731467,28423,777,4,526,2014,7,1,1,2.5,190000,4,0,1,1,0,14,4
45770895,1411,1624,6,361,2009,9,1,1,3.5,266061,6,0,0,1,0,1,12
44482141,21000,2265,3,462,2019,7,1,5,1.5,6800,4,0,1,1,1,7,2
45733016,15681,891,4,748,2016,9,1,4,2,263886,4,0,1,1,0,12,4
45802227,35005,1091,4,526,2016,7,1,1,2.5,113293,4,0,1,1,0,14,4
45810150,10381,687,1,575,2010,9,1,5,1.6,122590,4,0,1,1,0,14,4
45770006,314,1017,6,355,2017,9,1,5,2,26802,4,0,2,1,0,1,12
45683846,12544,2084,2,799,1995,2,0,1,2.5,207888,4,1,2,1,0,14,0
45744580,9408,1268,7,145,2012,3,0,2,1.5,120000,4,3,1,1,1,12,2
45756951,6272,1360,5,517,2013,4,1,5,4.6,202651,8,0,0,1,0,1,0
45651925,470,382,2,465,2015,9,1,2,2,367720,4,0,1,1,0,14,0
45770182,3763,584,4,387,2014,9,1,5,1.8,110685,4,0,1,1,0,14,12
45801512,10976,528,4,387,2014,9,1,5,1.6,75000,4,0,1,1,0,12,4
45802684,31220,696,4,733,2013,4,1,1,2.2,256000,4,0,1,1,0,1,4
45804858,23521,940.695652173913,7,680,2011,4,0,5,2.5,144000,4,0,1,1,0,1,6
45804647,58338,831,4,817,2017,4,1,5,1.6,43420,4,0,1,1,0,14,4
43323003,76835,1429.8433516297,6,229,2014,9,1,5,2,66000,4,2,0,1,0,1,12
45758222,47042,1646,5,517,2015,4,1,5,4.6,106918,8,0,0,1,0,1,0
45802363,21805,1024,4,526,2010,7,1,1,2.5,58958,4,0,1,1,0,1,4
45759102,941,1811,5,516,2010,4,1,5,4.6,260771,8,0,0,1,0,1,0
45640876,14113,915,0,871,2014,4,1,1,3,110715,6,0,0,1,0,14,0
45802437,20814,919,4,525,2012,9,1,5,3,215833,4,0,1,1,0,1,4
45764120,9408,1599.33333333333,3,425,2007,3,0,5,1.5,180000,4,3,1,1,1,2,4
45793582,9377,1090,1,289,2008,4,1,1,2,53391,4,0,1,1,0,14,4
45796994,30517,777,4,526,2014,7,1,1,2.5,151854,4,0,1,1,0,7,4
45778360,8500,970.867153989687,2,804,1992,6,0,1,2.5,2582,4,1,2,0,0,2,0
45626041,12544,1515,6,184,2004,9,1,5,1.8,153000,4,0,2,1,0,12,6
45689228,52687,1055,6,608,2013,4,1,5,3.5,78000,6,2,0,1,0,1,12
45806021,13000,862,6,374,2000,9,1,5,2,168000,8,2,2,1,0,1,12
45788645,8200,1994.5,3,312,2002,4,0,0,2,69000,4,0,0,1,1,12,6
45809402,28789,694,1,289,2014,4,1,1,2.2,93576,4,0,1,1,0,12,4
45766357,188,289,2,409,2008,9,1,2,0.4,209843,4,0,1,1,0,7,0
45762594,94,441,4,748,2015,9,1,2,2.4,261928,4,0,1,1,0,1,0
45810177,549,690,1,620,2016,9,1,5,1.5,229003,4,0,1,1,0,1,12
45798479,8311,1338.90845620294,0,77,2001,9,0,5,2.3,200000,6,1,2,1,0,2,12
45809758,57607,784,7,145,2017,3,1,5,1.5,15000,4,0,1,1,0,1,4
45803262,13799,765,4,748,2015,9,1,4,2,30258,4,0,1,1,0,12,4
45816578,392,585,4,387,2013,9,1,5,1.8,353774,4,0,1,1,0,14,12
45654846,157,1058,6,605,2012,4,1,1,3.5,245762,6,0,0,1,0,1,12
45782096,29793,1338.90845620294,0,44,2013,9,1,5,2,161000,4,2,2,1,0,1,8
45812926,31988,1211,6,837,2010,7,1,1,3,240000,6,0,2,1,0,1,2
45751939,549,810,4,387,2016,9,1,5,1.8,73674,4,0,1,1,0,12,12
45732587,48575,891,4,733,2016,4,1,1,2,121639,4,0,1,1,0,12,4
45645369,157,1058,6,605,2012,4,1,5,3.5,245762,6,0,0,1,0,1,12
45757735,10036,1429.8433516297,6,240,2004,1,1,5,3.2,178000,6,2,2,0,0,2,0
45792230,17719,1202,4,748,2017,9,0,5,2.4,0,4,0,1,1,0,7,0
45732844,15681,891,4,748,2016,9,1,4,2,219432,4,0,1,1,0,12,4
44492216,18814,1451.8,7,680,2007,4,0,5,3.5,260000,6,0,0,1,0,7,8
45776611,21500,831,3,312,2011,4,1,5,2.4,116000,4,0,0,1,0,3,12
45649953,392,779,7,268,2013,9,1,2,2.5,232032,4,0,1,1,0,12,12
45771002,35,888.488372093023,7,643,2008,3,0,2,1.5,0,4,0,1,1,0,14,6
45675929,12544,878,3,293,2009,9,1,5,1.8,75000,4,0,1,1,0,14,12
45743709,14113,625.709923664122,1,317,2014,9,0,5,1.8,130000,6,2,1,1,0,2,6
45656611,28225,966.724137931034,0,94,2012,9,1,5,3,104000,6,2,2,1,0,7,12
45803223,15053,765,4,748,2015,9,1,4,2,128965,4,0,1,1,0,12,4
45760581,20071,757.14552238806,7,268,2012,9,0,5,2.5,256000,4,2,1,1,0,12,6
45535332,17249,970.867153989687,2,410,2010,4,0,5,3,166635,6,0,0,1,0,1,6
45809336,24239,502,3,425,2013,3,1,5,1.5,20100,4,0,1,1,0,2,4
45732752,5645,891,4,748,2016,9,1,4,2,128965,4,0,1,1,0,8,4
45757912,13172,779,2,465,2013,9,0,5,2.5,208723,4,0,1,1,0,7,0
45809185,5209,447,3,425,2013,3,1,5,1.3,69219,4,0,1,1,0,12,4
45790604,17249,2971,6,210,1995,9,1,5,3.6,150000,6,0,2,1,0,12,2
44825509,19757,1051,4,748,2016,9,0,5,2.4,83200,4,2,1,1,0,12,12
45776400,28,888.488372093023,7,643,2006,9,1,2,1.5,252800,4,0,1,1,0,12,6
45765767,7213,970.867153989687,2,809,1991,6,0,1,2.5,111111,7,1,2,1,0,14,1
42022121,408,1943.5,5,574,2010,4,1,5,2,174000,8,2,0,1,0,14,12
45796367,15681,585,7,643,2013,9,1,2,1.8,0,4,2,1,1,0,7,8
45642067,5018,779,7,268,2013,9,1,2,2.5,190549,4,0,1,1,0,1,12
45773638,14740,2084,2,799,1999,6,0,1,2.5,326432,4,1,2,0,0,11,2
45813023,13485,888.488372093023,7,643,2009,9,0,2,1.5,288000,4,0,1,1,0,1,4
45807627,9408,1496.78125,6,174,2000,9,0,0,2,19000,4,2,2,1,0,12,6
45667252,16308,792.627815866797,4,748,2011,9,1,2,2.4,107000,4,2,1,1,0,1,10
45651319,392,690,5,701,2016,4,1,2,3.5,27038,6,0,0,1,0,14,12
45809640,25089,501,7,145,2014,3,1,5,1.5,96800,4,0,1,1,0,1,4
45768611,470,1750,7,535,2008,4,1,2,3.3,182024,6,0,0,1,0,1,12
45606391,48610,1058,7,535,2012,4,1,2,3.5,75000,6,2,0,1,0,14,12
45656672,3293,761,7,643,2010,3,1,2,1.8,159382,4,0,1,1,0,14,12
45809697,27911,585,3,293,2013,9,1,5,1.8,90000,4,0,1,1,0,12,4
45797357,59831,640,4,522,2013,1,1,5,2,53885,4,0,1,1,0,1,4
45733360,13172,891,4,748,2016,9,1,4,2,358526,4,0,1,1,0,8,4
45774261,627,1053,2,421,2014,4,1,5,3.5,145832,6,0,1,1,0,12,12
45788918,20698,639,4,748,2014,9,1,5,2,78000,4,0,1,1,0,11,12
45669136,13172,1994.5,3,312,2005,4,0,5,2.4,150000,4,0,0,1,0,1,4
45782945,5331,1685,6,177,1996,9,0,0,2,305222,4,1,2,1,0,1,2
45804357,17876,333,2,465,2014,9,0,2,2,110200,4,3,1,1,0,14,8
45802905,25716,640,4,733,2013,4,1,1,2,36458,4,0,1,1,0,14,4
45803360,15681,891,4,748,2016,9,1,4,2,265917,4,0,1,1,0,12,4
45770242,314,1017,6,355,2017,9,1,5,2,26802,4,0,2,1,0,1,12
45757539,11447,1338.90845620294,0,78,2002,9,1,5,2.5,160000,4,2,2,1,0,12,10
45426955,37320,1429.8433516297,6,710,2006,9,1,5,3.5,176000,6,2,2,1,0,1,8
45787909,4077,1338.90845620294,0,27,1995,3,0,5,1.6,250000,4,0,2,0,0,1,1
45755110,1960,781,2,465,2012,9,1,2,2.5,375862,4,0,1,1,0,1,0
45730629,27946,528,4,387,2014,9,1,1,1.6,102152,4,0,1,1,0,14,4
45806241,13172,761,3,425,2010,9,0,2,1.8,368000,4,3,1,1,0,7,12
45802950,23138,707,4,733,2011,4,1,1,2,191836,4,0,1,1,0,12,4
45772694,46728,1811,5,516,2010,4,1,5,4.6,260771,8,0,0,1,0,1,0
45756531,13485,749.991967871486,7,145,2013,9,0,2,1.5,121000,4,0,1,1,1,12,6
45704192,14113,761,7,643,2010,9,0,2,1.8,181022,4,0,1,1,0,1,12
45433842,29793,1386,3,642,2010,4,1,5,3.5,17000,6,0,0,1,0,1,10
45772070,31047,1820,7,792,2019,9,1,5,3.5,17542,6,0,2,1,0,12,12
45762234,220,259,1,853,2014,3,1,2,1.4,110958,4,0,1,1,0,1,0
45816602,13500,1338.90845620294,0,72,2004,9,1,5,3,210000,6,2,2,1,0,12,8
45617981,470,1053,6,361,2014,9,1,1,3.5,146395,6,0,2,1,0,7,12
45620892,627,1604,6,361,2014,9,1,1,2,101424,8,0,0,1,0,7,12
45772170,94,441,4,748,2015,9,1,2,2.4,261928,4,0,1,1,0,1,0
45803844,21395,642,4,817,2012,4,1,1,2,169834,4,0,1,1,0,7,4
45761514,4234,2078,0,46,1997,9,0,5,2.5,225142,6,0,2,1,0,1,2
45635253,3607,781,7,268,2012,9,1,2,2.5,156518,4,0,1,1,0,14,12
45792144,3293,586,3,293,2012,9,1,5,1.8,124509,4,0,1,1,0,14,12
45729963,26475,531,4,387,2012,9,1,5,1.6,75876,4,0,1,1,0,7,4
45807095,37320,1481,6,502,2017,4,1,5,3,51824,6,0,0,1,0,14,12
45770089,15994,1172,6,361,2011,1,1,1,3.5,170429,6,0,2,0,0,12,12
45754310,3607,761,7,298,2010,9,1,5,1.8,290280,4,0,1,1,0,12,12
45782451,9408,862,7,566,2002,9,0,0,2.4,229000,4,0,0,1,1,2,6
45809662,10117,645,1,317,2011,9,1,5,1.8,170000,4,0,1,1,0,7,4
45804420,28830,640,4,817,2013,4,1,1,2,132020,4,0,1,1,0,12,4
45756169,50,582.788167938931,7,643,2013,9,0,2,1.5,0,4,0,1,1,0,12,8
45810000,30891,697,3,293,2015,9,1,5,1.8,100658,4,0,1,1,0,12,4
45723428,24148,757.14552238806,7,268,2014,9,1,2,2.4,152000,6,3,1,1,0,7,12
45797291,46207,1375,4,522,2015,9,1,5,3.8,121758,4,0,1,1,0,14,4
45586347,5200,1236,3,425,2011,3,0,5,1.3,144000,4,0,1,1,1,14,4
45802294,43952,1249,4,526,2017,10,1,1,2.5,111643,4,0,1,1,0,7,4
45803085,55515,891,4,733,2016,4,1,1,2,64691,4,0,1,1,0,12,4
45763237,14069,1104,0,871,2015,4,1,1,3,97000,6,2,0,1,0,1,12
45809666,27435,501,3,425,2014,3,1,5,1.5,109000,4,0,1,1,0,14,4
45774767,10506,761,2,805,2010,2,1,1,1.8,85000,4,1,1,1,0,11,4
45797608,22433,777,4,526,2014,4,1,1,2.5,74210,4,0,1,1,0,12,4
45758933,9095,1429.8433516297,6,343,1999,9,1,5,2.4,26200,6,1,2,1,0,12,6
45813453,11604,888.488372093023,7,643,2006,9,0,2,1.5,331139,4,0,1,1,0,7,4
45631454,627,1405,0,871,2009,9,1,5,3,171382,6,0,0,1,0,1,0
45810231,34419,891,1,620,2016,9,1,5,2,106642,4,0,1,1,0,14,4
45770791,25089,986,2,799,2010,6,0,1,2.4,123000,4,1,2,1,0,14,2
45771998,282,640,2,465,2013,9,1,2,2,174619,4,0,1,1,0,7,0
45624971,10820,919,0,871,2012,4,1,1,3,229966,6,0,0,1,0,1,0
45651102,282,1399,5,701,2010,4,1,2,3.5,311949,6,0,1,1,0,12,12
45654459,18503,481,2,465,2017,9,1,2,2,75597,4,0,1,1,0,14,12
45488007,14069,1500.5,7,583,2014,4,1,1,3,142000,6,2,0,2,0,1,12
45815495,470,1514,5,517,2011,4,1,5,4.6,202048,8,0,0,1,0,14,12
44786792,29793,1051,3,312,2016,4,0,5,2.4,22400,4,3,0,1,0,1,0
45645729,9722,609,7,268,2018,9,1,2,2.5,127515,4,0,1,1,0,1,12
45798216,27924,880,4,387,2018,9,1,5,1.6,53000,4,0,1,1,0,14,4
45624954,14113,915,0,871,2014,4,1,1,3,110715,6,0,0,1,0,14,0
45769513,1646,1399,6,361,2010,9,1,5,3.5,205968,6,0,0,1,0,14,12
45801411,12074,583,4,138,2011,9,1,1,1.6,304058,4,0,1,1,0,1,4
45770235,470,1017,6,355,2017,9,1,5,2,35874,4,0,0,1,0,1,12
45805133,18117,707,4,817,2011,4,1,1,2,181149,4,0,1,1,0,12,4
45786022,19130,474,1,853,2013,3,0,6,1.4,103000,4,0,1,1,0,1,12
45801550,15612,687,4,387,2010,9,1,5,1.6,138425,4,0,1,1,0,14,4
45757605,15994,582.788167938931,7,643,2010,9,0,2,1.8,145000,4,3,1,1,0,2,6
45763439,4077,780,1,10,2019,9,1,5,1.4,1232,4,0,1,1,0,1,12
45806573,1646,836,4,387,2010,9,1,5,2,172003,4,0,1,1,0,2,12
45646869,314,779,7,268,2013,9,1,2,2.5,225510,4,0,1,1,0,14,12
45267760,35124,777,7,680,2014,4,0,5,2.5,55000,4,2,1,1,0,14,12
45654674,12858,765,6,498,2015,4,1,5,2,159928,4,0,1,1,0,1,0
45793126,4704,790,1,317,2009,9,1,5,1.6,50549,4,0,1,1,0,12,4
45780583,19130,1266.6,2,630,2012,1,0,5,3.7,107000,6,0,2,0,0,11,8
45756944,2430,2151,5,517,2009,4,1,5,2,264339,8,0,0,1,0,1,0
45803754,30351,639,4,817,2014,4,1,1,2,134750,4,0,1,1,0,7,4
45762821,6272,2297,6,507,2016,4,1,5,2,17584,8,0,0,1,0,1,0
45769423,706,1850,6,361,2008,9,1,1,3.5,122874,6,0,2,1,0,1,12
45809614,35839,690,3,425,2016,3,1,5,1.5,9756,4,0,1,1,0,2,4
45766617,73071,1646,5,516,2015,4,1,5,4.6,188078,8,0,0,1,0,1,0
45808865,14069,1714,2,421,2017,4,1,5,3.5,20000,4,0,1,1,0,14,4
45800278,21953,730,2,409,2016,4,1,5,1.6,94400,4,0,0,1,0,14,0
45808247,600,2366.56363636364,5,517,2003,4,0,5,2,230000,8,0,0,1,0,0,0
45769325,627,1750,7,535,2008,4,1,2,3.3,277405,6,0,0,1,0,7,12
45768228,47042,911,6,835,2013,7,1,1,2.2,350000,4,1,2,1,0,12,6
45802571,35902,891,4,733,2016,4,1,1,2,196475,4,0,1,1,0,1,4
45806423,20698,1434.33333333333,6,335,2007,10,0,1,2.2,220000,4,0,2,1,0,12,4
36766094,13485,1429.8433516297,6,747,2014,1,1,5,1,9000,3,0,2,0,0,12,4
45654174,4077,1363,5,516,2012,4,1,5,4.6,150909,8,0,0,1,0,1,0
45760574,188,289,2,409,2008,9,1,2,0.4,209843,4,0,1,1,0,7,0
45797303,6272,893,4,547,2008,3,1,1,1.6,81928,4,0,1,1,0,7,4
45732549,49165,696,4,733,2013,4,1,1,2.2,128919,4,0,1,1,0,12,4
45802194,35736,777,4,526,2014,7,1,1,2.5,110483,4,0,1,1,0,15,4
45796902,16480,1347,4,526,2008,10,1,1,2.5,246122,4,0,1,1,0,12,4
45720637,30,1599.33333333333,3,425,2003,3,0,5,1.3,0,4,0,1,1,1,11,4
45797432,16778,862,4,526,2011,7,1,1,2.5,45984,4,0,1,1,0,14,4
45797761,19121,583,4,387,2011,9,1,5,1.6,132742,4,0,1,1,0,12,4
45656065,941,1055,5,701,2013,4,1,2,3.5,361603,6,0,1,1,0,1,12
45732674,14715,836,4,748,2010,9,1,5,2,154847,4,0,1,1,0,14,4
45809169,18117,502,7,145,2013,3,1,5,1.5,69000,4,0,1,1,0,7,4
45759553,862,690,3,425,2016,9,1,5,1.5,31869,4,0,1,1,0,1,0
45794686,23521,765,2,474,2015,9,1,5,2,77431,4,2,1,1,0,7,12
45809395,28589,639,1,289,2014,4,1,1,2,83924,4,0,1,1,0,12,4
45790707,12544,639,2,452,2014,3,0,5,2,103318,4,0,1,1,0,12,0
45684538,20385,585,7,643,2013,9,0,2,1.8,103000,4,0,1,1,0,2,6
45754453,21012,777,7,285,2014,9,1,5,2.5,140000,4,0,1,1,0,7,8
45715282,16935,640,2,214,2013,3,1,2,2,111467,4,2,1,1,0,1,12
44945332,17876,673.483990147783,4,387,2014,3,0,5,1.8,68800,8,2,1,1,0,11,8
45590465,24618,1324,7,535,2010,4,1,2,3.3,132603,4,2,0,1,0,14,8
45804500,22947,642,4,817,2012,4,1,1,2,180491,4,0,1,1,0,12,4
45772445,14069,2959,7,576,2018,4,1,1,2,13000,12,0,0,1,0,14,16
45776012,8000,1342.66873449132,6,837,1998,7,0,0,2.3,300000,4,1,1,2,0,12,5
45764236,6586,1190,7,792,2014,9,1,5,4,0,6,0,2,1,0,12,12
45771632,14426,888.488372093023,7,643,2008,3,1,2,1.5,361600,4,3,1,1,0,14,4
45804772,37229,891,4,817,2016,4,1,1,2,149329,4,0,1,1,0,1,4
45801742,18240,583,4,387,2011,9,1,5,1.6,161518,4,0,1,1,0,14,4
45774054,251,607,7,268,2019,4,1,2,2.5,56834,4,0,1,1,0,1,12
45646613,11133,394,7,268,2014,9,1,2,2.5,179381,4,0,1,1,0,1,12
45788158,15994,749.991967871486,7,145,2012,3,0,2,1.5,193000,4,3,1,1,1,15,2
45803955,19456,642,4,817,2012,4,1,1,2,192534,4,0,1,1,0,14,4
45689301,37633,640,0,867,2013,4,1,5,2,200000,4,2,0,1,0,3,0
45816508,47042,1690.85714285714,6,769,2009,6,1,1,3,30000,6,2,2,1,0,14,2
45787351,17876,753,4,748,2012,9,1,2,2.4,131000,4,2,1,1,0,1,12
45794110,18503,2148,6,253,2010,9,1,5,2,150121,8,2,2,1,0,1,12
45732657,16935,1017,4,748,2017,9,1,4,2,227911,4,0,1,1,0,14,4
45768104,14269,1324,7,535,2010,4,1,2,3.3,300366,6,0,0,1,0,2,12
45774044,627,1172,6,361,2011,9,1,1,3.5,230696,6,0,0,1,0,1,12
45263074,26657,784,1,408,2017,4,0,5,1.5,31006,4,0,1,1,0,2,10
45815545,14113,625.709923664122,1,317,2013,9,0,5,1.4,210000,4,2,1,1,0,12,12
45756369,8781,1275,4,733,2019,9,1,5,2.4,46264,4,0,1,0,0,7,12
45809998,13184,502,7,145,2013,3,1,5,1.5,125000,4,0,1,1,0,14,4
45770898,5018,1624,6,361,2009,9,1,1,3.5,109139,6,0,2,1,0,1,12
45810042,49058,1091,1,559,2016,9,1,5,2.5,73148,4,0,1,1,0,12,4
45778048,3200,1096.58823529412,2,794,1998,9,0,0,3,160000,6,0,1,1,0,5,4
45629040,18817,640,4,748,2013,9,1,5,2,68000,4,2,1,1,0,2,6
45756950,61154,1646,5,517,2015,4,1,5,4.6,273493,8,0,0,1,0,12,0
45798240,37066,880,4,387,2018,9,1,5,1.6,20388,4,0,1,1,0,14,4
45800056,15053,749.991967871486,7,145,2014,3,0,2,1.5,11800,4,0,1,1,1,14,7
45462649,11917,1062,7,298,2006,9,0,1,1.4,162000,4,0,1,1,0,7,6
45809772,18422,501,7,145,2014,3,1,5,1.5,35800,4,0,1,1,0,12,4
45606163,3000,1599.33333333333,3,425,2004,3,0,5,1.3,11111,2,0,1,1,1,14,6
45810634,10697,363,1,768,2014,3,1,5,1,95100,4,0,1,1,0,7,4
42993723,16935,503,7,651,2012,3,0,2,1.5,107000,4,0,1,1,0,11,12
45801401,7213,1515,6,184,2002,1,1,5,2.3,157000,4,2,2,0,0,12,6
45804180,26149,707,4,817,2011,4,1,1,2,126320,4,0,1,1,0,7,4
45536322,14113,650,1,321,2016,9,0,5,1.4,77000,4,2,1,1,0,14,12
45536951,16308,1429.8433516297,6,349,2002,9,1,1,2.7,248000,5,2,2,1,0,1,10
44116117,29793,1702.77011494253,7,535,2008,4,1,2,3.3,2005,6,0,0,1,0,12,12
45757690,314,420,4,138,2019,9,1,2,1.6,14587,4,0,1,1,0,1,12
45809625,13877,586,1,317,2012,9,1,5,1.8,126000,4,0,1,1,0,14,4
45780941,25086,1055,5,514,2008,9,1,5,3.5,132500,6,2,2,1,0,7,12
45768436,392,1514,5,517,2011,9,1,5,4.6,202048,8,0,0,1,0,14,0
45781406,14740,2469,0,887,2004,4,1,5,3,320000,6,0,0,1,0,5,0
45810913,941,781,1,317,2018,9,1,5,1.4,39466,4,0,1,1,0,1,12
45695790,40769,456,7,279,2015,9,1,2,2.5,0,4,0,1,1,0,1,12
45720850,51746,1104,0,871,2015,4,1,5,3,110400,6,2,0,1,0,14,12
45813964,1333,1172,5,694,2011,4,1,5,3.5,259232,6,0,0,1,0,12,12
45764583,14269,761,7,643,2010,3,0,2,1.8,210000,4,3,1,1,0,14,12
45552082,42808,1327,7,274,2018,9,1,5,2.5,24382,4,0,1,1,0,1,8
45731513,44517,1091,4,526,2016,10,1,1,2.5,124708,4,0,1,1,0,7,4
45677283,8467,658,3,560,2009,3,0,2,1.3,155000,4,2,1,1,0,12,8
41625321,5300,1662.33333333333,0,57,2007,9,1,5,3,1000,6,0,2,1,0,12,3
45815226,470,1058,6,361,2012,9,1,5,3.5,98310,6,0,0,1,0,1,12
45801395,11917,888.488372093023,7,643,2007,9,0,2,1.5,318400,4,0,1,1,0,13,5
45766501,21639,810,7,298,2016,9,0,5,1.8,131000,4,0,1,1,0,7,10
45624784,5645,1324,7,535,2010,4,1,2,3.3,264877,6,0,0,1,0,14,12
45815324,26657,1018,0,124,2011,9,1,5,3,154000,6,2,2,1,0,1,12
45757282,5018,1646,5,516,2015,4,1,5,4.6,188078,8,0,0,1,0,1,0
45647810,3136,781,7,268,2012,9,1,2,2.5,159379,4,0,1,1,0,14,12
45803521,10663,765,4,748,2015,9,1,4,2,278223,4,0,1,1,0,12,4
45804175,26475,707,4,817,2011,4,1,1,2,151186,4,0,1,1,0,12,4
43178998,8000,1266,7,145,2014,3,0,2,1.5,122000,4,0,1,1,1,14,6
45770462,21639,1399,6,362,2010,9,1,5,3.5,135000,6,2,2,1,0,2,8
45792278,5645,1599.33333333333,3,425,2002,9,0,5,1.3,260000,4,0,1,1,1,11,0
45803097,38894,640,4,733,2013,4,1,1,2,128919,4,0,1,1,0,12,4
45816554,1568,1079,4,387,2018,9,1,5,2,61795,4,0,1,1,0,2,12
45767288,220,1053,6,361,2014,9,1,1,3.5,95987,6,0,0,1,0,1,12
45056980,13485,501,2,465,2014,9,1,5,1.5,133260,4,0,1,1,0,12,12
45667807,17876,673.483990147783,4,387,2011,9,0,5,1.8,68771,4,2,1,1,0,1,12
45667915,23521,781,7,268,2012,9,0,5,2.5,113000,4,2,1,1,0,1,12
45782452,16935,455.705882352941,7,651,2012,3,0,2,1.5,91400,4,3,1,1,0,12,12
45655748,34811,690,5,701,2016,4,1,2,3.5,0,6,0,1,1,0,7,12
45641730,18817,609,7,268,2018,9,1,2,2.5,35058,4,0,1,1,0,14,12
45523800,2587,1079,7,220,2018,4,1,5,2,16213,4,0,1,1,0,7,12
45523532,627,1077,7,220,2019,4,1,5,2,24339,4,0,1,1,0,2,12
45811271,7840,1429.8433516297,6,357,2002,9,1,5,3.2,12000,6,2,2,1,0,1,8
45802217,41387,1091,4,526,2016,7,1,1,2.5,110189,4,0,1,1,0,12,4
45808942,11704,530,1,162,2013,3,1,5,1.6,71000,4,0,1,1,0,2,4
45797092,18124,707,4,522,2011,1,1,5,2,160000,4,0,1,1,0,1,4
45732122,46919,765,4,733,2015,4,1,1,2,117000,4,0,1,1,0,1,4
45816409,1568,753,4,748,2012,9,1,5,2.4,246230,4,0,1,1,0,1,12
39669828,14900,530,2,448,2013,9,0,5,1.6,37000,4,0,1,1,0,14,8
45812514,862,749,1,289,2014,4,1,5,2.4,195069,4,0,1,1,0,14,12
45290568,26343,1266.6,2,630,2012,1,0,5,3.7,92000,6,1,2,0,0,2,9
45649770,941,1646,5,516,2015,4,1,5,4.6,188078,8,0,0,1,0,1,0
45732689,15053,765,4,748,2015,9,1,4,2,272769,4,0,1,1,0,12,4
45774188,314,831,1,620,2011,9,1,5,2.4,205307,4,0,1,1,0,14,12
45789247,10036,939.882352941176,7,849,2007,9,0,5,1,11111,3,0,1,1,1,12,4
45796658,180,1429.8433516297,6,377,2012,1,1,5,2,104000,8,2,2,0,0,1,12
45646854,16621,915,0,871,2014,4,1,1,3,110715,6,0,0,1,0,14,0
45803248,10976,765,4,748,2015,9,1,4,2,128965,4,0,1,1,0,14,4
45765173,314,259,1,853,2014,3,1,2,1.4,131893,4,0,1,1,0,3,0
45809870,16041,586,1,317,2012,9,1,5,1.8,80497,4,0,1,1,0,7,4
45766800,862,753,4,748,2012,9,1,5,2.4,289920,4,0,1,1,0,11,12
40669939,35,749.991967871486,7,145,2013,3,0,2,1.3,240000,4,3,1,1,1,12,4
45155540,8000,1236,7,849,2011,3,0,5,1.3,203000,4,3,0,1,1,2,2
45798754,14069,1951,6,726,2015,9,1,5,2,73600,8,2,2,1,0,1,16
45662261,4861,308,3,293,2015,9,1,2,1.5,49272,4,0,1,1,0,2,0
45776496,3763,1429.8433516297,6,341,1997,9,1,5,2.3,105000,4,0,2,1,0,12,4
45801444,16891,730,4,138,2016,9,1,1,1.6,43840,4,0,1,1,0,14,4
45802198,32910,777,4,526,2014,7,1,1,2.5,140000,4,0,1,1,0,12,4
44851149,21169,970.867153989687,2,810,2004,6,0,1,2,239000,4,1,2,1,0,14,4
45811789,25716,1051,4,748,2016,9,0,5,2.4,51000,4,2,1,1,0,1,16
45788165,14069,1807,6,213,2011,9,1,5,2,73000,8,2,2,0,0,11,10
45809991,51272,891,3,293,2016,9,1,5,2,42378,4,0,1,1,0,14,4
45318918,16621,562,1,317,2015,9,1,5,1.4,144000,4,2,1,1,0,14,12
45798076,13771,790,4,387,2009,9,1,5,1.6,143091,4,0,1,1,0,12,4
44727019,21639,970.867153989687,2,216,2013,3,0,2,2,125000,4,0,1,1,0,7,4
43744930,17562,640,2,465,2013,9,1,2,2,218400,4,0,1,1,0,1,6
45658610,1019,1055,5,701,2013,4,1,2,3.5,138038,6,0,1,1,0,14,12
45760737,10192,456,5,379,2015,9,1,2,2.5,98032,4,0,1,1,0,1,12
45769871,15994,1172,6,361,2011,1,1,1,3.5,170429,6,0,2,0,0,12,12
45284916,64290,1338.90845620294,0,69,2014,1,1,5,3,56000,6,2,2,0,0,7,12
45765816,549,1203,1,815,2011,4,1,5,3.6,248954,6,0,1,1,0,12,12
45548542,17562,562,1,317,2015,9,0,5,1.4,100000,4,2,1,1,0,14,8
45787833,10036,888.488372093023,7,643,2006,3,0,2,1.7,27500,4,0,1,1,0,14,6
45755643,14113,1684.925,6,361,2005,9,1,4,3.5,26600,6,2,0,1,0,7,10
45771929,24462,1429.8433516297,6,614,2006,4,1,5,2,216000,8,2,0,1,0,12,12
45453287,11760,986,5,531,2010,9,1,2,2.4,156000,4,2,1,1,0,1,12
42249585,14069,1429.8433516297,6,482,2003,4,1,5,2,137500,8,0,0,1,0,12,8
45768390,54568,1360,5,517,2013,4,1,5,4.6,202651,8,0,0,1,0,1,0
45809325,18189,769,1,289,2011,4,1,1,2.2,70479,4,0,1,1,0,7,4
45809143,27174,765,1,289,2015,4,1,1,2,101537,4,0,1,1,0,1,4
45810531,22649,642,1,639,2012,4,1,1,2,129760,4,0,1,1,0,7,4
45688790,14113,761,7,643,2010,9,1,2,1.8,312000,4,3,1,1,0,1,8
45815392,22894,738,1,317,2017,9,0,5,1.4,46800,4,0,1,1,0,1,6
45789459,11290,1429.8433516297,6,597,2000,4,0,1,2.7,335000,5,2,0,1,0,12,4
45812657,4704,781,1,317,2018,9,1,5,1.4,41822,4,0,1,1,0,7,12
45809122,38445,891,1,289,2016,4,1,1,2,54472,4,0,1,1,0,12,4
45807316,19757,1329.79585953434,5,573,1998,4,1,5,2,404800,8,0,0,1,0,1,2
45802346,13799,639,2,452,2014,9,0,5,2,8640,4,0,0,1,0,12,4
45786048,8938,1429.8433516297,6,233,2000,1,1,5,2,189622,4,1,2,0,0,12,4
45812783,470,934,7,268,2015,9,1,5,2.5,210450,4,0,1,1,0,1,12
45792358,15053,704.859649122807,2,452,2012,9,0,5,2,200000,4,0,1,1,0,12,4
45775273,18817,1515,6,184,2007,9,1,5,2.5,255000,6,2,2,1,0,12,6
45773332,157,640,2,465,2013,9,1,2,2,339920,4,0,1,1,0,14,0
43973095,12000,2670,3,405,2010,7,0,5,2.4,171000,4,0,1,1,1,1,2
45733379,9722,765,4,748,2015,9,1,4,2,128965,4,0,1,1,0,8,4
42717795,8900,1266,7,145,2014,9,0,2,1.5,138000,4,0,1,1,1,14,4
45798874,9408,2858,6,378,1999,9,1,5,3.2,150000,6,2,2,1,0,12,6
45808991,14069,2578,1,264,2016,0,1,5,2,81142,4,0,1,1,0,1,4
45761148,1803,779,7,268,2013,9,1,2,2.5,136861,4,0,1,1,0,2,0
45768960,29793,1053,6,361,2014,9,1,1,3.5,219030,6,0,0,1,0,1,12
43884814,22266,353,7,643,2015,3,0,2,1.8,159000,4,0,1,1,0,14,12
45792920,9408,641,1,317,2012,9,1,1,2,52312,4,0,1,1,0,1,4
45797159,23678,831,4,387,2017,9,1,4,1.6,110000,4,0,1,1,0,14,4
45732733,20698,891,4,748,2016,9,1,4,2,26729,4,0,1,1,0,7,4
45810140,11704,790,1,575,2009,9,1,5,1.6,119806,4,0,1,1,0,12,4
45812045,1960,751,1,289,2013,4,1,5,2.4,132429,4,0,1,1,0,12,12
45798596,20385,971.138888888889,6,201,2007,9,1,5,3,1000,6,2,2,1,0,14,0
45783572,14113,1995,2,801,2003,6,0,1,2.4,193000,4,1,2,2,0,15,2
45808643,3607,707,4,748,2011,9,1,5,2,169765,4,0,1,1,0,12,12
45809890,24239,501,7,145,2014,3,1,5,1.5,14486,4,0,1,1,0,12,4
45798279,20491,730,4,387,2016,9,1,1,1.6,50051,4,0,1,1,0,7,4
45809413,28532,502,7,145,2013,3,1,5,1.5,59000,4,0,1,1,0,14,4
45765378,1490,586,5,258,2012,3,1,2,1.8,174106,4,0,1,1,0,14,0
45809931,22197,503,7,145,2012,3,1,5,1.5,64400,4,0,1,1,0,8,4
45209364,10976,1187,1,317,2014,9,0,5,1.4,126000,4,0,1,1,1,0,6
45803857,37580,765,4,817,2015,4,1,1,2,60000,4,0,1,1,0,7,4
45771296,5018,645,7,643,2011,4,1,2,1.8,489584,4,0,1,1,0,7,12
45804875,50184,891,4,817,2016,4,1,1,2,121764,4,0,1,1,0,2,4
45809373,19613,694,1,289,2014,4,1,1,2.2,195691,4,0,1,1,0,1,4
45738337,45473,1338.90845620294,0,592,2006,9,1,5,2,97000,10,1,2,1,0,2,10
45797191,25729,831,4,387,2017,9,1,5,1.6,56378,4,0,1,1,0,12,4
45813368,6586,1018,0,57,2011,1,1,5,3,143950,6,0,0,0,0,1,12
45803987,57842,879,4,817,2019,4,1,5,1.6,32724,4,0,1,1,0,14,4
45773938,3450,915,0,94,2014,9,1,5,3,0,6,0,2,1,0,1,12
45809168,17694,691,3,425,2017,3,1,5,1.3,69968,4,0,1,1,0,2,4
45800063,15053,1533.25,2,799,2007,6,0,1,2.2,0,5,1,1,0,0,14,0
45774803,11290,1429.8433516297,6,240,1999,1,1,5,3.2,237000,6,2,2,0,0,12,12
45813328,31988,1017,5,633,2017,4,1,5,2,54120,4,0,0,1,0,7,12
45804764,34406,770,4,817,2016,4,1,1,1.7,101248,4,0,1,1,0,7,4
45768472,392,1304,0,128,2013,9,1,5,4.4,87243,8,0,2,1,0,2,12
45806439,8154,872.02838865217,7,263,2003,10,0,5,2,112000,4,0,1,1,1,12,4
45781865,29793,788.140435835351,4,817,2010,4,1,5,2.4,180000,4,2,0,1,0,14,10
45800873,14113,761,7,643,2010,3,0,2,1.8,196121,4,0,1,1,0,14,8
45804783,29633,891,4,817,2016,4,1,1,2,27243,4,0,1,1,0,7,4
45769280,392,1514,5,517,2011,9,1,5,4.6,202048,8,0,0,1,0,14,0
45487664,11447,1266,7,152,2014,9,0,2,1.5,133000,4,0,1,1,1,12,5
45781400,20071,641.5,4,394,2013,9,1,5,1.8,123200,4,0,1,1,0,7,6
45631458,784,1301,0,871,2014,9,1,5,4.4,247877,8,0,0,1,0,1,0
45770484,8624,658,3,560,2009,3,0,2,1.3,180000,4,3,1,1,1,12,4
45655006,13328,1399,5,701,2010,4,1,2,3.5,186005,6,0,0,1,0,12,12
45764853,17562,777,7,268,2014,9,1,5,2.5,88000,4,2,1,1,0,1,10
45802252,36068,777,4,526,2014,7,1,1,2.5,85933,4,0,1,1,0,12,4
45731503,47217,1249,4,526,2017,10,1,1,2.5,39071,4,0,1,1,0,12,4
45802114,37000,1091,4,526,2016,10,1,1,2.5,90000,4,0,1,1,0,12,4
45815220,16621,1017,6,355,2017,9,1,5,2,70880,4,0,2,1,0,12,12
45760788,12231,645,1,317,2011,9,0,5,1.8,130000,4,0,1,1,0,13,8
45730685,23239,583,4,387,2011,9,1,5,1.6,137213,4,0,1,1,0,7,4
45047684,14069,1329.79585953434,5,695,2016,4,1,5,3.5,52000,6,2,0,1,0,1,8
44656461,17245,612.4,2,448,2016,3,0,5,1.6,73600,4,2,1,1,0,12,12
45808967,14069,1011,2,421,2016,4,1,5,2.3,125072,4,0,1,1,0,14,4
45767213,8624,862,6,188,2000,9,0,4,2.6,196600,6,1,2,1,0,12,6
45794119,70,673.483990147783,4,387,2014,9,0,5,1.8,0,6,0,1,1,0,1,6
45812955,39201,1020.57819905213,0,871,2010,4,1,1,3.5,267632,6,2,2,1,0,1,0
45752099,17249,582.788167938931,7,643,2010,3,1,2,1.8,179200,4,3,2,1,0,1,4
45788265,25089,585,6,191,2013,9,1,5,1.8,95000,4,0,2,1,0,14,12
45810124,12281,761,1,575,2010,9,1,5,1.8,128257,4,0,1,1,0,7,4
45732630,9938,639,4,748,2014,9,1,4,2,377942,4,0,1,1,0,12,4
45624951,470,1211,0,871,2010,4,1,1,3,265210,6,0,0,1,0,1,0
45810181,470,1327,7,268,2018,9,1,5,2.5,44845,4,0,1,1,0,3,12
45815148,1098,1091,7,268,2016,9,1,5,2.5,114389,4,0,1,1,0,2,12
45803839,37580,891,4,817,2016,4,1,1,2,99000,4,0,1,1,0,14,4
45767474,14269,1324,7,535,2010,4,1,2,3.3,300366,6,0,0,1,0,2,12
45773260,1725,473,1,317,2014,9,1,5,1.4,184835,4,0,1,1,0,12,12
45766458,13485,1701.21052631579,6,605,2003,4,1,0,3.7,235200,6,2,0,1,0,1,12
45770270,25089,1850,6,247,2008,9,1,5,3.5,63000,6,2,2,1,0,1,0
45802665,29777,640,4,733,2013,4,1,1,2,182217,4,0,1,1,0,14,4
45767785,22580,1172,7,535,2011,4,1,5,3.5,368064,6,0,0,1,0,7,12
45788836,7840,939.882352941176,7,849,2004,3,0,5,1.3,170342,4,3,1,1,1,12,4
45810498,36166,831,1,639,2017,4,1,1,1.6,71400,4,0,1,1,0,12,4
45536129,34497,595.03007518797,2,465,2015,9,1,6,2,78000,4,0,1,1,0,1,0
45732793,17186,642,4,748,2012,9,1,5,2,157367,4,0,1,1,0,7,4
45801757,17158,530,4,387,2013,9,1,5,1.6,117500,4,0,1,1,0,7,4
45763299,5018,830,1,620,2019,1,1,5,1.5,8710,4,0,1,1,0,1,12
45802805,49858,749,4,733,2014,4,1,5,2.4,87000,4,0,1,1,0,7,4
45794207,19757,1533.25,2,799,2006,6,0,1,2.4,286000,4,1,2,0,0,14,4
45740142,16621,1296,7,680,2008,4,0,5,2.4,113600,5,0,1,1,0,14,0
45801486,30038,880,4,387,2018,9,1,1,1.6,60000,4,0,1,1,0,14,4
45812778,16308,1327,7,268,2018,9,1,5,2.5,45371,4,0,1,1,0,12,12
45550602,29793,855,0,863,2013,4,1,5,2,68000,4,2,0,1,0,8,12
45751238,862,640,1,620,2013,9,1,5,2,114107,4,0,1,1,0,2,12
45688857,12858,1429.8433516297,6,238,2002,1,1,1,2.7,260000,5,2,2,0,0,1,8
44139654,16618,1408,2,799,2007,6,0,1,2.2,158000,4,1,1,1,0,14,2
45617875,392,1053,6,361,2014,9,1,1,3.5,29675,6,0,0,1,0,1,12
37853257,18817,888.488372093023,7,643,2009,9,1,2,1.8,288034,4,0,1,1,0,12,8
45797042,34406,777,4,526,2014,7,1,1,2.5,119884,4,0,1,1,0,7,4
45733453,45044,1017,4,748,2017,9,1,5,2,95948,4,0,1,1,0,14,4
45771494,1490,1360,5,517,2013,4,1,5,4.6,154115,8,0,0,1,0,1,0
45801749,8938,1342.66873449132,6,837,1998,7,1,1,2.3,222000,4,1,1,0,0,6,4
45620870,627,1055,6,361,2013,1,1,1,3.5,0,6,0,2,0,0,12,12
45803112,8467,765,4,748,2015,9,1,4,2,128965,4,0,1,1,0,8,4
45769167,5018,1624,6,361,2009,9,1,1,3.5,109139,6,0,2,1,0,1,12
45813975,251,586,5,258,2012,3,1,2,1.8,149981,4,0,1,1,0,7,0
45647003,14069,1500.5,7,583,2014,4,1,1,3,137000,6,2,0,2,0,1,12
45788605,10663,528,2,448,2014,3,0,5,1.6,84800,4,0,1,1,0,1,8
44611283,20,888.488372093023,7,643,2008,3,1,2,1.5,135000,4,0,1,1,0,1,4
45800887,11917,2084,2,799,1995,6,0,1,2.5,0,4,1,2,1,0,14,0
43718513,14740,639,4,392,2014,3,0,5,2,51950,4,0,1,1,0,7,8
45793248,6899,1515,6,184,1996,9,0,5,2.3,210456,4,1,2,1,0,12,2
45801461,15624,528,4,138,2014,9,1,1,1.6,126265,4,0,1,1,0,14,4
45341070,14740,586,4,387,2012,9,0,5,1.8,129000,4,2,1,1,0,2,11
45812683,549,780,1,317,2019,9,1,5,1.4,14074,4,0,1,1,0,7,12
45732709,10976,765,4,748,2015,9,1,4,2,128965,4,0,1,1,0,14,4
45796744,6586,1429.8433516297,6,357,1998,9,1,0,3.2,0,6,0,2,1,0,14,6
45794529,46101,757.14552238806,7,268,2015,9,1,2,2.5,89600,6,0,2,1,0,14,10
45769314,22580,1017,6,355,2017,9,1,5,2,50930,4,0,2,1,0,1,12
45781346,14069,2959,7,576,2013,4,1,5,2,180000,8,2,0,1,0,1,8
45788582,14113,1841,6,347,2002,9,1,1,2.7,5000,6,0,2,1,0,14,4
45810471,16621,642,1,639,2012,4,1,1,2,198000,4,0,1,1,0,12,4
45611632,19130,650,1,326,2016,9,0,5,1.4,32000,4,2,1,1,0,7,12
45814922,2430,87,6,191,2013,1,1,5,0,121600,4,0,2,1,0,14,12
45790231,21639,650,1,317,2016,9,1,5,1.4,99200,4,2,1,1,0,1,10
45793198,17249,1185,2,465,2009,9,1,2,2.5,245000,4,0,1,1,0,12,10
45792969,19757,585,7,643,2013,9,0,5,1.8,137568,4,0,1,1,0,2,6
45773200,32302,757.14552238806,7,268,2013,9,1,2,2.5,73600,6,0,1,2,0,2,6
45803042,40390,891,4,733,2016,4,1,1,2,134413,4,0,1,1,0,12,4
45715292,9879,761,7,643,2010,3,0,2,1.8,146000,4,0,1,1,0,7,12
45790612,16621,673.483990147783,4,387,2014,9,0,5,1.8,105600,4,2,1,1,0,4,0
43642515,17719,1017,4,397,2017,9,0,5,2,53895,4,0,1,1,0,12,8
45786964,18245,582.788167938931,7,643,2010,9,0,2,1.8,172707,4,3,1,1,0,1,4
45654788,14113,586,4,387,2012,9,1,5,1.8,135456,4,0,1,1,0,14,12
45787567,18817,968,0,124,2006,9,1,5,4,180000,8,2,2,1,0,1,12
45766292,13485,1338.90845620294,0,8,2009,1,1,5,2.8,163000,6,0,2,0,0,1,6
45793154,6899,760,1,317,2010,9,1,5,1.8,150001,4,0,1,1,0,12,4
45730930,16091,836,4,522,2010,1,1,5,2,100000,4,0,1,1,0,7,4
45802836,52263,891,4,733,2016,4,1,1,2,108025,4,0,1,1,0,1,4
45807422,15367,1304,0,128,2005,9,1,5,2,177000,8,2,2,1,0,1,12
45297618,27598,891,4,387,2016,9,0,5,2,41000,4,0,1,1,0,14,8
45733409,49751,765,4,748,2015,9,1,5,2,24148,4,0,1,1,0,1,4
45733158,20297,836,4,748,2010,9,1,5,2,155590,4,0,1,1,0,7,4
45732571,58579,891,4,733,2016,4,1,1,2,35000,4,0,1,1,0,7,4
45776773,17562,1711.27272727273,0,871,2004,4,1,5,4.4,141454,8,2,0,1,0,1,16
45695044,23521,585,5,258,2013,3,1,2,1.8,125000,4,0,1,1,0,4,12
45653838,157,919,0,871,2012,4,1,1,3,296395,6,0,0,1,0,7,0
45643535,26971,640,2,452,2013,9,1,5,2,53000,4,1,1,1,0,15,8
45620571,14583,1172,6,361,2011,9,1,1,3.5,230696,6,0,0,1,0,1,12
45776533,10976,872.02838865217,7,543,1998,4,0,5,3.4,262000,6,0,0,1,1,1,0
45523517,6586,1077,7,220,2019,1,1,5,2,5219,4,0,1,1,0,14,12
45797821,12701,1024,4,526,2010,4,1,1,2.5,56765,4,0,1,1,0,12,4
45261759,58018,940.695652173913,7,680,2018,4,0,5,2.5,1358,4,2,0,1,0,7,12
45797879,18531,583,4,387,2011,9,1,5,1.6,165845,4,0,1,1,0,12,4
45778609,10976,1429.8433516297,6,12,1998,9,0,5,1.8,0,4,1,2,1,0,1,2
45647797,3607,781,7,268,2012,9,1,2,2.5,156518,4,0,1,1,0,14,12
45801114,10036,988,7,643,2007,3,1,5,1.5,240000,4,3,1,1,0,7,0
45540039,21953,1268.31428571429,4,526,2009,7,1,1,2.5,150000,6,0,2,2,0,12,0
45787489,11604,762.888888888889,7,896,2008,1,0,5,1.5,0,4,1,1,0,0,1,2
45707942,28222,673.483990147783,4,387,2016,9,0,5,2,71200,4,2,1,1,0,12,12
45623455,61154,609,7,268,2018,9,1,2,2.5,32000,4,0,1,1,0,1,12
45638149,4861,333,2,465,2014,9,1,2,2,124493,4,0,1,1,0,14,0
45802933,41720,891,4,733,2016,4,1,1,2,113120,4,0,1,1,0,7,4
43167059,21326,872.02838865217,7,656,2013,3,0,2,1.5,87000,4,0,1,1,0,7,6
45797216,15292,836,4,522,2010,1,1,5,2,146691,4,0,1,1,0,1,4
44537642,25,584,7,568,2003,3,0,5,1.5,146000,4,0,1,1,1,14,5
45787490,10976,658,3,560,2009,3,0,2,1.3,200000,4,0,1,1,1,12,2
45651063,8154,1750,5,696,2008,4,1,2,3.3,224629,6,0,0,1,0,12,12
45690633,11917,585,4,387,2013,9,0,5,1.8,80000,4,2,1,1,0,7,12
45814867,282,761,7,643,2010,3,1,2,1.8,423418,4,0,1,1,0,1,12
45117520,21326,455.705882352941,7,651,2015,9,1,2,1.5,79500,4,0,1,1,0,7,10
45793416,22580,1429.8433516297,6,367,2007,9,1,5,3.5,151000,6,0,2,1,0,1,12
45769186,4861,1058,6,361,2012,9,1,1,3.5,128202,6,0,2,1,0,1,12
45802672,26594,642,4,733,2012,4,1,1,2,138525,4,0,1,1,0,1,4
44754034,27911,1172,5,694,2011,4,1,5,3.5,128965,12,2,1,1,0,1,12
45810954,706,431,0,871,2016,4,1,2,2,73856,4,0,0,1,0,1,12
45763182,220,574,3,560,2010,3,1,2,1.3,184250,4,0,1,1,0,7,0
45776672,17562,1017,4,387,2017,9,0,5,2,44000,4,0,1,1,0,1,6
45809679,19306,502,7,145,2013,9,1,5,1.5,48300,4,0,1,1,0,11,4
45762257,188,382,1,853,2017,3,1,2,1.5,125358,4,0,1,1,0,7,0
45611331,10663,862,6,188,2001,9,1,5,2.4,240000,6,2,2,1,0,1,8
36684373,90,943.727272727273,5,531,2011,9,1,2,2.5,85000,4,0,1,1,0,14,8
45720364,25089,781,7,279,2012,9,1,2,2.5,95000,4,2,1,1,0,7,12
45804507,22649,707,4,817,2011,4,1,1,2,191264,4,0,1,1,0,14,4
45732981,10515,639,4,748,2014,9,1,4,2,55210,4,0,1,1,0,12,4
45797563,20266,531,4,387,2012,9,1,5,1.6,98252,4,0,1,1,0,7,4
45618057,6272,1292,6,502,2016,4,1,5,3,59099,6,0,0,1,0,14,0
45792404,8781,1236,3,425,2011,3,0,2,1.3,111000,4,0,1,1,1,6,4
45797581,10672,1347,4,526,2008,7,1,1,2.5,66846,4,0,1,1,0,12,4
45653895,188,1172,5,701,2011,4,1,2,3.5,101816,6,0,0,1,0,1,12
45756632,314,1024,2,465,2010,9,1,5,2.5,168960,4,0,1,1,0,12,12
45808927,24273,562,1,162,2015,3,1,5,1.4,58052,4,0,1,1,0,14,4
45489035,26657,934,7,268,2015,9,1,5,2.5,118000,4,2,1,1,0,1,12
45744699,39829,1078.53623188406,6,605,2011,4,1,1,2.9,255000,6,0,0,1,0,7,16
41973503,8467,1429.8433516297,6,826,2004,10,0,1,1.7,0,4,1,1,1,0,2,4
45798380,14113,888.488372093023,7,643,2008,3,1,4,1.5,120000,4,0,1,1,0,14,4
45797864,18531,583,4,387,2011,9,1,5,1.6,89323,4,0,1,1,0,12,4
45737691,19757,757.14552238806,7,268,2010,9,0,2,2.4,165000,4,0,1,1,0,14,12
45732647,15681,891,4,748,2016,9,1,4,2,257102,4,0,1,1,0,12,4
45797489,20385,582.788167938931,7,643,2010,9,1,2,1.8,174309,4,0,1,1,0,14,7
45760602,20385,308,7,643,2014,3,0,2,1.8,155000,4,2,1,1,0,7,8
45802584,39559,765,4,733,2015,4,1,1,2,129254,4,0,1,1,0,14,4
45809613,14069,1077,3,293,2019,10,1,5,2,5492,4,0,1,1,0,1,4
45802765,19601,707,4,733,2011,4,1,1,2,58548,4,0,1,1,0,14,4
45792150,10000,1268,3,560,2012,3,0,2,1.5,102000,4,0,1,1,1,12,8
45795572,13328,2084,2,799,1999,6,0,1,2.5,395000,4,1,2,1,0,4,2
45641331,392,779,7,268,2013,9,1,2,2.5,232032,4,0,1,1,0,12,12
45788154,16621,1271.22222222222,7,268,2008,9,1,2,2.4,145567,4,0,1,1,0,1,10
45775918,15681,862,2,420,2000,4,0,5,4.6,0,8,0,0,1,0,1,0
45797702,19679,583,4,387,2011,9,1,5,1.6,133783,4,0,1,1,0,7,4
45757911,9879,1202,3,141,2017,9,1,5,2.4,39762,4,0,1,1,0,7,12
45729737,27654,629,4,387,2015,9,1,5,1.6,104674,4,0,1,1,0,12,4
45794027,32929,1222.57819905213,6,361,2010,9,1,5,3.5,165000,6,2,0,1,0,7,16
45809151,17663,501,7,145,2014,3,1,5,1.5,53800,4,0,1,1,0,12,4
45732609,52959,765,4,733,2015,4,1,1,2,99106,4,0,1,1,0,1,4
45776835,18189,831,4,751,2011,9,1,2,2.4,88400,4,2,1,1,0,7,10
45758100,862,2455,5,517,2008,4,1,5,2,280354,8,0,0,1,0,14,0
45785260,14740,529.21686746988,3,560,2011,3,0,2,1.3,136000,4,2,1,1,0,12,12
45804876,27924,642,4,817,2012,4,1,1,2,105437,4,0,1,1,0,1,4
45644404,5488,394,7,268,2014,9,1,2,2.5,109798,4,0,1,1,0,14,12
45799451,28225,1429.8433516297,6,602,2009,4,1,1,3,245470,6,2,0,1,0,7,12
45790141,16621,1994.5,3,312,2005,4,0,5,2.4,120000,4,0,0,1,0,12,6
45767714,10400,843,7,643,2008,3,1,2,1.5,288000,4,0,1,1,0,7,4
45803762,24283,639,4,817,2014,4,1,1,2,189000,4,0,1,1,0,14,4
45815231,3920,779,7,268,2013,9,1,5,2.5,308694,4,0,1,1,0,7,12
45810654,9364,426,1,768,2015,3,1,5,1,53711,4,0,1,1,0,14,4
45816499,4391,2084,2,799,1991,6,0,1,2.5,0,4,1,2,0,0,14,1
45642777,314,779,7,268,2013,9,1,2,2.5,225510,4,0,1,1,0,14,12
45803000,36068,639,4,733,2014,4,1,1,2,151000,4,0,1,1,0,1,4
45645743,251,607,7,268,2019,9,1,2,2.5,39552,4,0,1,1,0,1,12
45788128,140,1711.27272727273,0,871,2008,4,1,5,3,240000,6,2,0,1,0,1,8
45793330,10036,2386,4,748,2006,9,1,4,3.3,243200,6,2,1,1,0,1,10
44983029,7527,1752.5,7,542,1998,8,0,5,2,123000,4,1,2,1,0,14,2
39922764,4704,1386,3,642,2005,4,1,5,3.5,145000,6,0,0,1,0,14,4
45803498,15681,891,4,748,2016,9,1,4,2,267209,4,0,1,1,0,12,4
45797544,35344,934,4,526,2015,10,1,1,2.5,90660,4,0,1,1,0,14,4
45781407,8154,1429.8433516297,6,343,2000,9,1,4,2.6,314000,6,0,2,1,0,6,7
45809600,15925,447,3,425,2013,3,1,5,1.3,86996,4,0,1,1,0,12,4
45760797,23521,777,7,268,2014,9,1,5,2.5,47152,4,2,1,1,0,14,7
45770360,314,1017,6,355,2017,9,1,5,2,26802,4,0,2,1,0,1,12
45771913,15681,640,2,465,2013,9,1,5,2,134982,4,0,1,1,0,11,0
45695043,21953,832.188679245283,2,409,2008,4,1,2,2.5,93000,4,0,0,1,0,12,10
45803343,11290,891,4,748,2016,9,1,4,2,258906,4,0,1,1,0,12,4
45811593,2274,1360,6,492,2013,4,1,5,4.6,230397,8,0,0,1,0,1,12
44062586,11000,1845,7,666,2015,3,0,2,1.8,123000,4,0,1,1,1,14,6
45768879,4547,1017,4,387,2017,9,1,5,2,115974,4,0,1,1,0,14,12
45789096,11604,528,2,448,2014,9,0,5,1.6,49000,4,2,1,1,0,6,10
45801233,12544,1750,5,693,2000,4,1,0,3,209123,4,2,0,1,0,1,9
45788171,17249,862,6,374,2005,9,1,5,2,125000,8,2,2,1,0,12,12
45810473,28059,639,1,639,2014,4,1,1,2,73650,4,0,1,1,0,12,4
45732987,18826,707,4,748,2011,9,1,5,2,145219,4,0,1,1,0,7,4
45811208,31361,1429.8433516297,6,775,2007,6,0,1,2.1,268022,6,1,1,0,0,14,0
45755431,13485,582.788167938931,7,643,2012,3,0,2,1.8,0,4,0,1,1,0,14,8
45800409,19130,1711.27272727273,0,871,2007,4,1,5,3,310000,6,2,0,1,0,7,6
45731414,34074,777,4,526,2014,7,1,1,2.5,126970,4,0,1,1,0,12,4
45810143,11099,645,1,575,2011,9,1,5,1.8,142600,4,0,1,1,0,12,4
45656383,314,586,7,643,2012,3,1,2,1.8,411923,4,0,1,1,0,2,12
45646973,18817,609,7,268,2018,9,1,2,2.5,35058,4,0,1,1,0,14,12
45810708,29793,1249,7,268,2017,9,1,5,2.5,32000,4,2,1,1,0,6,14
45809813,31675,784,3,293,2017,3,1,5,1.5,46935,4,0,1,1,0,1,4
45793633,21012,582.788167938931,7,643,2013,9,1,2,1.8,150000,4,0,1,1,0,1,8
45801973,15367,970.867153989687,2,796,2014,9,1,5,3.8,280000,6,0,0,1,0,7,8
45757369,941,645,3,293,2011,9,1,5,1.8,177250,4,0,1,1,0,1,12
45732040,53154,1017,4,733,2017,4,1,1,2,105751,4,0,1,1,0,14,4
45798184,11368,1047,4,387,2007,9,1,5,1.6,122587,4,0,1,1,0,12,4
45798304,6899,1599.33333333333,3,425,2004,9,0,5,1.3,98000,4,0,1,1,1,12,4
45781121,43435,1338.90845620294,0,886,2012,4,1,1,3.5,243087,6,0,0,1,0,1,12
45617742,11133,394,7,268,2014,9,1,2,2.5,179381,4,0,1,1,0,1,12
45765800,4234,1058,3,638,2012,9,1,5,3.5,236698,6,0,1,1,0,1,12
45656759,3450,585,7,643,2013,3,1,2,1.8,74838,4,0,1,1,0,14,12
45781278,28225,540.146341463415,5,258,2012,3,1,2,1.8,128297,4,0,1,1,0,3,4
45691317,39201,891,6,498,2016,3,1,5,2,48000,4,0,0,1,0,14,0
44936719,22266,582.788167938931,7,643,2012,3,0,2,1.8,57000,4,3,1,1,0,1,12
45768378,125,1324,7,535,2010,9,1,2,3.3,316912,6,0,0,1,0,2,12
45793436,6429,961,1,289,2009,4,1,1,2,74594,4,0,1,1,0,1,4
45732989,9252,640,4,748,2013,9,1,4,2,102788,4,0,1,1,0,14,4
45730098,25889,528,4,387,2014,9,1,5,1.6,147957,4,0,1,1,0,14,4
45797866,24860,1347,4,526,2008,7,1,1,2.5,134955,4,0,1,1,0,12,4
45770278,22894,781,7,268,2012,9,1,5,2.5,200000,6,0,2,1,0,14,0
45806842,10349,1820,5,381,2019,9,1,5,3.5,13147,6,0,1,1,0,14,12
45769420,314,1172,6,361,2011,9,1,1,3.5,132630,6,0,2,1,0,12,12
43652825,15681,1429.8433516297,6,479,1988,4,0,1,2.9,138000,4,1,0,0,0,1,2
45733638,55932,1079,4,748,2018,9,1,5,2,50310,4,0,1,1,0,7,4
45732971,9252,765,4,748,2015,9,1,4,2,128965,4,0,1,1,0,8,4
45713468,37633,1329.79585953434,5,703,2010,4,1,2,3.5,180800,8,0,1,1,0,12,8
45813014,251,645,7,643,2011,3,1,2,1.8,230939,4,0,1,1,0,2,12
44998607,14113,738,1,321,2017,9,0,5,1.4,89620,4,0,1,1,0,13,8
45815348,3293,1273,5,694,2015,4,1,5,3.5,71939,6,0,0,1,0,1,12
45803517,12544,765,4,748,2015,9,1,4,2,128965,4,0,1,1,0,8,4
45763544,188,1185,2,409,2009,4,1,2,2.5,196682,4,0,1,1,0,1,0
45178867,37633,1058,7,541,2012,4,1,5,3.5,134114,6,0,0,1,0,14,10
45794285,14113,639,2,452,2014,3,0,5,2,13000,4,1,1,1,0,14,8
45617872,157,1055,6,361,2013,9,1,1,3.5,237158,6,0,0,1,0,1,12
45802586,39559,765,4,733,2015,4,1,1,2,99000,4,0,1,1,0,7,4
45813697,470,574,3,293,2010,9,1,2,1.3,264132,4,0,1,1,0,12,12
45782189,12544,353,7,643,2015,3,0,2,1.8,118410,4,2,1,1,0,12,12
45784011,7840,1429.8433516297,6,357,2000,9,1,5,3.2,111111,6,2,2,1,0,1,6
45763568,220,1185,2,409,2009,4,1,2,2.5,193614,4,0,1,1,0,14,0
45769641,1725,1324,7,535,2010,9,1,2,3.3,226198,6,0,0,1,0,6,12
45742214,14426,1711.27272727273,0,871,2001,4,1,0,4.4,3000,8,0,0,1,0,1,16
45789030,15681,862,7,268,2011,9,1,5,2.5,165222,4,0,1,1,0,1,8
45808872,13297,531,1,162,2012,3,1,5,1.6,46000,4,0,1,1,0,11,4
45797236,12231,1537,4,522,2009,9,1,5,3.3,159747,4,0,1,1,0,1,4
44153685,140,2366.56363636364,5,517,2007,4,1,4,2,150000,8,2,0,1,0,12,12
45771131,2038,353,7,643,2015,4,1,2,1.8,104795,4,0,1,1,0,14,12
45641230,9722,609,7,268,2018,9,1,2,2.5,127515,4,0,1,1,0,1,12
45729952,26475,530,4,387,2013,9,1,5,1.6,94415,4,0,1,1,0,1,4
41767828,16935,888.488372093023,7,643,2009,3,0,2,1.8,124000,4,0,1,1,0,1,6
45454835,16935,642,2,458,2012,3,1,5,2,155607,4,0,1,1,0,1,4
45795702,10036,939.882352941176,7,849,2007,3,0,5,1.3,125000,4,3,1,1,0,13,2
45732809,15850,836,4,748,2010,9,1,5,2,152566,4,0,1,1,0,7,4
45805742,10976,642,2,452,2012,9,1,5,2,121000,4,0,1,1,0,1,10
43968112,35,1599.33333333333,3,425,2005,3,0,5,1.5,183000,4,2,1,1,1,12,5
45622826,4077,1527,6,174,1995,9,0,0,1.8,200000,4,1,2,1,0,12,2
45732818,14069,836,4,748,2010,9,1,5,2,170000,4,0,1,1,0,1,4
45810097,38975,501,7,145,2014,9,1,5,1.5,51000,4,0,1,1,0,14,4
45813631,706,394,7,157,2014,9,1,2,2.5,189216,4,0,1,1,0,1,12
45776035,17249,673.483990147783,4,387,2011,9,0,5,1.8,177600,4,2,1,1,0,14,9
45813274,19444,697,4,387,2015,9,1,5,1.8,96000,4,2,1,1,0,12,16
45802931,40390,891,4,733,2016,4,1,1,2,175089,4,0,1,1,0,14,4
41885339,70,673.483990147783,4,387,2015,9,0,5,1.8,96000,4,2,1,1,0,7,8
43760863,18817,397,7,643,2016,3,0,2,1.8,74098,4,0,1,1,0,12,8
45655995,1019,1055,5,701,2013,4,1,2,3.5,138038,6,0,1,1,0,14,12
45661418,941,1055,5,701,2013,4,1,2,3.5,361603,6,0,1,1,0,1,12
45631377,9408,919,0,871,2012,4,1,1,3,149520,6,0,0,1,0,7,0
45749571,30,741.884259259259,3,425,2010,3,0,5,1.3,0,4,0,1,1,1,14,4
45786658,42337,798.697674418605,0,50,2015,9,1,5,2,26000,4,2,0,1,0,14,12
45644800,7997,1537,7,535,2009,4,1,2,3.3,251278,6,0,0,1,0,6,12
45758476,3607,441,4,748,2015,9,1,2,2.4,229192,4,0,1,1,0,12,0
45798763,10976,687,4,547,2010,2,1,1,1.6,156000,4,1,1,1,0,0,12
45769612,3293,1659,7,822,2014,9,1,5,2,0,8,0,0,1,0,14,12
45747334,6272,888.488372093023,7,643,2008,3,0,2,1.5,240000,4,0,1,1,0,14,6
45765151,220,259,1,853,2014,3,1,2,1.4,110958,4,0,1,1,0,1,0
45816005,4234,753,4,748,2012,9,1,2,2.4,123862,4,0,1,1,0,14,12
45773276,3920,810,7,298,2016,9,1,5,1.8,155942,4,0,1,1,0,12,12
45801494,18500,528,4,387,2014,9,1,5,1.6,179664,4,0,1,1,0,12,4
43942837,28852,640,0,863,2013,4,1,5,2,10000,4,0,0,1,0,8,12
45627333,23207,862,7,680,2011,4,1,5,2.5,198400,4,0,0,1,0,6,8
45797259,17346,531,4,547,2012,3,1,1,1.6,151136,4,0,1,1,0,14,4
45766569,1568,1493,6,361,2016,9,1,1,3.5,77205,6,0,2,1,0,7,12
43447022,29793,1018,0,124,2011,9,1,5,3,123803,6,2,2,1,0,14,8
45810046,30906,501,7,145,2014,3,1,5,1.5,42000,4,0,1,1,0,7,4
45625937,10820,919,0,871,2012,4,1,1,3,229966,6,0,0,1,0,1,0
45798730,10900,503,7,651,2012,3,0,2,1.5,244800,4,0,1,1,0,1,12
45779041,9408,1026.00733117836,3,142,2003,9,0,5,2.4,180000,4,2,1,1,1,2,4
45755672,4077,645,5,258,2011,3,1,2,1.8,228610,4,0,1,1,0,1,0
45804822,30712,877,4,817,2017,4,1,1,1.7,50380,4,0,1,1,0,14,4
45522935,19914,586,7,643,2012,3,0,2,1.8,110000,4,0,1,1,0,1,8
45798228,33076,880,4,387,2018,9,1,5,1.6,41523,4,0,1,1,0,2,4
45801980,18503,730,4,387,2016,9,1,4,1.6,33091,4,0,1,1,0,12,4
45775406,7527,2084,2,799,1997,6,1,1,2.5,1000,4,1,2,1,0,14,0
45768991,12858,612.4,2,448,2011,3,0,5,1.4,160000,4,1,1,1,0,14,4
45811153,549,518,7,680,2016,4,1,2,2.5,74053,4,0,0,1,0,2,12
45771518,12544,447,3,560,2013,3,0,2,1.3,175930,4,0,1,1,0,12,0
45664651,470,441,4,748,2015,9,1,2,2.4,135730,4,0,1,1,0,12,0
45762786,314,1017,6,498,2017,4,1,5,2,46413,4,0,0,1,0,2,0
45787588,9408,2084,2,799,1998,6,0,1,2.5,11111,4,1,2,1,0,14,2
45804677,35902,891,4,817,2016,4,1,1,2,99821,4,0,1,1,0,14,4
45795757,15053,1834,6,769,2004,6,0,1,2.2,169000,6,1,2,1,0,14,2
45810141,11676,761,1,575,2010,9,1,5,1.8,153966,4,0,1,1,0,12,4
45793919,13172,872.02838865217,7,149,2014,3,0,2,1.5,70000,4,2,1,1,1,12,8
45671669,43592,765,4,734,2015,4,1,5,2,76000,4,2,0,1,0,1,12
45771409,706,761,7,643,2010,4,1,2,1.8,221760,4,0,1,1,0,2,12
45780352,18189,673.483990147783,4,387,2013,9,0,5,1.8,115200,4,2,1,1,0,7,6
45756849,10036,382,2,465,2015,9,1,2,2,100747,4,0,1,1,0,6,0
45808871,48566,1273,2,421,2015,4,1,5,3.5,143604,4,0,1,1,0,14,4
45648509,25089,915,0,871,2014,4,1,1,3,141384,6,0,0,1,0,2,0
45765220,16621,779,7,268,2013,9,0,2,2.5,136861,4,0,1,1,0,2,0
45741612,12544,640,2,214,2013,9,0,2,2,144000,4,0,1,1,0,2,10
45779454,8154,1429.8433516297,6,357,1998,9,1,0,3.2,220000,6,2,2,1,0,1,6
45815315,31361,1054,6,771,2009,10,0,1,2.2,350000,4,1,2,1,0,6,2
45805609,21012,582.788167938931,7,643,2013,3,0,2,1.8,243200,4,0,1,1,0,12,12
45786084,7213,1599.33333333333,3,425,2005,9,0,5,1.3,176000,4,3,1,1,1,1,8
45793063,6586,789,1,317,2009,9,1,5,1.6,75996,4,0,1,1,0,1,4
45732771,15132,836,4,748,2010,9,1,5,2,185120,4,0,1,1,0,12,4
45590004,12231,741.884259259259,3,425,2010,3,0,5,1.3,93000,4,0,1,1,1,2,2
45732808,15850,642,4,748,2012,9,1,5,2,187794,4,0,1,1,0,5,4
45792964,6269,617,1,162,2009,9,1,5,1.2,73816,4,0,1,1,0,12,4
45797586,20266,583,4,387,2011,9,1,5,1.6,94910,4,0,1,1,0,12,4
45652871,282,753,4,748,2012,9,1,2,2.4,226814,4,0,1,1,0,1,0
45803884,54346,1079,4,817,2018,4,1,1,2,46503,4,0,1,1,0,7,4
45766068,4077,1529,6,174,1995,9,0,5,1.8,2014,4,1,2,1,0,1,2
44105224,40769,1091,7,680,2016,4,0,5,2.5,60000,4,2,1,1,0,4,8
45764483,12388,1399,6,361,2010,9,1,1,3.5,189530,6,0,0,1,0,1,12
45732675,14454,836,4,748,2010,9,1,5,2,171734,4,0,1,1,0,12,4
45809120,6611,502,7,145,2013,3,1,2,1.5,143686,4,0,1,1,0,14,4
45815319,7527,781,7,680,2012,4,1,5,2.5,157232,4,0,1,1,0,12,12
45644470,392,640,2,465,2013,9,1,2,2,215965,4,0,1,1,0,1,0
45758080,47042,1646,5,517,2015,4,1,5,4.6,106918,8,0,0,1,0,1,0
45416975,25089,1202,4,748,2017,9,0,5,2.4,50000,4,2,1,1,0,14,10
45781796,10663,2078,0,46,2003,9,0,5,2.5,76000,6,0,2,1,0,12,6
45800897,20385,1521.27188940092,6,769,1998,6,1,1,2.9,111111,5,1,2,1,0,14,1
45816267,8154,1451,0,891,2011,4,1,5,4.4,147677,8,0,0,1,0,11,12
45738884,21012,781,7,268,2012,9,1,5,2.5,101000,4,2,1,1,0,7,8
45772502,5645,1324,7,535,2010,9,1,2,3.3,345405,6,0,0,1,0,12,12
44063410,16000,2266,3,462,2018,7,0,2,1.5,0,4,0,1,1,1,2,2
45803619,21009,1024,4,526,2010,7,1,1,2.5,92336,4,0,1,1,0,12,4
45772862,64917,971.138888888889,6,201,2015,9,1,5,2,83000,6,2,2,1,0,1,12
45769430,30734,1053,6,361,2014,9,1,1,3.5,200179,6,0,0,1,0,1,12
45038933,19757,565.416666666667,2,214,2013,3,1,2,2,93450,4,0,1,1,0,14,10
45804352,39026,1172,5,379,2011,9,1,5,3.5,63905,4,0,1,1,0,12,4
45778106,6272,1338.90845620294,0,41,1999,9,1,5,2.2,55000,6,1,2,1,0,2,2
45773389,24462,1429.8433516297,6,353,2008,9,1,1,3,292000,6,2,2,1,0,12,12
45689434,13172,502,7,651,2013,3,0,2,1.5,0,4,2,1,1,0,14,12
45813397,188,1018,0,871,2011,4,1,5,3,196330,6,0,0,1,0,14,12
45640545,4077,640,2,465,2013,9,1,2,2,320554,4,0,1,1,0,14,0
45809902,50526,1017,3,293,2017,9,1,5,2,41747,4,0,1,1,0,14,4
45796915,48610,518,7,680,2016,4,0,2,2.5,19000,4,2,0,1,0,2,12
45816274,627,1304,0,891,2013,4,1,5,4.4,118656,8,0,0,1,0,1,12
45696847,19444,934,2,465,2015,9,0,5,2.5,90000,4,2,1,1,0,1,8
45785735,15681,761,7,643,2010,9,0,2,1.8,133000,4,3,1,1,0,14,10
45810830,1176,353,7,643,2015,3,1,2,1.8,134835,4,0,1,1,0,7,12
45775358,7527,939.882352941176,7,849,2002,9,0,5,1,90000,4,0,1,0,1,9,2
45781782,5175,939.882352941176,7,849,2001,1,0,5,1,175000,4,0,1,0,1,9,2
45758250,52059,1363,5,516,2012,4,1,5,4.6,229334,8,0,0,1,0,1,0
45772787,16621,1172,6,361,2011,9,1,1,3.5,119379,6,0,0,1,0,12,12
45813942,470,2148,6,369,2010,9,1,5,2,199203,8,0,2,1,0,1,12
44010350,18503,1271.22222222222,7,268,2007,9,1,2,2.4,22000,4,0,1,1,0,12,10
45589933,40,455.705882352941,7,651,2014,3,1,4,1.4,256000,4,0,1,1,0,14,8
45793831,21326,891,4,387,2016,9,0,5,2,67000,4,2,1,1,0,1,12
45081638,30,741.884259259259,3,425,2012,3,0,5,1.3,145000,4,0,1,1,1,12,6
45649180,251,607,7,268,2019,9,1,2,2.5,39552,4,0,1,1,0,1,12
44897120,8311,528,2,448,2014,9,0,5,1.6,107738,4,2,1,1,0,2,12
45431202,15994,475,1,317,2012,9,1,5,1.4,74000,4,0,1,1,0,12,8
45806193,13172,761,7,643,2010,9,1,2,1.8,368000,4,3,1,1,0,7,11
45480875,15994,1429.8433516297,6,26,1998,2,0,1,2.8,0,6,1,2,0,0,2,2
45809147,27174,833,1,289,2015,4,1,1,2.2,69320,4,0,1,1,0,12,4
45644970,314,1750,7,535,2008,4,1,2,3.3,0,6,0,0,1,0,12,12
45812861,14113,503,3,293,2012,9,1,2,1.5,142000,4,0,1,1,0,14,8
45802099,22580,777,7,274,2014,9,1,5,2.5,29800,4,0,1,1,0,14,6
45540437,8311,1599.33333333333,3,425,2006,3,0,5,1.3,163000,4,3,1,1,1,12,2
45773676,4077,781,7,268,2012,9,1,2,2.5,214098,4,0,1,1,0,12,12
45798472,16308,1429.8433516297,6,357,2004,9,1,5,3.2,130000,6,2,2,1,1,12,8
45646359,1725,1363,6,605,2012,4,1,1,4.6,180659,8,0,0,1,0,1,12
45729814,27356,87,4,387,2016,9,1,4,0,65004,4,0,1,1,0,14,4
45815360,470,1399,5,694,2010,4,1,5,3.5,138070,6,0,0,1,0,1,12
45556857,14069,1104,0,871,2015,4,1,5,3,80000,6,2,0,1,0,2,12
45274978,10976,1832,6,844,2005,7,0,1,2.2,215000,4,1,2,1,0,2,6
45809833,18519,640,1,317,2013,9,1,1,2,163855,4,0,1,1,0,14,4
45783465,9408,988,7,643,2007,3,0,2,1.5,85000,4,0,1,1,0,5,10
45642795,1098,574,3,560,2010,3,1,2,1.3,187312,4,0,1,1,0,2,0
45809575,13877,585,1,317,2013,9,1,5,1.8,137538,4,0,1,1,0,1,4
45765280,23521,382,2,465,2015,9,0,2,2,84800,4,0,1,1,0,12,12
45732942,7056,707,4,748,2011,9,1,4,2,85419,4,0,1,1,0,14,4
45781925,65858,1325,7,268,2019,9,1,5,2.5,7000,4,0,1,1,0,1,10
45801881,13476,687,4,387,2010,9,1,5,1.6,132967,4,0,1,1,0,7,4
45740722,25089,757.14552238806,7,268,2013,9,0,2,2.5,134700,4,3,1,1,0,1,12
45793241,22266,1016,1,639,2017,4,1,5,2,48432,4,0,1,1,0,1,4
45757731,6743,397,5,258,2016,3,1,2,1.8,71904,4,0,1,1,0,14,0
45775451,4077,612.4,2,448,1998,9,0,5,1.5,11580,4,1,1,2,0,2,2
45645920,392,781,7,268,2012,9,1,2,2.5,314373,4,0,1,1,0,7,12
45803690,7840,1429.8433516297,6,331,2000,2,1,4,2,0,4,1,2,1,0,2,8
45646497,1646,919,0,94,2012,9,1,5,3,129834,6,0,2,1,0,2,12
45805904,15681,584,4,387,2014,9,1,5,1.8,149000,4,2,1,1,0,7,10
45797067,10349,2002,4,522,2008,9,1,5,3.8,136192,4,0,1,1,0,1,4
45813035,941,779,7,268,2013,9,1,2,2.5,225510,4,0,1,1,0,14,12
45813877,549,891,2,465,2016,9,1,5,2,50195,4,0,1,1,0,7,12
45733558,42987,1017,4,748,2017,9,1,5,2,13148,4,0,1,1,0,1,4
45815253,862,1714,6,502,2017,4,1,5,3.5,53070,6,0,2,1,0,2,12
45803242,10976,765,4,748,2015,9,1,4,2,128965,4,0,1,1,0,14,4
45369550,5645,503,7,651,2012,3,0,2,1.5,99000,4,0,1,1,0,14,4
45810457,27093,730,1,639,2016,4,1,1,1.6,51287,4,0,1,1,0,7,4
44803830,17719,585,7,643,2013,9,1,2,1.8,268800,4,0,1,1,0,1,10
45766638,4704,761,7,643,2010,9,1,2,1.8,319301,4,0,1,1,0,14,12
45652352,282,1598,6,605,2008,4,1,1,3,213998,6,0,0,1,0,12,12
45809073,23678,765,1,289,2015,4,1,1,2,30000,4,0,1,1,0,12,4
42733722,250,1500.5,7,583,2019,4,0,1,3,33000,6,0,0,1,0,14,12
45802820,40983,639,4,733,2014,4,1,1,2,120871,4,0,1,1,0,12,4
45797220,13463,1756,4,522,2009,1,1,5,3.8,187143,4,0,1,1,0,14,4
45810984,941,400,1,853,2018,9,1,2,1.5,43128,4,0,1,1,0,12,12
45812793,1098,777,7,268,2014,9,1,5,2.5,254230,4,0,1,1,0,1,12
45777549,13485,612.4,2,448,2012,3,0,5,1.6,100300,4,0,1,1,0,1,2
45812785,392,779,7,268,2013,9,1,5,2.5,78670,4,0,1,1,0,12,12
45112595,37633,1202,4,733,2017,4,0,5,2.4,79309,4,0,1,1,0,1,7
45810051,39615,595,7,145,2015,3,1,5,1.5,43578,4,0,1,1,0,12,4
45641398,5018,779,7,268,2013,9,1,2,2.5,190549,4,0,1,1,0,1,12
45771993,157,333,2,465,2014,9,1,2,2,186048,4,0,1,1,0,1,0
45793663,21953,779,7,268,2013,9,1,5,2.5,78082,4,2,1,1,0,1,12
45809069,14069,1493,2,424,2016,9,1,5,3.5,30573,4,0,1,1,0,14,4
45761182,188,289,2,409,2008,9,1,2,0.4,209843,4,0,1,1,0,7,0
45551485,10349,1338.90845620294,0,78,2004,9,1,5,2.5,250000,6,0,2,1,0,7,4
45798255,19130,528,4,387,2014,9,1,1,1.6,142495,4,0,1,1,0,14,4
45065457,21326,456,7,268,2015,9,1,2,2.5,14004,4,0,1,1,0,1,8
44339567,40456,1338.90845620294,0,100,2012,9,1,5,3,176480,4,2,2,1,0,1,12
45748937,10349,1266,7,145,2014,3,0,2,1.5,134800,4,3,1,1,1,12,2
41340887,13799,529.21686746988,3,560,2010,3,0,2,1.3,112000,4,0,1,1,0,12,4
43336087,50,888.488372093023,7,643,2008,3,1,2,1.5,135000,4,0,1,1,0,0,6
45769057,22894,1429.8433516297,6,63,2000,6,0,1,2.7,333333,5,1,2,1,0,6,2
45799181,31361,1091,7,268,2016,9,1,5,2.5,54400,4,0,1,1,0,1,8
45769484,4547,1017,4,387,2017,9,1,5,2,115974,4,0,1,1,0,14,12
45769782,1882,746,7,643,2009,9,1,2,1.5,142426,4,0,1,1,0,14,12
44575014,39201,1018,6,605,2011,4,1,1,3,74500,6,2,0,1,0,1,12
45803744,37000,891,4,817,2016,4,1,1,2,136027,4,0,1,1,0,1,4
44962338,11000,1429.8433516297,6,357,1999,9,1,0,3.5,0,6,0,0,1,0,1,2
45809341,10349,1091,7,268,2016,9,1,5,2.5,70066,4,0,1,1,0,14,12
45788367,29793,798.697674418605,0,50,2013,1,1,5,3,98000,8,0,2,0,0,14,12
45781816,10036,872.02838865217,7,161,2004,9,0,5,2,138643,4,0,1,1,1,12,8
45544836,22894,382,4,752,2014,9,1,2,2.4,76000,4,0,1,1,0,1,7
45184769,15053,612.4,2,448,2015,9,0,5,1.6,108000,4,2,1,1,0,1,8
45732961,7056,707,4,748,2011,9,1,4,2,61208,4,0,1,1,0,14,4
45730129,25889,730,4,387,2016,9,1,5,1.6,63276,4,0,1,1,0,14,4
45771264,16621,1172,6,361,2011,9,1,1,3.5,119379,6,0,0,1,0,12,12
45797635,20005,531,4,387,2012,9,1,5,1.6,104997,4,0,1,1,0,14,4
45369640,19130,872.02838865217,7,674,2013,9,0,2,1.8,65000,4,3,1,1,1,12,8
45793749,4359,1285,1,289,2007,4,1,1,2,52699,4,0,1,1,0,12,4
45728314,47000,1058,5,694,2012,4,1,5,3.5,170000,6,2,0,1,0,1,12
45624752,784,1537,7,535,2009,4,1,2,3.3,472304,6,0,0,1,0,14,12
45797281,2195,872.02838865217,7,859,2002,3,0,5,1.8,150000,4,0,1,1,1,12,4
45793790,8781,1599.33333333333,3,425,2007,3,0,5,1.3,188000,4,0,1,1,1,12,7
45692586,21012,872.02838865217,7,650,2012,3,0,6,1.8,108773,4,0,1,1,0,7,10
45804510,22649,836,4,817,2010,4,1,1,2,166320,4,0,1,1,0,1,4
45732142,40983,640,4,733,2013,4,1,1,2,95000,4,0,1,1,0,1,4
45758244,549,2455,5,517,2008,4,1,5,2,0,8,0,0,1,0,14,0
45801112,16935,1832,6,769,2005,6,0,1,2.2,183000,4,1,2,0,0,14,2
45263433,15681,584,4,387,2014,9,0,5,1.8,95000,4,0,1,1,0,2,0
45772591,16621,1271.22222222222,7,268,2007,9,0,2,2.4,215000,4,0,1,1,0,12,4
45815912,2979,751,4,748,2013,9,1,5,2.4,191848,4,0,1,1,0,1,12
45810527,23207,642,1,639,2012,4,1,1,2,132043,4,0,1,1,0,14,4
45780478,7997,988,7,643,2007,9,0,2,1.5,453000,4,3,1,1,0,14,4
39691194,60,939.882352941176,7,849,2002,9,0,5,1.3,100000,4,0,1,1,0,12,2
45718861,12541,761,7,643,2010,3,0,2,1.8,136000,4,3,1,1,0,12,8
45805632,14113,1888,0,87,2004,9,1,5,3,416000,6,1,2,1,0,1,6
45804890,59006,1077,4,817,2019,4,1,1,2,14000,4,0,1,1,0,7,4
45773345,10349,394,7,268,2014,9,1,2,2.5,0,4,0,1,1,0,1,12
45801609,20005,583,4,387,2011,9,1,5,1.6,94479,4,0,1,1,0,11,4
44490723,12388,1267,7,145,2013,9,0,2,1.5,121840,4,2,1,1,1,3,4
45811365,392,777,7,680,2014,4,1,5,2.5,168661,4,0,1,1,0,14,12
45773574,15053,751,4,748,2013,9,1,5,2.4,52528,4,0,1,1,0,2,0
45816282,862,919,0,871,2012,4,1,5,3,133342,6,0,0,1,0,1,12
45804860,25264,639,4,817,2014,4,1,1,2,191980,4,0,1,1,0,14,4
40754201,21012,831,7,897,2018,9,1,5,1.5,20549,4,0,1,1,0,7,10
44675141,14113,862,6,356,2007,10,1,5,3,75000,8,2,2,1,1,14,12
45656236,4077,753,4,748,2012,9,1,2,2.4,259934,4,0,1,1,0,11,0
45732084,14069,1076,4,733,2020,4,1,1,2,9146,4,0,1,1,0,14,4
45774731,42337,639,0,84,2014,9,1,5,2,156000,4,2,2,1,0,14,12
24701923,130,1711.27272727273,0,871,2006,4,1,5,4.4,90000,8,2,0,1,0,1,8
45682457,10976,741.884259259259,3,425,2012,9,0,5,1.3,114000,4,0,1,1,1,14,4
43116659,16621,586,7,643,2012,3,0,5,1.8,158302,4,0,1,1,0,2,6
45802941,23734,911,4,733,2010,4,1,1,2.2,115505,4,0,1,1,0,14,4
45757579,1725,531,4,138,2012,3,1,5,1.6,104509,4,0,1,1,0,2,12
45755708,1019,585,5,258,2013,3,1,2,1.8,0,4,0,1,1,0,11,0
45525671,15681,1711.27272727273,0,871,2004,4,1,5,4.4,224000,8,2,0,1,0,1,6
45806752,157,919,6,605,2012,4,1,1,3,221312,6,0,0,1,0,2,12
45797234,24433,777,4,526,2014,7,1,1,2.5,128000,4,0,1,1,0,7,4
45803546,9722,765,4,748,2015,9,1,4,2,486563,4,0,1,1,0,8,4
42698204,3000,1429.8433516297,6,331,2001,9,0,5,2,11111,4,0,2,1,1,2,6
45773849,1646,1399,6,361,2010,9,1,5,3.5,205968,6,0,0,1,0,14,12
45641603,627,1514,6,492,2011,4,1,5,4.6,163298,8,0,0,1,0,14,12
45806836,784,1646,5,516,2015,4,1,5,4.6,102885,8,0,0,1,0,1,12
45776062,16935,1711.27272727273,0,871,2004,4,1,1,3,250000,8,2,0,1,0,2,0
45760761,4704,1714,6,502,2017,4,1,5,3.5,59331,6,0,2,1,0,1,0
45771238,9879,1018,6,361,2011,9,1,1,3,273186,6,0,2,1,0,14,12
45792636,29793,1083,1,264,2013,1,1,5,3.6,134400,6,1,2,0,0,7,8
45539139,10349,1266,7,145,2014,3,0,2,1.5,73000,4,3,1,1,1,14,4
45804792,23932,640,4,817,2013,4,1,1,2,166762,4,0,1,1,0,14,4
45813855,1098,777,2,465,2014,9,1,5,2.5,284880,4,0,1,1,0,2,12
45692357,13172,788.140435835351,4,817,2006,4,1,5,2.7,160000,6,2,0,1,0,1,8
45813688,25089,598.5,4,827,2015,9,1,5,1.6,59000,4,2,1,0,0,12,8
45783708,28539,810,7,643,2016,3,0,5,1.8,31000,4,0,1,1,0,7,8
45642793,470,1055,6,361,2013,9,1,5,3.5,220696,6,0,0,1,0,1,12
45656944,26657,919,6,605,2012,4,1,1,3,271701,6,0,0,1,0,14,12
45098510,9722,843,7,643,2008,9,0,2,1.5,240000,4,0,1,1,0,7,10
45815120,1568,781,7,268,2012,9,1,2,2.5,119765,4,0,1,1,0,11,12
45804117,28830,642,4,817,2012,4,1,1,2,120950,4,0,1,1,0,12,4
45806815,18817,645,7,643,2011,9,1,2,1.8,178000,4,3,1,1,0,7,6
45814964,21326,798.697674418605,0,50,2011,1,1,5,3,220763,6,2,0,0,0,1,15
45770827,16308,761,7,643,2010,3,0,2,1.8,135797,4,0,1,1,0,11,0
45807591,49550,1338.90845620294,0,109,2009,3,1,5,4.4,167000,6,2,2,2,0,1,9
45770972,23521,781,7,268,2012,9,0,2,2.5,214098,4,0,1,1,0,12,0
45749892,11290,888.488372093023,7,643,2008,9,0,2,1.5,173000,4,3,1,1,0,2,8
45486386,3000,896.105072463768,0,84,1993,9,1,5,2.8,111000,6,1,2,1,0,14,1
45803348,10036,639,4,748,2014,9,1,4,2,362454,4,0,1,1,0,12,4
45571584,14426,582.788167938931,7,643,2010,3,0,2,1.8,188800,4,0,1,1,0,12,8
45803429,16308,891,4,748,2016,9,1,4,2,310064,4,0,1,1,0,14,4
45815744,9408,1429.8433516297,6,357,2000,9,1,0,3.2,192000,6,2,0,1,0,12,6
44578446,20385,2469,3,405,2004,7,1,5,3,0,4,0,0,1,0,1,1
45796616,11290,1429.8433516297,6,21,1999,6,0,1,2.9,370000,6,1,2,1,0,14,0
45183450,28852,642,0,35,2012,9,1,5,2,190000,4,2,2,1,0,13,12
45802990,24932,639,4,733,2014,4,1,1,2,52197,4,0,1,1,0,0,4
45811056,627,382,1,853,2017,3,1,2,1.5,102379,4,0,1,1,0,2,12
45802957,51373,971,4,733,2016,4,1,1,2.2,140552,4,0,1,1,0,14,4
45237191,14069,1020.57819905213,0,871,2014,4,1,5,4.4,0,8,2,0,2,0,1,12
45733288,12544,765,4,748,2015,9,1,4,2,128965,4,0,1,1,0,8,4
45768400,52059,1363,5,516,2012,4,1,5,4.6,229334,8,0,0,1,0,1,0
45656919,4547,1598,6,605,2008,4,1,1,3,213998,6,0,0,1,0,12,12
45797765,15994,1185,4,526,2009,7,1,1,2.5,74121,4,0,1,1,0,1,4
45801429,12720,531,4,138,2012,9,1,1,1.6,169486,4,0,1,1,0,7,4
45803415,9252,765,4,748,2015,9,1,4,2,374013,4,0,1,1,0,8,4
45730115,24709,528,4,387,2014,9,1,1,1.6,133480,4,0,1,1,0,14,4
45755078,2430,781,7,268,2012,9,1,2,2.5,228717,4,0,1,1,0,7,12
45768488,9565,1058,7,535,2012,4,1,5,3.5,285186,6,0,1,1,0,7,12
45782411,16308,1429.8433516297,6,614,2005,4,1,4,2,168520,8,2,0,1,0,3,12
45733429,45044,1017,4,748,2017,9,1,5,2,87810,4,0,1,1,0,3,4
45732828,10036,891,4,748,2016,9,1,4,2,514781,4,0,1,1,0,8,4
45293586,32929,1338.90845620294,0,884,2007,4,1,5,2,248000,8,2,0,1,0,1,0
45384274,28225,640,2,465,2013,9,1,2,2,126000,4,3,1,1,0,7,4
45792555,8467,862,4,523,2006,3,0,5,1.4,0,4,0,1,1,0,12,8
45769634,4547,1850,6,361,2008,9,1,1,3.5,494317,6,0,0,1,0,1,12
45796057,5018,2078,0,46,2001,1,0,5,2.5,160000,6,2,2,0,0,12,0
45809995,53540,1091,1,559,2016,9,1,5,2.5,62230,4,0,1,1,0,1,4
45805617,11917,753,4,748,2012,9,1,2,2.4,116000,4,0,1,1,0,14,8
44942954,8938,1267,7,145,2013,3,0,2,1.5,109000,4,0,1,1,1,12,2
45797668,20005,583,4,387,2011,9,1,5,1.6,106616,4,0,1,1,0,1,4
45786777,7840,2084,2,799,1998,2,0,1,2.5,1000,1,1,2,1,0,14,1
43294459,7300,1111,3,425,2012,3,0,5,1.3,100000,4,0,1,1,1,14,4
45716132,8154,843,7,643,2008,3,0,2,1.5,200000,4,0,1,1,0,7,8
45766467,3450,1624,6,361,2009,9,1,1,3.5,109139,6,0,2,1,0,1,12
44466911,10976,831,4,748,2011,9,0,5,2.4,149000,4,2,1,1,0,2,10
45476710,9095,988,7,643,2007,3,0,2,1.5,150000,4,0,1,1,0,12,9
45771206,470,761,7,643,2010,4,1,2,1.8,408997,4,0,1,1,0,14,12
45619086,392,1053,6,361,2014,9,1,1,3.5,29675,6,0,0,1,0,1,12
45808438,157,749,4,748,2014,9,1,5,2.4,274981,4,0,1,1,0,7,12
45732770,6429,639,4,748,2014,9,1,4,2,531500,4,0,1,1,0,8,4
45787241,28225,1850,6,247,2008,1,1,5,3.5,77300,6,2,2,1,0,1,12
45751003,941,834,7,832,2013,4,1,5,2.7,177894,4,0,0,1,0,12,12
45798495,22580,779,7,268,2013,9,1,5,2.5,47000,4,0,1,1,0,14,8
45476423,26657,1429.8433516297,6,677,2007,7,1,1,3,180000,6,2,0,1,0,14,10
45801481,14454,531,4,387,2012,9,1,5,1.6,149935,4,0,1,1,0,1,4
45815994,4077,751,4,748,2013,9,1,5,2.4,111930,4,0,1,1,0,12,12
45793808,9408,1429.8433516297,6,240,2000,9,1,0,3.2,1000,6,0,2,0,0,0,0
45641724,3450,607,7,268,2019,9,1,2,2.5,9626,4,0,1,1,0,1,12
45730753,15423,687,4,387,2010,9,1,5,1.6,80861,4,0,1,1,0,12,4
45784870,15681,586,4,387,2012,9,1,5,1.8,236800,4,0,1,1,0,1,6
45789501,16308,562,1,317,2015,4,0,5,1.4,144000,4,0,1,1,0,3,0
45758076,16308,1811,5,517,2010,4,1,5,4.6,357246,8,0,0,1,0,7,0
45770120,54568,1363,5,516,2012,4,1,5,4.6,255406,8,0,0,1,0,1,0
45810410,20814,640,1,639,2013,4,1,1,2,151522,4,0,1,1,0,12,4
45774170,314,1017,6,355,2017,9,1,5,2,26802,4,0,2,1,0,1,12
45803239,15681,891,4,748,2016,9,1,4,2,195432,4,0,1,1,0,12,4
45813160,941,640,2,465,2013,9,1,2,2,294016,4,0,1,1,0,14,12
44903738,8467,1681,0,35,2003,9,0,5,2.2,135000,6,1,2,1,1,12,6
45805650,9722,1446.97098646035,3,312,1999,4,0,5,2,145785,4,1,0,1,0,2,2
45765810,706,1399,6,361,2010,9,1,1,3.5,205968,6,0,0,1,0,14,12
45624167,16308,586,7,643,2012,9,0,2,1.8,180000,4,3,1,1,0,7,12
45732126,45436,765,4,733,2015,4,1,1,2,115459,4,0,1,1,0,2,4
45802028,15285,836,4,522,2010,1,1,5,2,115363,4,0,1,1,0,11,4
45772088,314,1017,6,355,2017,9,1,5,2,26802,4,0,2,1,0,1,12
45781231,9408,2084,2,799,1998,6,0,1,2.5,128965,4,1,2,1,0,14,2
36431698,26343,1507.30769230769,6,837,2004,7,1,1,2.2,250000,4,1,2,1,0,1,4
45815755,37633,1690.85714285714,6,769,2008,6,0,1,2.2,234000,4,1,2,1,0,14,2
45802263,25763,777,4,526,2014,7,1,1,2.5,273500,4,0,1,1,0,1,4
45798172,19429,673.483990147783,4,387,2012,9,0,5,1.8,186560,4,2,1,1,0,7,6
45732829,10036,639,4,748,2014,9,1,4,2,347600,4,0,1,1,0,12,4
45660723,470,441,4,748,2015,9,1,2,2.4,135730,4,0,1,1,0,12,0
45116342,25089,1115,2,384,2011,4,0,5,3.5,281000,6,0,1,1,0,12,6
45732718,10349,639,4,748,2014,9,1,4,2,128965,4,0,1,1,0,14,4
45760526,39201,1055,7,535,2013,4,1,5,3.5,115200,6,2,0,1,0,1,8
45355506,31361,595.03007518797,2,465,2017,9,1,6,2,204200,4,0,1,1,0,14,10
45805906,18000,673.483990147783,4,387,2014,1,1,5,2,100000,4,0,1,0,0,1,12
45732830,13495,707,4,748,2011,9,1,5,2,91678,4,0,1,1,0,7,4
45779535,18189,650,1,317,2016,9,0,5,1.4,0,4,0,1,1,0,2,6
45810334,19933,639,1,620,2014,9,1,5,2,145783,4,0,1,1,0,1,4
45776100,34497,749,4,733,2014,4,1,5,2.4,127200,4,0,0,1,0,1,8
45810610,8097,363,1,768,2014,3,1,5,1,169617,4,0,1,1,0,1,4
44399340,160,1079,7,680,2018,4,0,5,2,25000,4,2,0,1,0,14,12
45794560,7997,1026.00733117836,3,790,2003,7,0,5,2,180000,6,2,1,2,1,1,3
45780502,10349,1553.57142857143,6,177,2004,9,0,5,1.8,96000,4,2,2,1,1,12,8
45803292,16894,836,4,748,2010,9,1,5,2,211075,4,0,1,1,0,14,4
45618054,18189,1172,6,361,2011,9,1,1,3.5,248525,6,0,0,1,0,1,12
45631908,11917,1195,2,799,2008,6,0,1,2.2,150000,4,1,1,1,0,14,4
45809829,54850,831,3,293,2018,9,1,5,1.5,13048,4,0,1,1,0,7,4
45806581,20071,781,7,268,2012,9,0,5,2.5,84000,4,2,1,1,0,12,12
45646875,1803,1405,0,871,2009,4,1,1,3,229854,6,0,0,1,0,6,0
45803007,67981,1077,4,733,2019,4,1,1,2,10120,4,0,1,1,0,7,4
45149684,32929,1211,6,605,2010,4,1,1,3,224000,6,0,0,1,0,1,8
45788780,1000,970.867153989687,2,570,1999,1,0,5,1.3,13222,4,1,1,0,0,13,3
45810198,21103,640,1,620,2013,9,1,5,2,101124,4,0,1,1,0,14,4
45772785,110,2225,5,516,2017,4,1,5,4.6,0,8,0,0,1,0,14,0
45617763,3607,781,7,268,2012,9,1,2,2.5,156518,4,0,1,1,0,14,12
45797074,36137,880,4,387,2018,9,1,4,1.6,47181,4,0,1,1,0,12,4
45816387,862,640,4,748,2013,9,1,5,2,211214,4,0,1,1,0,14,12
45809948,47201,900,3,293,2015,9,1,5,2.4,104867,4,0,1,1,0,1,4
45644788,1490,1058,7,535,2012,4,1,2,3.5,363059,6,0,0,1,0,14,12
45786570,13485,888.488372093023,7,643,2009,3,0,2,1.8,270400,4,3,1,1,0,1,8
45507386,2850,1429.8433516297,6,132,2000,3,0,5,1.6,1000,4,2,1,1,0,12,4
45655555,941,308,7,643,2014,3,1,2,1.8,270410,4,0,1,1,0,14,12
45812631,54882,905,5,548,2015,9,1,5,2,71000,4,2,2,1,0,1,12
45801571,20071,730,4,387,2016,9,1,5,1.6,72507,4,0,1,1,0,1,4
45731768,47694,1091,4,526,2016,10,1,1,2.5,79000,4,0,1,1,0,1,4
45648965,15681,777,2,465,2014,9,0,5,2.5,118000,4,2,1,1,0,14,10
45757729,31,353,5,258,2015,3,1,2,1.8,0,4,0,1,1,0,7,0
45776738,22423,1338.90845620294,0,7,2013,0,1,5,3,67646,6,1,1,1,0,1,8
45791664,10349,862,7,566,2004,7,0,0,2.4,250000,4,0,1,1,1,14,6
45774209,1254,584,4,387,2014,9,1,5,1.8,0,4,0,1,1,0,7,12
45797896,18240,687,4,387,2010,9,1,5,1.6,52418,4,0,1,1,0,14,4
45794304,20542,1711.27272727273,0,871,2004,4,1,5,2,250000,8,2,0,1,0,12,8
45765625,27284,834,7,792,2013,4,1,5,2.7,397915,4,0,2,1,0,14,12
45815076,4391,779,7,268,2013,9,1,5,2.5,171258,4,0,1,1,0,12,12
45709326,9095,585,4,387,2013,9,0,5,1.8,160000,4,2,1,1,0,12,8
37007036,21953,582.788167938931,7,643,2012,9,0,5,1.8,123200,4,0,1,1,0,0,6
45776196,32302,998.428571428571,4,525,2012,9,1,5,3,122000,6,0,1,1,0,14,12
45733282,9252,765,4,748,2015,9,1,4,2,456867,4,0,1,1,0,8,4
43317520,80,1429.8433516297,6,826,2003,7,1,1,1.7,100000,4,1,1,1,0,12,6
45788264,10976,1599.33333333333,3,425,2008,3,0,5,1.5,278000,4,3,1,1,1,2,0
45772341,5018,1624,6,361,2009,9,1,1,3.5,109139,6,0,2,1,0,1,12
45814500,15681,792.627815866797,4,748,2011,9,1,5,2,27200,4,0,1,1,0,1,6
45788166,14897,761,7,643,2010,3,1,2,1.8,163200,4,0,1,1,0,3,16
45815887,10976,1275,4,748,2019,9,1,5,2.4,29419,4,0,1,1,0,2,12
45797350,14113,531,4,547,2012,3,1,1,1.6,31593,4,0,1,1,0,14,4
45772391,2195,645,4,387,2011,4,1,5,1.8,308501,4,0,1,1,0,2,12
45757725,1019,781,7,680,2012,4,1,5,2.5,293029,4,0,0,1,0,1,12
45809282,8590,502,3,425,2013,3,1,2,1.5,122471,4,0,1,1,0,2,4
45495079,11917,1026.00733117836,3,430,2011,3,0,2,1.3,150000,4,0,1,1,1,14,2
45451302,20385,1750,5,696,2008,4,1,2,3.3,182000,6,0,0,1,0,7,10
45809403,16292,446,3,425,2014,10,1,5,1.3,30425,4,0,1,1,0,2,4
45809735,19306,501,7,145,2014,3,1,5,1.5,82000,4,0,1,1,0,1,4
45601360,7527,943.016149870801,0,50,1998,9,0,5,2.8,123000,6,1,2,1,0,2,6
45209376,19601,690,2,409,2016,4,1,5,1.5,108295,4,0,1,1,0,1,10
44505678,21953,377.528,1,853,2012,9,1,6,1.4,200000,4,2,1,1,0,1,10
45782749,10349,862,7,566,2002,7,0,4,2.4,162000,4,0,1,1,1,12,0
45758649,10036,2084,2,799,1997,6,1,1,2.5,280000,2,1,2,0,0,14,2
45796172,17249,1690.85714285714,6,769,2002,6,0,1,2.7,305000,5,1,2,0,0,14,2
45803566,13799,1017,4,748,2017,9,1,4,2,388986,4,0,1,1,0,8,4
45761437,18817,308,7,643,2014,3,0,2,1.8,145000,4,0,1,1,0,7,10
45808181,9722,1515,6,184,2003,9,0,0,2.4,20000,6,2,2,1,1,14,4
45787712,15524,1429.8433516297,6,224,2003,1,1,5,2,149000,8,2,2,0,0,12,12
45797045,34406,777,4,526,2014,7,1,1,2.5,125445,4,0,1,1,0,12,4
45797660,13768,862,4,526,2011,7,1,1,2.5,53440,4,0,1,1,0,12,4
45653168,5018,1399,5,701,2010,4,1,2,3.5,167222,6,0,0,1,0,1,12
45461654,40769,1338.90845620294,0,868,2012,4,1,5,3,91000,6,0,0,1,0,5,12
45813240,549,1327,7,268,2018,4,1,5,2.5,23333,4,0,1,1,0,12,12
45733095,11604,639,4,748,2014,9,1,4,2,264872,4,0,1,1,0,12,4
44440062,18817,1768,6,361,2007,9,1,5,2.8,123000,6,1,2,1,0,14,8
45786604,14113,1271.22222222222,7,268,2007,9,0,2,2.4,208800,4,0,1,1,0,7,12
45794568,8467,2084,2,799,1997,6,0,1,2.5,250000,6,1,2,0,0,14,1
45801724,10976,1685,6,177,1999,9,0,5,2,150000,4,2,2,1,0,12,4
45803277,10036,639,4,748,2014,9,1,4,2,268046,4,0,1,1,0,12,4
39531503,38574,1285.5,6,366,2010,9,1,1,3,155000,6,2,2,1,0,1,12
45770824,13172,819.6,3,293,2008,9,0,2,1.3,128965,4,3,1,1,0,7,4
45800301,21953,792.627815866797,4,748,2014,9,0,2,2.4,480000,4,2,1,1,0,7,12
45813965,470,891,6,201,2016,9,1,5,2,81014,4,0,2,1,0,14,12
45812675,470,738,1,317,2017,3,1,5,1.4,46053,4,0,1,1,0,11,12
45802251,8467,862,7,419,2001,7,0,0,3,200000,6,0,0,1,1,14,4
45393419,36065,1079,7,220,2018,4,0,5,2,37214,4,0,1,1,0,7,10
45770518,23521,792.627815866797,4,748,2014,9,1,2,2.4,109000,4,2,1,1,0,13,10
45815284,10976,2084,2,799,1997,6,0,1,2.5,200000,4,1,2,1,0,14,2
45769154,16308,934,7,680,2015,4,0,5,2.5,73000,4,0,0,1,0,8,0
45641384,18817,609,7,268,2018,9,1,2,2.5,35058,4,0,1,1,0,14,12
45796650,58018,1384,6,492,2014,4,1,5,2,84000,8,2,0,1,0,14,0
45733708,49751,1017,4,748,2017,9,1,5,2,43178,4,0,1,1,0,14,4
45794496,12858,749.991967871486,7,145,2012,3,0,2,1.5,120000,4,0,1,1,1,14,9
45732128,44542,765,4,733,2015,4,1,1,2,93876,4,0,1,1,0,2,4
45658757,220,1399,5,701,2010,4,1,2,3.5,317470,6,0,0,1,0,7,12
43637471,37633,1018,6,678,2011,4,1,1,3,162000,6,2,0,1,0,1,12
45776841,5300,1685,6,177,1995,9,0,5,2,1000,4,1,2,1,0,13,3
45797023,19369,707,4,522,2011,1,1,5,2,153651,4,0,1,1,0,11,4
45748616,45,888.488372093023,7,643,2008,3,0,2,1.8,164000,4,0,1,1,0,12,4
45803167,15994,765,4,748,2015,9,1,4,2,39878,4,0,1,1,0,1,4
45638976,15367,530,4,827,2013,1,1,5,1.6,135000,4,2,1,0,0,1,12
45797254,51523,1017,4,387,2017,9,1,5,2,17013,4,0,1,1,0,7,4
45732687,15053,765,4,748,2015,9,1,4,2,318677,4,0,1,1,0,12,4
45813502,941,1885,0,871,2010,4,1,5,2,268565,8,0,0,1,0,7,12
45732360,64002,1079,4,733,2018,4,1,1,2,41778,4,0,1,1,0,2,4
45797536,20266,531,4,387,2012,9,1,5,1.6,88288,4,0,1,1,0,14,4
45773528,9756,1429.8433516297,6,183,2002,9,0,1,2.2,300000,6,1,2,1,0,12,6
45802906,28068,640,4,733,2013,4,1,1,2,53240,4,0,1,1,0,7,4
45763324,3293,753,1,620,2012,9,1,5,2.4,103541,4,0,1,1,0,14,12
45798490,17876,640,4,399,2013,3,0,5,2,53000,4,0,1,1,0,14,8
45797345,16465,528,4,387,2014,9,1,5,1.6,122518,4,0,1,1,0,12,4
45767428,470,1399,6,361,2010,9,1,1,3.5,229904,6,0,0,1,0,1,12
45655086,220,1399,5,701,2010,4,1,2,3.5,317470,6,0,0,1,0,7,12
45776357,46414,1451.8,7,680,2001,4,0,1,2,335267,4,1,0,1,0,1,2
45786653,9000,1111,3,425,2012,10,0,2,1.3,98000,4,0,1,1,1,7,2
45730946,15245,707,4,522,2011,1,1,5,2,117492,4,0,1,1,0,7,4
45807471,392,862,7,680,2011,4,1,5,2.5,193754,4,0,0,1,0,2,12
45755092,627,481,2,465,2017,9,1,2,2,40157,4,0,1,1,0,1,12
45813439,784,891,0,35,2016,9,1,5,2,88203,4,0,0,1,0,1,12
45815824,42965,779,7,158,2013,9,1,2,2.5,97852,5,2,1,1,0,4,10
45803998,56513,930,4,817,2018,4,1,1,1.7,41500,4,0,1,1,0,1,4
45802599,27259,640,4,733,2013,4,1,1,2,201373,4,0,1,1,0,12,4
45656449,392,1018,0,871,2011,4,1,1,3,213195,6,0,0,1,0,3,0
45401165,23521,757.14552238806,7,268,2014,9,1,2,2.5,212421,4,3,1,1,0,14,12
45770179,470,1399,6,361,2010,9,1,5,3.5,229904,6,0,0,1,0,1,12
45810537,22063,642,1,639,2012,4,1,1,2,110297,4,0,1,1,0,7,4
45805751,26657,1308,0,108,2012,9,1,5,4.4,168000,8,2,2,1,0,14,12
45802170,31082,777,4,526,2014,7,1,1,2.5,170971,4,0,1,1,0,7,4
45209108,53314,1327,7,268,2018,9,1,5,2.5,6800,6,0,1,1,0,1,8
45730784,16778,531,4,387,2012,9,1,5,1.6,41279,4,0,1,1,0,14,4
45798110,12585,1047,4,387,2007,9,1,5,1.6,126184,4,0,1,1,0,12,4
45733014,15681,891,4,748,2016,9,1,4,2,248705,4,0,1,1,0,12,4
45790011,6272,1599.33333333333,3,425,2002,3,0,5,1.3,115500,4,3,1,1,1,2,2
45617821,63,1624,6,361,2009,9,1,1,3.5,205922,6,0,0,1,0,1,12
45801501,26017,831,4,387,2017,9,1,5,1.6,107220,4,0,1,1,0,14,4
45649715,3607,781,7,268,2012,9,1,2,2.5,156518,4,0,1,1,0,14,12
45800773,15053,585,7,643,2013,9,0,2,1.8,179000,4,3,1,1,0,12,6
45730615,29711,583,4,387,2011,9,1,5,1.6,45898,4,0,1,1,0,14,4
45732144,36827,640,4,733,2013,4,1,1,2,171755,4,0,1,1,0,12,4
45772509,2430,1598,6,361,2008,9,1,1,3,175614,6,0,2,1,0,1,12
45809554,34102,595,3,425,2015,3,1,5,1.5,65000,4,0,1,1,0,14,4
45489486,314,831,2,799,2011,6,0,1,2.4,164000,4,1,0,1,0,14,2
45759480,6272,1429.8433516297,6,12,1995,9,0,5,1.8,0,4,0,1,1,0,2,2
45732575,57372,765,4,733,2015,4,1,1,2,48764,4,0,1,1,0,12,4
45801910,19130,528,4,387,2014,9,1,1,1.6,142495,4,0,1,1,0,14,4
45811398,314,751,4,748,2013,9,1,2,2.4,197328,4,0,1,1,0,1,0
45732757,16894,836,4,748,2010,9,1,5,2,126799,4,0,1,1,0,1,4
45766224,1019,831,4,387,2017,9,1,5,1.6,25635,4,0,1,1,0,1,12
45651192,2509,1399,5,701,2010,4,1,2,3.5,315270,6,0,0,1,0,7,12
45801470,21395,730,4,387,2016,9,1,5,1.6,144889,4,0,1,1,0,14,4
45803639,17468,836,4,817,2010,4,1,1,2,216024,4,0,1,1,0,14,4
45803376,13642,765,4,748,2015,9,1,4,2,43000,4,0,1,1,0,12,4
45523554,2587,1079,7,220,2018,4,1,5,2,16213,4,0,1,1,0,7,12
43525340,17405,639,2,457,2014,3,1,5,2,62418,4,1,1,1,0,15,8
45733262,9252,765,4,748,2015,9,1,4,2,128965,4,0,1,1,0,8,4
43593614,17562,585,7,643,2013,3,0,2,1.8,120058,4,0,1,1,0,12,8
45806504,706,891,4,817,2016,4,1,5,2,60269,4,0,1,1,0,7,12
45762228,4547,475,1,853,2012,3,1,2,1.4,162190,4,0,1,1,0,2,0
45761866,10036,1429.8433516297,6,718,2000,9,1,4,2,190000,8,2,2,1,0,12,12
45764910,30734,1053,6,361,2014,9,1,1,3.5,200179,6,0,0,1,0,1,12
45772001,3920,1080,1,815,2014,4,1,5,3.6,174002,6,0,1,1,0,12,12
45793957,21326,1684.925,6,361,2007,9,1,5,3.5,150000,6,2,2,1,0,1,6
45803887,21652,707,4,817,2011,4,1,1,2,161345,4,0,1,1,0,12,4
45782188,13172,862,7,143,2003,7,1,4,3,190000,6,0,0,1,1,5,8
45732734,6837,765,4,748,2015,9,1,4,2,128965,4,0,1,1,0,8,4
45617732,470,1053,6,361,2014,9,1,1,3.5,146395,6,0,2,1,0,7,12
45803020,14069,1077,4,733,2019,4,1,1,2,14489,4,0,1,1,0,14,4
45809313,17509,271,3,425,2014,10,1,2,1.5,82105,4,0,1,1,0,12,4
45797297,6272,862,0,73,1999,9,0,5,2,300000,6,1,2,1,0,1,6
45283336,22266,777,7,287,2014,9,1,5,2.5,72000,4,2,1,1,0,1,12
45793607,7683,1282,1,289,2007,4,1,1,2,109063,4,0,1,1,0,1,4
45383836,9722,473,1,766,2014,9,1,5,1.4,89000,4,2,1,1,0,1,10
45645632,5488,394,7,268,2014,9,1,2,2.5,109798,4,0,1,1,0,14,12
45761241,220,259,1,853,2014,3,1,2,1.4,110958,4,0,1,1,0,1,0
45803473,12544,765,4,748,2015,9,1,4,2,128965,4,0,1,1,0,8,4
45801186,15053,1338.90845620294,0,106,2004,9,1,5,4.4,210000,8,2,2,1,0,1,6
45790501,23521,781,7,268,2012,9,0,2,2.5,165472,4,0,1,1,0,7,0
45792915,9408,641,1,317,2012,9,1,1,2,56290,4,0,1,1,0,14,4
45795527,10349,1268,7,145,2012,3,0,2,1.5,167000,4,0,1,1,1,12,4
45653734,314,1646,5,516,2015,4,1,5,4.6,102907,8,0,0,1,0,1,0
45787282,36065,1478,0,107,2012,9,1,5,4.4,145000,8,2,2,1,0,14,12
45604748,18189,1408,2,799,2007,6,0,1,2.2,214000,4,1,1,1,0,2,2
45789857,12858,1841,6,347,2000,9,1,1,2.7,320000,5,2,2,1,0,12,0
42094534,19130,779,7,274,2013,9,1,5,2.5,140298,4,0,1,1,0,1,10
45223372,11917,1429.8433516297,6,240,2000,1,1,5,3.2,165000,6,2,2,0,0,1,8
45645029,21639,1172,7,535,2011,9,1,2,3.5,368064,6,0,0,1,0,7,12
45797613,20005,531,4,387,2012,9,1,5,1.6,75300,4,0,1,1,0,1,4
45780230,13799,749.991967871486,7,145,2013,3,0,2,1.5,170000,4,3,1,1,1,12,4
45787152,11917,1342.66873449132,6,837,1998,7,1,4,2.3,188000,4,0,1,1,0,12,6
45658701,784,1646,5,516,2015,9,1,5,4.6,129931,8,0,0,1,0,1,0
45793764,23592,582.788167938931,7,643,2013,3,0,2,1.8,114000,4,3,1,1,0,14,12
45802191,34607,777,4,526,2014,7,1,1,2.5,27000,4,0,1,1,0,12,4
45780261,11917,893,4,547,2008,2,0,1,1.6,206000,4,1,1,1,0,1,8
45810380,45210,1017,1,620,2017,9,1,5,2,93087,4,0,1,1,0,12,4
45656425,10349,915,0,871,2014,4,1,1,3,0,6,0,0,1,0,1,0
45772371,627,1172,6,361,2011,9,1,1,3.5,230696,6,0,0,1,0,1,12
45809932,10914,584,1,317,2014,9,1,5,1.8,26243,4,0,1,1,0,12,4
45815773,14583,862,3,405,2005,7,0,5,3,175000,8,0,1,1,1,14,2
45732852,8467,639,4,748,2014,9,1,4,2,128965,4,0,1,1,0,8,4
45770520,25089,582.788167938931,7,643,2011,3,1,2,1.8,135000,4,3,1,1,0,12,12
45816132,1725,749,4,748,2014,9,1,5,2.4,225734,4,0,1,1,0,2,12
45793109,14069,1575,6,511,2018,4,1,5,3,31000,6,2,0,1,0,1,0
45761305,23678,781,7,680,2012,4,0,5,2.5,177600,4,0,1,1,0,1,11
45769371,23521,1058,7,535,2012,4,1,5,3.5,140966,6,0,0,1,0,1,12
45803431,15681,891,4,748,2016,9,1,4,2,305511,4,0,1,1,0,12,4
45815873,2038,862,2,465,2011,9,1,5,2.5,174899,4,0,1,1,0,14,12
45769092,31675,1817,7,792,2020,9,1,5,3.5,1669,6,0,0,1,0,1,12
45646962,6899,915,0,891,2014,4,1,5,3,0,6,0,0,1,0,14,12
44166470,66902,1222.57819905213,6,361,2013,9,1,1,3.5,181000,8,2,2,1,0,7,0
45768386,1019,1537,7,535,2009,9,1,2,3.3,318358,6,0,0,1,0,1,12
45777739,14900,832.188679245283,2,409,2007,4,0,2,2.3,261000,4,0,0,1,0,14,7
45648783,13328,1399,5,701,2010,4,1,2,3.5,186005,6,0,0,1,0,12,12
45647817,392,1018,0,871,2011,4,1,1,3,213195,6,0,0,1,0,3,0
45771964,21012,582.788167938931,7,643,2014,3,0,2,1.8,99040,4,3,1,1,0,14,8
45760586,24462,377.528,1,853,2012,9,1,6,1.4,239000,4,0,1,1,0,1,6
45809844,13184,501,7,145,2014,3,1,5,1.5,99249,4,0,1,1,0,14,4
45661252,5018,1399,5,701,2010,4,1,2,3.5,167222,6,0,0,1,0,1,12
45291946,21636,862,7,268,2011,9,0,5,2.5,114000,4,0,1,1,0,1,8
45764270,23207,1664,7,822,2013,4,1,5,2,357933,8,0,0,1,0,7,12
45642694,3450,607,7,268,2019,9,1,2,2.5,9626,4,0,1,1,0,1,12
45807394,72758,1975,6,722,2016,1,1,5,2,50693,8,0,0,0,0,11,10
45807458,10000,1338.90845620294,0,876,2001,4,1,5,4.4,220000,8,2,0,1,0,1,8
45815189,1568,934,7,268,2015,9,1,5,2.5,173101,4,0,1,1,0,12,12
45809716,31424,595,7,145,2015,3,1,5,1.5,31000,4,0,1,1,0,1,4
45809490,13764,501,7,145,2014,3,1,5,1.5,157988,4,0,1,1,0,11,4
45798420,12544,1185,7,268,2009,9,0,5,2.5,130000,4,0,1,1,0,11,8
45018993,27911,587.148148148148,6,191,2013,9,1,5,1.8,71000,4,0,2,1,0,14,0
45802851,14069,1076,4,733,2020,4,1,1,2,6631,4,0,1,1,0,7,4
45803516,12544,765,4,748,2015,9,1,4,2,539937,4,0,1,1,0,8,4
45769523,627,836,7,792,2012,9,1,5,2.7,394069,4,0,2,1,0,1,12
45809766,14746,640,1,317,2013,9,1,1,2,186872,4,0,1,1,0,3,4
45791833,21012,640,2,465,2013,9,1,2,2,141000,4,0,1,1,0,4,8
45658969,157,919,6,605,2012,4,1,1,3,145227,6,0,0,1,0,7,12
45768250,8467,1338.90845620294,0,37,2001,9,0,5,2.2,200543,6,1,2,1,0,13,2
45620614,157,1058,6,361,2012,9,1,1,3.5,174253,6,0,0,1,0,1,12
45140637,17562,1684.925,6,361,2007,9,1,5,3.5,238400,6,2,2,1,0,12,8
45416979,39201,1399,6,366,2010,9,1,5,3.5,76000,6,2,2,1,0,14,8
45774065,7840,1429.8433516297,6,331,1999,9,0,0,2,165000,4,1,2,1,0,14,6
45803106,13523,707,4,748,2011,9,1,5,2,161830,4,0,1,1,0,14,4
45804847,13172,639,4,748,2014,9,1,5,2,129445,4,0,1,1,0,12,10
45798343,3763,1429.8433516297,6,709,2001,9,1,5,3.2,235000,6,2,2,1,0,14,8
44253811,16621,781,1,320,2018,9,0,5,1.4,12532,4,0,1,1,0,1,8
45648555,7997,1537,7,535,2009,4,1,2,3.3,251278,6,0,0,1,0,6,12
45793606,27911,456,7,269,2015,9,0,2,2.5,193000,4,3,1,1,0,1,12
45809298,7828,595,3,425,2015,10,1,5,1.5,154691,4,0,1,1,0,12,4
45451864,14740,878,7,643,2009,9,0,2,1.8,200000,4,3,1,1,0,12,0
45781650,24462,1429.8433516297,6,364,2008,9,1,4,3.5,210000,6,2,0,1,0,12,8
45798141,15681,1338.90845620294,0,117,2004,1,1,5,4.4,121000,8,2,2,0,0,7,8
45816517,941,639,4,387,2014,3,1,5,2,100037,4,0,1,1,0,12,12
45814482,24775,540.146341463415,5,258,2011,3,1,2,1.8,119000,4,3,1,1,0,14,0
45774874,27284,640,2,465,2013,9,1,2,2,130000,4,0,1,1,0,1,6
45801908,25032,831,4,387,2017,1,1,5,1.6,22607,4,0,1,1,0,14,4
45813783,470,585,7,643,2013,3,0,2,1.8,0,4,0,1,1,0,1,0
45773299,19757,650,1,321,2016,9,0,5,1.4,58000,4,2,1,1,0,1,12
45771005,4391,584,4,387,2014,9,1,5,1.8,138838,4,0,1,1,0,12,12
45769091,10349,1026.00733117836,3,790,2006,7,0,0,1.8,150000,4,0,1,1,1,12,4
45732130,33230,640,4,733,2013,4,1,1,2,185000,4,0,1,1,0,1,4
45781363,15681,586,2,805,2012,2,0,1,1.8,23000,4,1,1,0,0,14,4
45656703,2038,1172,6,605,2011,4,1,1,3.5,186542,6,0,0,1,0,14,12
45802334,18660,781,4,526,2012,7,1,1,2.5,62234,4,0,1,1,0,12,4
45499874,20385,308,7,643,2014,3,1,2,1.8,59000,4,3,1,1,0,1,9
45813451,549,642,0,50,2012,9,1,5,2,112210,4,0,2,1,0,2,12
45720513,29479,779,7,680,2013,4,0,5,2.5,83000,4,2,0,1,0,1,10
45651036,13328,1399,5,701,2010,4,1,2,3.5,186005,6,0,0,1,0,12,12
42733123,250,1500.5,7,583,2019,4,0,1,3,36000,6,0,0,1,0,7,12
45802070,19657,862,4,526,2011,10,1,1,2.5,180000,4,0,1,1,0,15,4
45797278,10986,687,4,547,2010,3,1,5,1.6,157730,4,0,1,1,0,7,4
45740501,7213,1387.22222222222,3,638,2004,7,1,5,2.4,197000,4,2,1,1,1,1,6
45807490,157,765,6,201,2015,9,1,5,2,73323,4,0,0,1,0,14,12
45813025,27911,377.528,1,853,2015,3,0,6,1.4,65000,4,0,1,1,0,14,12
45781773,23521,1325,7,268,2019,9,0,5,2.5,22400,6,2,1,1,0,3,10
45806632,2979,645,7,643,2011,3,1,2,1.8,200200,4,0,1,1,0,12,12
45644424,3607,781,7,268,2012,9,1,2,2.5,156518,4,0,1,1,0,14,12
45772116,941,1935,7,822,2016,4,1,5,4.6,254805,8,0,0,1,0,14,12
45732631,12425,765,4,748,2015,9,1,4,2,509454,4,0,1,1,0,8,4
45322410,49237,765,6,201,2015,9,1,5,2,45000,6,0,2,1,0,7,6
45748880,21012,1091,7,268,2016,9,1,5,2.5,72678,4,2,1,1,0,7,6
45803082,56513,1079,4,733,2018,4,1,1,2,61640,4,0,1,1,0,2,4
45812039,17876,1271.22222222222,7,268,2009,9,1,2,2.4,300000,4,1,1,1,0,0,0
45648195,282,753,4,748,2012,9,1,2,2.4,93816,4,0,1,1,0,1,0
45193146,38260,1051,4,733,2016,4,0,5,2.4,113771,4,0,0,1,0,8,7
45763712,45,582.788167938931,7,643,2013,9,1,2,1.8,100000,4,3,1,1,0,14,8
44106073,10349,939.882352941176,7,849,2010,3,0,5,1,95000,3,3,1,1,1,6,2
45808501,392,640,2,409,2013,4,1,5,2,69813,4,0,1,1,0,6,12
45732368,48048,891,4,733,2016,4,1,1,2,121098,4,0,1,1,0,14,4
45790621,10036,1434.33333333333,6,335,2000,9,0,5,2.4,19000,6,2,2,1,0,2,4
36557799,23204,1690.85714285714,6,769,2007,6,0,1,2.2,296000,4,1,2,1,0,1,2
45793296,21796,764,1,639,2015,4,1,5,2,28633,4,0,1,1,0,1,4
45797597,20209,531,4,387,2012,9,1,5,1.6,108900,4,0,1,1,0,12,4
45814860,7056,1249,7,680,2017,4,1,5,2.5,47301,4,0,1,1,0,11,12
45769271,862,2455,5,517,2008,4,1,5,2,263190,8,0,0,1,0,14,0
45733142,12544,765,4,748,2015,9,1,4,2,128965,4,0,1,1,0,8,4
45642330,5488,394,7,268,2014,9,1,2,2.5,109798,4,0,1,1,0,14,12
45772734,470,924,3,544,2017,4,1,5,1.8,0,4,0,0,1,0,2,12
45796751,15681,1347,4,526,2008,7,1,1,2.5,92605,4,0,1,1,0,12,4
45803687,17054,707,4,817,2011,4,1,1,2,171340,4,0,1,1,0,7,4
45771832,392,697,4,387,2015,9,1,5,1.8,154045,4,0,1,1,0,14,12
45804455,40224,770,4,817,2016,4,1,1,1.7,62232,4,0,1,1,0,1,4
45755066,23000,308,7,643,2014,3,0,2,1.8,90000,4,0,1,1,0,14,12
45794544,27911,1451.8,7,680,2008,4,1,1,2.2,210000,4,1,0,1,0,12,8
45743174,16308,888.488372093023,7,643,2009,3,0,2,1.8,140000,4,0,1,1,0,7,2
45785371,10349,658,3,560,2009,3,0,2,1.3,278400,4,3,1,1,0,1,6
45816277,20385,585,7,643,2013,9,0,2,1.8,98000,4,3,1,1,0,7,12
45707621,26030,781,7,271,2012,9,0,2,2.5,78400,4,0,1,1,0,7,12
44993292,4200,1338.90845620294,0,78,2002,9,1,5,2.5,11111,4,0,2,1,0,12,6
45813890,25716,1935,5,572,2016,9,1,5,4.6,45845,8,0,2,1,0,3,12
45766264,9252,919,6,361,2012,9,1,1,3,171221,6,0,2,1,0,1,12
45803050,42717,1017,4,733,2017,4,1,1,2,113697,4,0,1,1,0,7,4
45797057,31797,639,4,522,2014,1,1,5,2,148915,4,0,1,1,0,7,4
45803274,10036,639,4,748,2014,9,1,4,2,417661,4,0,1,1,0,12,4
45793624,7188,1282,1,289,2007,4,1,1,2,67558,4,0,1,1,0,1,4
45786813,8800,584,7,568,2002,3,0,5,1.3,131000,4,0,1,1,1,12,2
45786533,14426,586,4,387,2012,9,0,5,1.8,113600,4,0,1,1,0,14,6
45786991,4077,862,0,73,1995,9,0,5,2,128965,6,1,2,1,0,1,2
45619019,157,1172,6,361,2011,9,1,1,3.5,377379,6,0,0,1,0,12,12
45810224,17346,753,1,620,2012,9,1,5,2.4,130000,4,0,1,1,0,7,4
45571500,80,595.03007518797,2,465,2017,9,0,2,2,40000,4,0,1,1,0,1,10
45769112,314,834,7,792,2013,4,1,5,2.7,158870,4,0,2,1,0,14,12
45770069,31988,761,0,87,2011,9,1,5,3,81000,4,2,2,1,0,12,12
44077249,12500,1974,3,425,2019,3,0,5,1.3,6000,4,0,1,1,1,1,2
45781928,67426,872.02838865217,7,461,2017,4,0,5,2.7,20000,4,2,0,1,0,14,8
45795846,14069,1604,6,722,2014,9,1,5,2,42500,8,2,1,1,0,12,12
45757388,784,1024,2,465,2010,9,1,5,2.5,178330,4,0,1,1,0,1,12
45370037,30,582.788167938931,7,643,2011,3,0,2,1.5,77000,7,2,1,1,0,14,12
45813710,5175,585,7,643,2013,3,1,2,1.8,492642,4,0,1,1,0,12,12
45653687,941,1646,5,516,2015,4,1,5,4.6,188078,8,0,0,1,0,1,0
45816609,31361,1329.79585953434,5,260,2012,3,1,2,1.8,157000,4,2,1,1,0,1,10
45781968,6272,1429.8433516297,6,12,1996,9,0,0,2,233000,4,1,2,1,0,6,6
45809814,25456,595,7,145,2015,3,1,5,1.5,45650,4,0,1,1,0,7,4
45416629,6899,819.6,3,293,2002,3,0,5,1.5,157000,4,3,1,1,1,4,4
45784158,36065,1413.73333333333,1,264,2011,4,1,5,3.6,84800,6,2,2,0,0,11,8
45797603,15847,1024,4,526,2010,7,1,1,2.5,58788,4,0,1,1,0,1,4
45804268,24709,836,4,817,2010,4,1,1,2,107374,4,0,1,1,0,7,4
45804917,24267,642,4,817,2012,4,1,1,2,132976,4,0,1,1,0,12,4
45808178,7370,970.867153989687,2,628,1995,4,0,0,2.4,239000,4,1,0,1,0,4,2
45766534,16621,1172,6,361,2011,9,1,1,3.5,119379,6,0,0,1,0,12,12
45337631,32929,1249,7,268,2017,9,1,5,2.5,32000,4,2,1,1,0,1,10
45804386,20005,707,4,817,2011,4,1,1,2,193926,4,0,1,1,0,1,4
45813194,15053,503,7,651,2012,9,1,2,1.5,128000,4,0,1,1,0,11,8
45758715,10976,1527,6,174,1999,9,0,5,1.8,214500,4,1,2,1,0,1,4
45731037,66197,1327,4,526,2018,10,1,4,2.5,20930,4,0,1,1,0,15,4
45695613,16308,777,7,268,2014,9,1,5,2.5,118582,4,2,1,1,0,14,12
45775770,7840,1599.33333333333,3,425,2004,3,0,5,1.3,175000,4,3,1,1,1,12,0
45773572,392,779,7,268,2013,9,1,2,2.5,124184,4,0,1,1,0,12,12
45804595,61521,880,4,817,2018,4,1,5,1.6,14661,4,0,1,1,0,2,4
45797476,11704,1047,4,387,2007,9,1,5,1.6,114540,4,0,1,1,0,12,4
45730607,28241,528,4,387,2014,9,1,5,1.6,80856,4,0,1,1,0,7,4
45815274,470,919,6,201,2012,9,1,5,3,116722,6,0,0,1,0,12,12
45795502,12544,741.884259259259,3,425,2010,3,0,5,1.3,0,4,3,1,1,1,1,4
44922521,12388,586,4,396,2012,9,1,5,1.8,87646,4,0,1,1,0,12,8
45813435,470,1249,7,268,2017,9,1,5,2.5,96093,4,0,1,1,0,11,12
45804170,26475,707,4,817,2011,4,1,1,2,151186,4,0,1,1,0,12,4
45732380,19309,911,4,733,2010,4,1,1,2.2,185987,4,0,1,1,0,14,4
45788298,6899,1338.90845620294,0,15,2000,9,1,5,2.5,199866,6,1,2,1,0,1,8
45810228,20237,753,1,620,2012,9,1,5,2.4,146367,4,0,1,1,0,7,4
45700903,24462,1017,4,387,2017,9,0,5,2,60000,4,2,1,1,0,14,8
45816568,941,584,4,387,2014,9,1,5,1.8,101526,4,0,1,1,0,12,12
45809295,13946,501,3,425,2014,3,1,5,1.5,138000,4,0,1,1,0,12,4
45768262,5018,645,7,643,2011,4,1,2,1.8,489584,4,0,1,1,0,7,12
44804630,10976,970.867153989687,2,727,2007,10,1,1,2,216000,4,1,1,1,0,2,8
45388275,9408,1338.90845620294,0,83,2003,9,1,5,2.5,190000,6,2,2,1,0,7,6
45795857,14740,862,6,374,2003,9,1,5,2,0,8,2,2,1,0,1,12
44775903,37633,1057.78571428571,7,274,2016,9,1,5,2.5,15000,4,2,1,1,0,12,12
45813844,3920,779,2,465,2013,9,1,5,2.5,90672,4,0,1,1,0,14,12
45786794,11604,475,1,317,2012,9,0,5,1.4,165000,4,2,1,1,0,12,10
45771461,54568,1363,5,516,2012,4,1,5,4.6,255406,8,0,0,1,0,1,0
45797671,20005,531,4,387,2012,9,1,5,1.6,132421,4,0,1,1,0,12,4
45656454,8154,1750,5,696,2008,4,1,2,3.3,224629,6,0,0,1,0,12,12
45767212,12544,645,4,387,2011,9,0,5,1.8,152000,4,0,1,1,0,12,8
45805596,18814,761,7,643,2010,3,1,2,1.8,88265,4,0,1,1,0,14,10
45767930,25716,777,7,268,2014,9,0,5,2.5,10400,4,0,1,1,0,7,8
45814466,25089,1598,6,486,2008,4,1,1,3,171928,6,0,0,1,0,5,12
45816279,9565,1578,0,871,2015,4,1,5,4.4,144126,8,0,0,1,0,14,12
45771283,862,761,7,643,2010,9,1,2,1.8,421546,4,0,1,1,0,12,12
45349751,18503,455.705882352941,7,651,2013,3,0,2,1.5,181000,4,0,1,1,0,14,3
45792991,5175,790,1,317,2009,9,1,5,1.6,149692,4,0,1,1,0,14,4
45812655,392,738,1,317,2017,9,1,5,1.4,77434,4,0,1,1,0,14,12
45793508,8311,1282,1,289,2007,4,1,1,2,63558,4,0,1,1,0,14,4
45809894,60000,784,3,293,2017,9,1,5,1.5,20147,4,0,1,1,0,1,4
45647771,34811,919,0,871,2012,4,1,1,3,70994,6,0,0,1,0,1,0
45781402,12544,574,3,560,2010,9,0,2,1.3,173000,4,0,1,1,0,1,8
45815268,549,1018,6,201,2011,9,1,5,3,155058,6,0,2,1,0,14,12
45802407,15524,919,4,525,2012,9,1,5,3,137235,4,0,1,1,0,12,4
45656630,392,761,7,643,2010,3,1,2,1.8,267165,4,0,1,1,0,14,12
45799574,26343,1091,7,268,2016,9,1,5,2.5,157802,4,0,1,1,0,1,10
45732169,43394,891,4,733,2016,4,1,1,2,129388,4,0,1,1,0,7,4
45645722,18817,609,7,268,2018,9,1,2,2.5,35058,4,0,1,1,0,14,12
45813662,27284,779,7,158,2013,9,1,2,2.5,109000,4,0,1,1,0,12,10
45730036,25889,528,4,387,2014,9,1,5,1.6,102000,4,0,1,1,0,14,4
45798286,17227,730,4,387,2016,9,1,4,1.6,49068,4,0,1,1,0,14,4
45786814,22580,777,7,271,2014,9,1,5,2.5,133000,4,2,1,1,0,1,10
45802966,25810,642,4,733,2012,4,1,1,2,179421,4,0,1,1,0,14,4
45651222,18817,609,7,268,2018,9,1,2,2.5,35058,4,0,1,1,0,14,12
45813455,549,1018,0,871,2011,4,1,5,3,125480,6,0,0,1,0,14,12
45812772,3136,1249,7,268,2017,9,1,5,2.5,127549,4,0,1,1,0,12,12
45238206,300,1695.28571428571,6,251,2009,9,1,5,2,123000,8,2,0,1,0,14,8
45648594,157,919,6,605,2012,4,1,1,3,145227,6,0,0,1,0,7,12
45656431,627,761,7,643,2010,3,1,2,1.8,256966,4,0,1,1,0,2,12
44529736,18817,781,7,268,2012,9,1,5,2.5,130000,4,0,1,1,0,2,12
45658812,392,690,5,701,2016,4,1,2,3.5,27038,6,0,0,1,0,14,12
45806860,1254,891,5,691,2016,1,1,5,2,49222,4,0,2,0,0,1,12
45656508,34811,690,5,701,2016,4,1,2,3.5,0,6,0,1,1,0,7,12
45812699,157,738,1,317,2017,9,1,5,1.4,78837,4,0,1,1,0,12,12
45802602,39603,891,4,733,2016,4,1,1,2,120000,4,0,1,1,0,12,4
45785785,20385,832.188679245283,2,409,2009,4,1,2,2.5,272000,4,0,1,1,0,14,6
45808665,11917,888.488372093023,7,643,2006,3,0,2,1.5,222000,4,0,1,1,0,2,10
45772396,282,2455,5,517,2008,4,1,5,2,218126,8,0,0,1,0,1,0
45813593,8500,1429.8433516297,6,343,2001,9,1,5,2.4,0,6,2,2,1,1,5,6
45789865,45473,1058,7,535,2012,4,0,2,3.5,68200,6,0,0,1,0,14,10
45797080,32744,777,4,526,2014,7,1,1,2.5,107483,4,0,1,1,0,12,4
45793288,6595,790,1,317,2009,9,1,5,1.6,38413,4,0,1,1,0,1,4
45815839,62408,1306.25,6,252,2012,9,1,5,2,134000,8,2,2,1,0,1,8
45730740,15866,687,4,387,2010,9,1,5,1.6,121263,4,0,1,1,0,1,4
45758702,37633,826.666666666667,0,867,2012,4,1,5,3,147000,6,2,0,1,0,7,10
45782022,12231,1701.21052631579,6,605,2003,4,1,0,3.7,321600,6,2,0,2,0,1,0
45815389,1411,1172,5,694,2011,4,1,5,3.5,124003,6,0,0,1,0,11,12
44051546,14113,749.991967871486,7,145,2012,3,0,2,1.5,115000,4,0,1,1,1,14,4
45774599,14897,530,2,465,2013,9,1,5,1.6,188800,4,0,1,1,0,4,10
45810886,392,1307,1,264,2015,9,1,5,3.6,168621,6,0,2,1,0,4,12
45803314,15257,707,4,748,2011,9,1,5,2,163374,4,0,1,1,0,7,4
45785626,204,382,4,763,2014,9,0,2,2.4,107300,4,2,1,1,0,12,10
45719589,13485,1024,7,268,2010,9,0,5,2.5,110000,4,2,1,1,0,14,10
44135220,40,1599.33333333333,3,425,2002,3,0,5,1.3,18000,4,3,1,1,1,12,2
45677689,7527,1429.8433516297,6,136,2001,3,1,4,1.9,200000,4,2,1,1,0,1,4
45451493,25089,639,0,36,2014,9,1,5,2,97970,4,2,2,1,0,1,12
45769982,29793,1338.90845620294,0,51,2013,9,1,1,2,160000,4,2,2,1,0,7,8
45689281,40456,765,6,227,2015,9,1,5,2,59000,4,2,1,1,0,14,12
45262917,22580,830,1,408,2019,4,0,5,1.5,5124,4,0,0,1,0,1,10
45803303,12777,640,4,748,2013,9,1,5,2,162558,4,0,1,1,0,1,4
45227271,14740,779,7,268,2013,9,0,2,2.5,0,4,2,1,1,0,1,6
45771643,17876,382,4,748,2014,9,1,2,2.4,11000,4,2,1,1,0,14,12
45770163,1725,584,4,387,2014,9,1,5,1.8,107155,4,0,1,1,0,1,12
45732760,15718,836,4,748,2010,9,1,5,2,149608,4,0,1,1,0,12,4
45529185,32929,1327,7,268,2018,9,1,5,2.5,19000,4,2,1,1,0,1,11
45810305,21987,639,1,620,2014,9,1,1,2,133923,4,0,1,1,0,7,4
45802932,41720,891,4,733,2016,4,1,1,2,114066,4,0,1,1,0,14,4
45812672,8467,1429.8433516297,6,230,2000,1,0,5,2,267583,4,1,2,0,0,12,4
45646611,392,779,7,268,2013,9,1,2,2.5,232032,4,0,1,1,0,12,12
45797047,5018,1533.25,2,799,2000,6,0,1,2.5,3538,6,1,2,1,0,0,0
45764998,7840,1338.90845620294,0,78,1998,9,1,5,2.5,220000,6,1,2,1,0,12,0
45789403,18817,585,7,643,2013,3,1,2,1.8,121000,4,2,1,1,0,7,8
45725026,17249,586,4,401,2012,9,1,5,1.8,87500,4,2,1,1,0,7,10
45814807,549,1053,6,361,2014,9,1,5,3.5,52142,6,0,0,1,0,1,12
45732738,10036,639,4,748,2014,9,1,4,2,268046,4,0,1,1,0,12,4
45794578,18189,586,7,643,2012,3,0,2,1.8,186000,4,0,1,1,0,12,10
45806818,706,645,5,258,2011,3,1,2,1.8,122302,4,0,1,1,0,1,12
45805864,10349,1026.00733117836,3,446,2007,3,0,5,1.3,180000,4,3,0,1,1,10,2
43790476,20000,1974,3,425,2019,3,0,5,1.3,3800,4,0,0,1,1,1,4
45660708,282,753,4,748,2012,9,1,2,2.4,226814,4,0,1,1,0,1,0
45642769,470,1493,5,694,2016,4,1,5,3.5,118133,6,0,0,1,0,14,12
45813480,784,518,7,680,2016,4,0,2,2.5,136518,4,0,0,1,0,7,0
45803766,27174,663,4,817,2015,4,1,1,1.7,279276,4,0,1,1,0,2,4
45771476,52059,1363,5,516,2012,4,1,5,4.6,229334,8,0,0,1,0,1,0
45804579,20883,836,4,817,2010,4,1,1,2,171157,4,0,1,1,0,14,4
45810819,549,1325,7,268,2019,9,1,5,2.5,35541,4,0,1,1,0,1,12
45801911,25299,730,4,387,2016,9,1,5,1.6,79845,4,0,1,1,0,14,4
45816511,549,586,4,387,2012,9,1,5,1.8,197589,4,0,1,1,0,1,12
45641390,251,607,7,268,2019,9,1,2,2.5,39552,4,0,1,1,0,1,12
45761422,14426,1684.925,6,361,2005,9,1,4,3.5,279000,6,2,2,1,0,5,8
45652838,1176,751,4,748,2013,9,1,2,2.4,216208,4,0,1,1,0,2,0
45633082,23521,377.528,1,853,2012,3,1,6,1.4,237000,4,0,1,1,0,7,8
45793297,7370,364,1,768,2012,9,1,5,1,39876,4,0,1,1,0,14,4
45720629,30,1599.33333333333,3,425,2005,3,0,5,1.3,0,4,0,1,1,1,12,4
45783372,5331,1025.35710856228,7,680,1997,4,0,5,2,80000,4,0,1,0,1,14,8
45767755,251,1750,7,535,2008,4,1,2,3.3,318467,6,0,0,1,0,2,12
44063270,15000,1539,7,741,2018,7,0,5,1,0,3,0,1,1,1,14,4
45717260,13485,640,2,452,2013,3,0,5,2,148000,4,0,1,1,0,11,5
45803392,8311,642,4,748,2012,9,1,4,2,36545,4,0,1,1,0,14,4
45766626,46728,1811,5,516,2010,4,1,5,4.6,260771,8,0,0,1,0,1,0
45801913,18817,584,4,387,2014,9,1,5,1.8,53000,4,2,1,1,0,12,8
45800064,18817,751,4,748,2013,9,1,2,2.4,0,4,0,2,1,0,12,8
45812780,470,1327,7,268,2018,9,1,5,2.5,44845,4,0,1,1,0,3,12
45763558,35124,958.421319796954,4,526,2010,6,1,1,2.5,63500,4,0,2,1,0,12,5
45800848,15053,1888,0,87,2004,9,1,5,3,200000,6,2,2,1,0,14,0
45757331,862,934,2,465,2015,9,1,5,2.5,182302,4,0,1,1,0,1,12
45784126,10349,502,7,651,2013,3,0,2,1.5,145000,4,3,1,1,0,13,8
45731777,15367,1024,4,526,2010,7,1,1,2.5,49140,4,0,1,1,0,1,4
45768845,9408,585,4,387,2013,4,1,5,1.8,207606,4,0,1,1,0,7,12
44882389,11290,585,4,390,2013,9,0,5,1.8,69000,4,2,1,1,0,2,12
45792690,20385,1058,7,268,2012,9,1,5,3.5,152679,6,2,1,1,0,1,12
45755610,34500,1500.5,7,583,2006,4,0,5,2.7,210000,6,0,0,1,0,12,10
45768635,23521,1058,7,535,2012,4,1,5,3.5,140966,6,0,0,1,0,1,12
45803351,9252,765,4,748,2015,9,1,4,2,128965,4,0,1,1,0,8,4
45797529,19121,530,4,387,2013,9,1,5,1.6,163000,4,0,1,1,0,14,4
45806906,9095,1680,0,38,2001,1,0,5,2,188000,6,1,2,0,0,1,9
45786009,31361,779,7,160,2013,9,1,2,2.5,132000,4,0,1,1,0,4,10
45801805,16571,687,4,387,2010,9,1,5,1.6,51994,4,0,1,1,0,12,4
45666047,13485,1429.8433516297,6,164,2007,3,1,5,1.7,160000,4,0,1,1,0,14,12
44318819,10663,1266,3,425,2014,3,0,2,1.5,106000,4,3,1,1,1,14,0
45766659,14113,308,7,643,2014,4,1,2,1.8,339710,4,0,1,1,0,14,12
45816573,188,891,4,733,2016,4,1,5,2,80486,4,0,1,1,0,8,12
45766649,1882,746,7,643,2009,9,1,2,1.5,142426,4,0,1,1,0,14,12
43701086,110,757.14552238806,7,268,2013,9,1,5,2.5,208000,4,2,1,1,0,1,12
45759529,1490,586,5,258,2012,3,1,2,1.8,174106,4,0,1,1,0,14,0
45813623,706,753,4,748,2012,9,1,2,2.4,133162,4,0,1,1,0,12,12
43938774,28100,781,1,317,2018,3,1,5,1.4,21000,4,2,1,1,0,14,10
45760635,16621,1515,6,184,2007,9,1,5,2.5,262000,6,0,2,1,0,12,6
45732938,8938,640,4,748,2013,9,1,4,2,106675,4,0,1,1,0,12,4
45770145,862,2455,5,517,2008,4,1,5,2,263190,8,0,0,1,0,14,0
45815061,784,781,7,268,2012,9,1,5,2.5,161530,4,0,1,1,0,12,12
45768600,110,2225,5,516,2017,4,1,5,4.6,0,8,0,0,1,0,14,0
45797224,17249,1141,4,522,2012,9,1,5,3.8,94055,4,0,1,1,0,12,4
45793713,9722,1090.33333333333,2,805,2009,2,0,1,1.8,230000,4,1,1,0,0,13,2
45807484,9095,502,3,425,2013,3,0,5,1.5,41000,4,0,1,1,0,2,6
45805346,15053,862,6,374,2002,9,1,5,2,25500,8,2,2,1,0,12,12
45464983,13172,1077,7,220,2019,4,1,5,2,24302,4,0,1,1,0,11,12
45805768,9408,642,2,452,2012,9,1,5,2,136000,4,0,1,1,0,4,10
45787410,15681,2209,3,405,2011,7,1,5,2.4,157000,4,0,1,1,1,14,6
45807011,14113,1711.27272727273,0,871,2000,4,1,5,4.4,180351,8,2,0,1,0,7,8
45815294,392,761,7,643,2010,3,1,2,1.8,408997,4,0,1,1,0,14,12
45732615,54458,891,4,733,2016,4,1,1,2,49454,4,0,1,1,0,14,4
45744453,4704,722,6,746,1999,9,0,5,0.6,142000,4,2,2,0,0,1,2
45733327,9722,765,4,748,2015,9,1,4,2,128965,4,0,1,1,0,8,4
45792458,8467,765,2,452,2015,9,0,5,2,116923,4,2,1,1,0,14,8
45813169,12388,518,7,268,2016,9,1,2,2.5,67429,4,0,1,1,0,1,0
45610598,18817,1017,4,387,2017,9,1,5,2,105600,4,2,1,1,0,14,8
45792699,10976,1624,6,206,2000,9,0,0,3.2,260000,6,0,2,1,0,1,10
45770554,13485,502,7,651,2013,3,0,2,1.5,77000,4,3,1,1,0,11,0
45782107,20071,1211,0,871,2010,4,1,1,3,141200,4,2,0,1,0,14,12
45759856,47042,1646,5,517,2015,4,1,5,4.6,106918,8,0,0,1,0,1,0
45797050,34673,777,4,526,2014,7,1,1,2.5,117466,4,0,1,1,0,7,4
45798243,19736,730,4,387,2016,9,1,1,1.6,37405,4,0,1,1,0,14,4
45768402,12074,1537,7,535,2009,4,1,2,3.3,420550,6,0,0,1,0,2,12
45793840,15681,521,1,317,2011,9,1,5,1.4,132000,4,0,1,1,0,2,8
45815484,941,1399,5,694,2010,4,1,5,3.5,148661,6,0,0,1,0,7,12
45772002,1646,1399,6,361,2010,9,1,5,3.5,205968,6,0,0,1,0,14,12
45805311,17562,271,7,651,2014,3,0,2,1.5,66000,4,0,1,1,0,12,4
45792937,16559,695,1,317,2015,9,1,5,1.8,51678,4,0,1,1,0,12,4
45733734,47989,1017,4,748,2017,9,1,5,2,65659,4,0,1,1,0,1,4
45521491,8624,939.882352941176,7,849,2006,3,0,5,1.3,190000,4,3,1,1,1,10,4
45803103,45376,640,4,733,2013,4,1,1,2,43000,4,0,1,1,0,14,4
45815295,392,1024,7,680,2010,4,1,5,2.5,136139,4,0,1,1,0,11,12
45751885,4077,1277,4,748,2018,9,1,5,2.4,67165,4,0,1,1,0,2,12
45769213,21326,753,7,268,2012,9,1,5,2.4,113000,4,2,1,1,0,12,8
45798120,12585,687,4,387,2010,9,1,5,1.6,128965,4,0,1,1,0,14,4
45768407,12544,1750,7,535,2008,9,1,2,3.3,334414,6,0,0,1,0,14,12
45765475,15994,802.125,2,799,2010,2,0,1,2.2,190000,4,1,1,1,0,2,4
45769788,14069,1935,5,516,2016,4,1,5,4.6,155976,8,0,0,1,0,14,0
45456059,14500,761,7,643,2010,9,1,2,1.8,97000,4,0,1,1,0,1,8
45801756,32929,761,0,87,2011,9,1,5,3,112000,6,2,2,1,0,1,12
45809880,41867,400,7,145,2018,10,1,2,1.5,35039,4,0,1,1,0,2,4
45801418,15612,629,4,138,2015,9,1,1,1.6,97382,4,0,1,1,0,14,4
45624981,8154,919,0,871,2012,4,1,1,3,103458,6,0,0,1,0,14,0
45779829,18503,1202,4,748,2017,9,0,5,2.4,0,4,0,1,1,0,11,0
45794024,42337,891,6,340,2016,9,1,1,2,127000,4,0,2,1,0,1,6
45815038,8938,777,7,268,2014,9,1,5,2.5,53310,4,0,1,1,0,1,12
45812771,941,779,7,268,2013,9,1,2,2.5,225510,4,0,1,1,0,14,12
45764978,706,1399,6,361,2010,9,1,1,3.5,205968,6,0,0,1,0,14,12
45730091,25889,730,4,387,2016,9,1,5,1.6,79420,4,0,1,1,0,2,4
45759214,47042,1646,5,517,2015,4,1,5,4.6,106918,8,0,0,1,0,1,0
45797037,38737,765,4,522,2015,1,1,5,2,93000,4,0,1,1,0,14,4
45792910,9252,640,1,317,2013,9,1,1,2,46721,4,0,1,1,0,14,4
45800886,28852,798.697674418605,0,50,2013,9,1,5,2,145000,4,2,2,1,0,7,8
45416277,15367,649,3,425,2010,3,0,5,1.5,110000,4,0,1,1,0,7,12
45776104,12231,503,7,651,2012,3,0,2,1.5,147698,4,0,1,1,0,14,8
45797568,14081,1024,4,526,2010,7,1,1,2.5,124850,4,0,1,1,0,14,4
45454339,21953,595,2,465,2015,9,1,5,1.5,102506,4,0,1,1,0,14,6
45780591,15053,455.705882352941,7,651,2012,3,0,2,1.5,95000,4,0,1,1,0,12,6
45802925,21357,836,4,733,2010,4,1,1,2,193488,4,0,1,1,0,12,4
45797827,18826,531,4,387,2012,9,1,5,1.6,108042,4,0,1,1,0,7,4
45463391,51432,1018,6,487,2011,4,1,1,3,103000,6,2,0,1,0,14,6
45777190,23834,673.483990147783,4,387,2014,9,1,5,1.6,60000,4,2,1,1,0,1,6
45731779,49459,1091,4,526,2016,10,1,1,2.5,117671,4,0,1,1,0,12,4
45648291,251,607,7,268,2019,9,1,2,2.5,39552,4,0,1,1,0,1,12
45648285,9722,609,7,268,2018,9,1,2,2.5,127515,4,0,1,1,0,1,12
45809607,42538,831,7,145,2018,3,1,5,1.5,2000,4,0,1,1,0,2,4
45802792,40983,639,4,733,2014,4,1,1,2,163472,4,0,1,1,0,7,4
45801733,18240,687,4,387,2010,9,1,5,1.6,52418,4,0,1,1,0,14,4
45750142,50,1599.33333333333,3,425,2006,3,0,5,1.3,14000,4,0,1,1,1,2,2
45767443,1725,1324,7,535,2010,9,1,2,3.3,226198,6,0,0,1,0,6,12
45696226,11133,640,2,214,2013,3,0,2,2,135383,4,2,1,1,0,1,12
45590445,19287,294,1,853,2015,9,1,6,1.4,96102,4,2,1,1,0,14,8
45768261,4077,1714,6,502,2017,4,1,5,3.5,39814,6,0,2,1,0,1,0
45732146,30828,642,4,733,2012,4,1,1,2,115412,4,0,1,1,0,14,4
45650301,549,1750,7,535,2008,4,1,2,3.3,269013,6,0,0,1,0,1,12
45808103,14113,529.21686746988,3,560,2010,3,0,2,1.3,203200,4,3,1,1,0,1,6
45523677,549,1077,7,220,2019,4,1,5,2,39221,4,0,1,1,0,7,12
45617838,157,1172,6,361,2011,9,1,1,3.5,377379,6,0,0,1,0,12,12
45763349,6429,749,4,817,2014,4,1,5,2.4,0,4,0,1,1,0,12,0
45806713,6586,1202,4,733,2017,9,1,5,2.4,77766,4,0,1,1,0,7,12
45802687,73714,1077,4,733,2019,4,1,1,2,43598,4,0,1,1,0,7,4
43802390,18817,891,4,387,2016,9,0,5,2,71191,4,0,1,1,0,14,7
45773905,11290,1277,4,733,2018,9,1,5,2.4,44240,4,0,0,1,0,14,12
44671845,25716,582.788167938931,7,643,2012,3,0,6,1.8,135200,4,3,1,1,0,12,9
45804768,35071,891,4,817,2016,4,1,1,2,80700,4,0,1,1,0,1,4
45803402,7683,640,4,748,2013,9,1,4,2,53000,4,0,1,1,0,12,4
45782890,9722,1429.8433516297,6,357,2000,9,1,5,3.2,164400,6,2,2,1,0,1,8
45807585,37947,1481,6,502,2017,4,1,5,3,51824,6,0,0,1,0,14,12
45667299,13900,691.5,7,279,2010,9,1,2,2.4,204800,4,0,1,1,0,13,6
45802316,38016,1249,4,526,2017,10,1,1,2.5,100900,4,0,1,1,0,12,4
45812337,251,749,1,289,2014,4,1,5,2.4,195987,4,0,1,1,0,2,12
45646343,11133,394,7,268,2014,9,1,2,2.5,179381,4,0,1,1,0,1,12
45770485,51746,730,4,821,2016,4,1,5,1.6,96000,4,2,0,1,0,2,12
45794078,15053,779,2,465,2013,9,0,5,2.5,160000,4,3,1,1,0,4,16
45791376,24148,919,0,102,2012,9,1,5,3,160000,6,2,0,1,0,1,12
45764406,17876,455.705882352941,7,651,2012,3,0,2,1.5,152000,4,0,1,1,0,14,8
45809804,27375,502,7,145,2013,3,1,5,1.5,73938,4,0,1,1,0,11,4
45803597,8154,765,4,748,2015,9,1,4,2,128965,4,0,1,1,0,8,4
45654469,784,353,7,643,2015,3,1,2,1.8,171306,4,0,1,1,0,12,12
45797015,7840,1525,6,174,1998,9,1,5,1.8,0,4,0,2,1,0,1,3
45522905,3500,872.02838865217,7,860,2005,7,0,5,2,98000,4,0,1,1,1,14,4
45767365,188,382,1,853,2017,3,1,2,1.5,125358,4,0,1,1,0,7,0
45620588,7997,1018,6,361,2011,9,1,1,3,273186,6,0,2,1,0,14,12
45785054,12544,888.488372093023,7,643,2008,9,0,2,1.5,2700,4,3,1,1,0,3,6
45768867,5331,1058,6,361,2012,1,1,5,3.5,185642,6,0,2,0,0,12,12
45814322,8467,585,4,387,2013,9,0,5,1.8,126000,4,2,1,1,0,7,10
45809278,23659,784,3,425,2017,3,1,5,1.5,42642,4,0,1,1,0,12,4
45814791,470,919,6,201,2012,9,1,5,3,116722,6,0,0,1,0,12,12
45803145,19914,891,4,748,2016,9,1,4,2,458966,4,0,1,1,0,8,4
45813700,188,585,7,643,2013,3,1,2,1.8,0,4,0,1,1,0,11,0
45801649,19416,583,4,387,2011,9,1,5,1.6,159381,4,0,1,1,0,14,4
45772852,314,2410,6,361,2010,9,1,5,2,274771,8,0,2,1,0,14,12
45618992,1725,1172,6,361,2011,9,1,1,3.5,132630,6,0,2,1,0,12,12
45797073,32910,777,4,526,2014,7,1,1,2.5,154154,4,0,1,1,0,1,4
45798175,65,582.788167938931,7,643,2013,3,0,2,1.8,137600,4,0,1,1,0,2,6
45810127,11992,687,1,575,2010,9,1,5,1.6,133608,4,0,1,1,0,14,4
45812079,7840,872.02838865217,7,850,2005,3,0,4,1.5,191558,4,3,1,1,1,7,2
42805584,30734,1711.27272727273,0,871,2008,4,1,5,2,230000,12,2,0,1,0,1,12
45665405,13956,271,7,651,2014,3,0,2,1.5,107000,4,0,1,1,0,14,12
45731054,34692,1091,4,526,2016,10,1,1,2.5,168131,4,0,1,1,0,14,4
45770319,627,1058,6,361,2012,9,1,1,3.5,318285,6,0,0,1,0,1,12
45793782,10976,1429.8433516297,6,718,2003,9,1,0,2,205000,8,2,2,1,0,7,12
45661651,6272,1624,6,605,2009,4,1,1,3.5,274088,6,0,0,1,0,1,12
45429914,20385,697,7,302,2015,3,0,5,1.8,78000,4,1,1,1,0,12,8
45768076,3763,259,1,853,2014,3,1,2,1.4,138491,4,0,1,1,0,1,0
45809557,10986,707,1,317,2011,9,1,1,2,202420,4,0,1,1,0,14,4
45764181,49237,1342,7,792,2017,4,1,5,2.7,94262,4,0,2,1,0,14,12
43694102,80,792.627815866797,4,748,2012,9,0,5,2.4,1000,4,0,1,1,0,12,6
42732992,250,1500.5,7,583,2019,4,0,1,3,32000,6,0,0,1,0,7,12
45781430,17249,1888,0,87,2007,9,0,5,3,212000,6,2,2,1,0,0,6
45733116,14426,639,4,748,2014,9,1,4,2,169024,4,0,1,1,0,14,4
45815523,8154,1599.33333333333,3,425,2004,3,0,5,1.3,229000,4,3,1,1,1,2,2
45769586,125,1664,7,822,2013,1,1,5,2,234683,8,0,2,1,0,14,12
45755971,17562,582.788167938931,7,643,2010,3,0,2,1.8,19000,4,0,1,1,0,7,6
45772053,26971,1820,7,792,2019,9,1,5,3.5,18555,6,0,0,1,0,1,12
45732088,14069,1076,4,733,2020,4,1,1,2,120,4,0,1,1,0,14,4
45785523,18817,1119.75,7,298,2009,9,0,4,1.8,127000,4,0,1,1,0,14,8
45801533,15612,583,4,387,2011,9,1,5,1.6,120000,4,0,1,1,0,7,4
45638140,282,640,2,465,2013,9,1,2,2,174619,4,0,1,1,0,7,0
45769146,6429,2225,7,822,2017,9,1,5,4.6,190875,8,0,0,1,0,14,12
45809871,40346,345,7,145,2016,10,1,2,1.5,10409,4,0,1,1,0,1,4
45654903,16935,826.666666666667,0,867,2005,4,1,5,3,155903,6,2,0,1,0,1,10
44588441,5331,1446.97098646035,3,312,1997,4,0,5,2,1972,1,0,0,1,0,5,0
45802131,12522,1024,4,526,2010,7,1,1,2.5,134990,4,0,1,1,0,15,4
45115418,23207,1172,3,638,2011,7,1,5,3.5,86000,6,2,1,1,0,7,8
45811053,3763,420,4,565,2019,3,1,2,1.6,29450,4,0,1,1,0,7,12
44585231,45,582.788167938931,7,643,2011,9,0,2,1.8,256000,4,0,1,1,0,14,0
45814512,11290,1338.90845620294,0,80,2001,9,1,4,2.5,140000,6,0,2,1,0,12,8
45432308,13485,888.488372093023,7,643,2008,3,0,2,1.5,291200,4,0,1,1,0,1,6
45766792,12858,741.884259259259,3,425,2012,9,0,2,1.3,147000,4,0,1,1,1,12,6
45812322,300,720.051834985287,1,798,2004,4,1,5,3.7,3422,6,0,0,1,0,1,8
45802994,46236,891,4,733,2016,4,1,1,2,133554,4,0,1,1,0,7,4
45813900,392,1055,6,361,2013,1,1,5,3.5,0,6,0,2,0,0,12,12
45787415,13485,753,4,748,2012,9,1,5,2.4,82000,4,2,1,1,0,1,14
45758519,11133,1273,7,535,2015,4,1,5,3.5,91899,6,0,0,1,0,1,12
45814307,23521,1091,7,268,2016,9,0,5,2.5,123000,4,0,1,1,0,1,12
45782231,11917,2467,0,56,2003,9,0,5,3,0,6,1,2,1,0,7,8
45809680,28078,446,3,425,2014,3,1,5,1.3,27083,4,0,1,1,0,1,4
45568273,11447,501,3,425,2014,3,0,5,1.5,80000,4,1,1,1,0,7,4
45793371,9722,424,1,768,2015,9,1,5,1,39232,4,0,1,1,0,14,4
45776880,18189,455.705882352941,7,651,2014,3,0,2,1.5,58100,4,3,1,1,0,12,0
45758388,43905,1429.8433516297,6,480,1994,4,1,5,3.2,200000,6,0,0,1,0,1,0
45766181,13172,582.788167938931,7,643,2013,9,0,2,1.8,156000,4,3,1,1,0,1,4
45803153,10036,639,4,748,2014,9,1,4,2,255784,4,0,1,1,0,12,4
44458218,9000,971,7,849,2011,3,0,5,1,179000,3,3,1,1,1,1,2
45791036,14069,1429.8433516297,6,254,2012,9,1,5,2,124000,8,2,0,1,0,1,12
45732759,15132,707,4,748,2011,9,1,5,2,155127,4,0,1,1,0,7,4
45642877,24148,1500.5,7,583,2000,4,0,4,3.4,150000,6,0,0,1,1,13,2
45367170,10976,843,3,425,2008,9,0,5,1.5,156000,4,0,1,1,0,14,3
45764424,3607,862,2,409,2011,4,1,2,2.5,168966,4,0,0,1,0,14,0
45766961,41710,1429.8433516297,6,679,2011,7,1,1,3,125000,6,2,0,1,0,2,12
45814823,6272,777,7,268,2014,9,1,5,2.5,55811,4,0,1,1,0,1,12
45791297,17876,582.788167938931,7,643,2011,9,0,2,1.8,15000,4,0,1,1,0,11,12
45775589,11917,888.488372093023,7,643,2006,9,0,2,1.5,3200,4,0,1,1,0,12,4
45803612,30455,934,4,526,2015,7,1,1,2.5,35463,4,0,1,1,0,12,4
39936511,60,862,3,405,2006,7,0,5,3,145000,6,0,1,1,1,14,8
45801404,12540,862,3,405,2004,7,0,4,3,165358,6,0,1,1,1,14,0
45801541,12544,757.14552238806,7,268,2010,9,1,2,1.8,180000,4,0,1,1,0,1,6
45757168,784,382,1,853,2017,3,1,2,1.5,81440,4,0,1,1,0,1,0
45770118,73071,1646,5,516,2015,4,1,5,4.6,188078,8,0,0,1,0,1,0
45667420,14269,749.991967871486,7,145,2012,3,0,5,1.5,158000,4,0,1,1,1,12,2
45018789,12544,475,1,329,2012,9,1,5,1.4,121000,4,0,1,1,0,8,8
45795085,4861,1515,1,637,2005,2,0,5,1.8,127000,4,1,1,1,0,2,3
45813043,2430,891,4,387,2016,9,1,5,2,89747,4,0,1,1,0,12,12
45731754,51517,1249,4,526,2017,10,1,1,2.5,44198,4,0,1,1,0,12,4
45474642,30420,1018,0,871,2011,4,1,5,3,145000,6,2,0,1,0,1,12
45806700,5645,891,3,293,2016,9,1,5,2,78222,4,0,1,1,0,2,12
45733059,9252,765,4,748,2015,9,1,4,2,510853,4,0,1,1,0,8,4
45591430,15681,765,2,458,2015,9,1,5,2,102000,4,2,1,1,0,7,10
45763723,8467,939.882352941176,7,849,2005,9,0,5,1.5,135000,4,0,1,1,1,7,10
45768375,73071,1646,5,516,2015,4,1,5,4.6,188078,8,0,0,1,0,1,0
45801892,33575,880,4,387,2018,9,1,5,1.6,53871,4,0,1,1,0,14,4
45815937,5645,997,4,733,2014,4,1,5,3.3,165355,6,0,1,1,0,1,12
45772983,47,1017,6,498,2017,4,1,5,2,43651,4,0,1,1,0,12,0
45798180,11368,1047,4,387,2007,9,1,5,1.6,117771,4,0,1,1,0,12,4
45793171,7213,397,1,626,2011,9,1,5,1,38799,4,0,1,1,0,1,4
45793011,23521,781,7,268,2012,9,1,5,2.5,89000,4,2,1,1,0,14,12
45007657,21012,1405,0,872,2009,4,1,5,3,170000,6,2,0,1,0,2,8
45809218,37611,639,1,289,2014,4,1,1,2,53528,4,0,1,1,0,1,4
45801384,15681,585,7,643,2013,9,1,2,1.8,180000,4,2,1,1,0,12,0
45651920,4077,640,2,465,2013,9,1,2,2,320554,4,0,1,1,0,14,0
45523670,470,1077,7,291,2019,4,1,5,2,10610,4,0,1,1,0,12,12
45815272,1019,585,6,191,2013,9,1,5,1.8,156477,4,0,2,1,0,14,12
45810171,9512,761,1,575,2010,9,1,5,1.8,118875,4,0,1,1,0,7,4
45803864,14897,836,4,817,2010,4,1,1,2,52997,4,0,1,1,0,12,4
45732826,9252,765,4,748,2015,9,1,4,2,389338,4,0,1,1,0,8,4
45732803,16443,836,4,748,2010,9,1,5,2,179767,4,0,1,1,0,7,4
45776507,13485,1429.8433516297,6,35,2000,9,1,5,3.2,25500,4,0,2,1,0,1,6
45733601,73034,1079,4,748,2018,9,1,5,2,41895,4,0,1,1,0,14,4
45015198,12388,761,7,643,2010,9,1,2,1.8,231003,4,0,1,1,0,5,10
45797095,15991,707,4,522,2011,1,1,5,2,112387,4,0,1,1,0,7,4
45730150,25591,530,4,387,2013,9,1,5,1.6,48088,4,0,1,1,0,7,4
45635407,6272,722,6,746,2001,1,0,5,0.6,126000,3,2,2,0,0,12,6
45769024,470,761,7,643,2010,4,1,2,1.8,408997,4,0,1,1,0,14,12
45768699,470,645,5,258,2011,3,1,2,1.8,32974,4,0,1,1,0,12,0
45785118,17249,584,4,387,2014,9,0,5,1.8,88000,4,0,1,1,0,7,8
45772997,1098,690,7,896,2016,3,1,5,1.5,132528,4,0,1,1,0,12,12
45797101,14454,531,4,387,2012,9,1,5,1.6,149935,4,0,1,1,0,1,4
45670275,17876,673.483990147783,4,387,2013,9,0,5,1.8,156800,4,0,1,1,0,2,12
45809783,11274,645,1,317,2011,9,1,5,1.8,173877,4,0,1,1,0,7,4
45761980,16621,1533.25,2,799,2004,6,0,1,2.4,180000,4,1,2,1,0,14,2
42972073,16935,642,2,214,2012,3,0,2,2,94408,4,0,1,1,0,1,8
45793279,13956,764,1,639,2015,4,1,5,2,34328,4,0,1,1,0,7,4
45682281,18817,582.788167938931,7,643,2012,9,0,5,1.8,123000,4,0,1,1,0,7,6
45763585,188,289,2,409,2008,9,1,2,0.4,209843,4,0,1,1,0,7,0
45770313,9879,1018,6,361,2011,9,1,1,3,273186,6,0,2,1,0,14,12
45813571,7213,943.016149870801,0,50,1999,9,1,5,2.8,9401,6,2,2,1,0,12,8
45815728,10976,1338.90845620294,0,127,2002,9,1,5,4.4,182000,8,2,2,1,1,12,12
45770333,9408,1599.33333333333,3,425,2007,3,0,5,1.3,129000,4,0,1,1,1,1,6
45769485,25086,1249,7,274,2017,9,1,5,2.5,54000,4,2,1,1,0,1,12
45772748,1568,1493,6,361,2016,9,1,1,3.5,77205,6,0,2,1,0,7,12
45767025,8154,1156,2,421,2017,4,1,5,2.3,87688,4,0,1,1,0,7,12
45803529,11262,639,4,748,2014,9,1,4,2,71466,4,0,1,1,0,14,4
44754545,12544,1832,6,837,2005,7,0,1,2.2,223000,4,1,2,1,0,6,2
45618013,11133,1053,6,361,2014,9,1,1,3.5,238546,6,0,0,1,0,1,12
41792927,10036,1338.90845620294,0,42,2004,9,1,5,2.2,118000,8,2,1,1,1,12,5
45803853,38445,770,4,817,2016,4,1,1,1.7,129816,4,0,1,1,0,7,4
45759217,31988,1935,5,516,2016,4,1,5,4.6,155976,8,0,0,1,0,14,0
45451478,21953,673.483990147783,4,387,2017,9,0,5,2,38400,4,0,1,1,0,11,6
45732716,14454,642,4,748,2012,9,1,5,2,165892,4,0,1,1,0,1,4
45810394,47408,1079,1,639,2018,4,1,4,2,33000,4,0,1,1,0,12,4
44238089,45,1599.33333333333,3,425,2007,3,0,5,1.3,87000,4,0,1,1,1,1,5
45801387,17249,582.788167938931,7,643,2010,9,0,2,1.8,102000,4,3,1,1,0,14,10
45814297,6272,586,4,387,2012,9,1,5,1.8,149000,4,2,1,1,0,1,12
45805054,23104,642,4,817,2012,4,1,1,2,148794,4,0,1,1,0,14,4
45781944,5645,1685,6,177,1995,9,1,5,2,0,4,1,2,1,0,12,4
45801175,13172,939.882352941176,7,849,2010,3,0,5,1.3,112000,4,0,1,1,1,7,6
45401623,53314,1058,5,701,2012,4,1,2,3.5,65000,6,0,1,1,0,5,8
45674395,10349,1413,3,425,2011,9,0,5,1.5,0,4,1,1,1,1,1,2
45646899,392,1018,0,871,2011,4,1,1,3,213195,6,0,0,1,0,3,0
45649958,11133,394,7,268,2014,9,1,2,2.5,179381,4,0,1,1,0,1,12
45815390,784,518,5,381,2016,9,1,2,2.5,129989,4,0,1,1,0,7,12
45648263,470,831,4,748,2011,4,1,2,2.4,278989,4,0,1,1,0,2,0
45522613,14113,751,4,748,2013,9,1,5,2.4,130000,4,2,1,1,0,7,6
45770835,16308,645,7,643,2011,3,0,5,1.8,156000,4,0,1,1,0,12,0
45803244,15681,891,4,748,2016,9,1,4,2,295970,4,0,1,1,0,12,4
45812671,15994,738,1,317,2017,9,1,5,1.4,97189,4,0,1,1,0,12,12
45805585,47042,1690.85714285714,6,769,2008,6,1,1,2.2,360000,4,1,2,1,0,14,2
45652728,2822,382,2,465,2015,9,1,2,2,100747,4,0,1,1,0,6,0
45732331,50767,891,4,733,2016,4,1,1,2,113060,4,0,1,1,0,7,4
45731103,30750,777,4,526,2014,7,1,1,2.5,115474,4,0,1,1,0,14,4
45444840,28539,540.146341463415,5,258,2011,3,1,2,1.8,192000,4,0,1,1,0,1,8
45766293,14583,834,7,792,2013,4,1,5,2.7,265558,4,0,2,1,0,14,12
45287644,26657,442,7,643,2017,9,0,2,1.8,28885,4,0,1,1,0,7,12
45793373,4547,1091,1,317,2008,9,1,5,2,62823,6,0,1,1,0,14,4
45810480,32393,730,1,639,2016,4,1,1,1.6,59191,4,0,1,1,0,14,4
45388322,62722,1222.57819905213,6,361,2014,9,1,2,3.5,114000,6,2,2,1,0,14,12
45788519,24462,697,7,298,2015,9,1,5,1.8,43294,4,0,1,1,0,1,12
45617986,1568,1598,6,361,2008,9,1,1,3,175614,6,0,2,1,0,1,12
45768236,8311,891,6,498,2016,4,1,5,2,109555,4,0,1,1,0,14,0
45795841,16308,878,7,643,2009,9,1,5,1.8,193000,4,0,1,1,0,14,16
45541042,17249,640,2,465,2013,9,0,2,2,112000,4,0,1,1,0,14,12
45773829,15681,1711.27272727273,0,871,2002,4,1,1,3,18000,8,2,0,1,0,1,6
44914567,56450,1020.57819905213,0,871,2013,4,1,1,3,121000,6,0,0,1,0,7,12
45793236,18660,890,1,639,2016,4,1,5,2,29703,4,0,1,1,0,14,4
45755553,8467,784,1,626,2006,3,0,4,1,132000,3,0,1,1,0,1,4
45768087,1568,1172,7,535,2011,4,1,2,3.5,342622,6,0,0,1,0,1,12
45661040,941,1356,6,605,2014,4,1,1,4.6,229966,8,0,0,1,0,1,12
44873863,13172,640,2,465,2013,9,1,2,2,191000,4,0,1,1,0,1,12
45625924,470,1211,0,871,2010,4,1,1,3,265210,6,0,0,1,0,1,0
45445325,29793,757.14552238806,7,268,2012,9,1,2,2.5,204800,4,3,1,1,0,1,8
45776407,4391,1429.8433516297,6,712,2004,9,1,5,3.5,555,6,2,2,1,0,12,12
45762585,5018,431,4,748,2016,9,1,2,2,71218,4,0,1,1,0,1,0
44751597,9408,872.02838865217,7,464,2002,10,0,5,1.3,126000,4,0,1,1,1,5,2
45813433,706,917,0,57,2013,9,1,5,3,136291,6,0,0,1,0,2,12
45759419,1333,831,4,748,2011,9,1,2,2.4,142741,4,0,1,1,0,12,0
45801598,20149,583,4,387,2011,9,1,5,1.6,136292,4,0,1,1,0,14,4
45771669,18189,473,1,319,2014,9,0,5,1.4,66000,4,2,1,1,0,1,12
45759228,941,1811,5,516,2010,4,1,5,4.6,260771,8,0,0,1,0,1,0
45813891,3450,1811,5,572,2010,9,1,5,4.6,191310,8,0,0,1,0,1,12
45732778,13953,836,4,748,2010,9,1,5,2,122426,4,0,1,1,0,14,4
45776832,17249,2188,4,387,2016,9,0,5,1.8,78000,4,2,1,1,1,12,10
45649837,4077,1363,5,516,2012,4,1,5,4.6,150909,8,0,0,1,0,1,0
45809261,17663,87,7,145,2012,3,1,5,0,118000,4,0,1,1,0,7,4
45802245,11917,1429.8433516297,6,602,2003,4,1,5,3.2,0,10,0,0,1,0,2,10
45807503,392,862,7,680,2011,4,1,5,2.5,193754,4,0,0,1,0,2,12
45655165,627,1360,5,516,2013,4,1,5,4.6,243467,8,0,0,1,0,14,0
45785935,18503,640,2,219,2012,3,1,2,2,243200,4,0,1,1,0,12,12
45756850,188,640,2,465,2013,9,1,2,2,0,4,0,1,1,0,14,0
44886390,16621,781,7,680,2012,9,0,5,2.5,76000,4,2,0,1,0,12,8
45797052,29777,765,4,522,2015,1,1,5,2,61298,4,0,1,1,0,7,4
45550910,50,888.488372093023,7,643,2008,9,0,2,1.5,150000,4,0,1,1,0,1,0
45759045,15681,640,4,748,2013,9,1,5,2,90000,4,0,1,1,0,7,8
45808627,6899,1304,0,891,2013,4,1,5,4.4,167034,8,0,0,1,0,7,12
45789128,17249,690,3,425,2016,3,0,5,1.5,56000,4,0,1,1,0,14,8
45621632,6429,1405,0,871,2009,4,1,1,3,262072,6,0,0,1,0,7,0
45465027,1568,1077,7,220,2019,4,1,5,2,10526,4,0,1,1,0,11,12
45810450,8154,1599.33333333333,3,425,2006,3,0,5,1.3,191000,2,3,1,1,1,1,2
45815904,2195,749,4,748,2014,9,1,5,2.4,115859,4,0,1,1,0,1,12
45699214,23521,891,4,401,2016,9,1,5,2,92000,4,0,1,1,0,2,12
45801619,20005,531,4,387,2012,9,1,5,1.6,143567,4,0,1,1,0,12,4
45797372,10381,583,4,547,2011,3,1,1,1.6,56581,4,0,1,1,0,1,4
45793455,14113,1185,2,465,2009,9,1,2,2.5,0,6,0,0,1,0,14,12
45525801,13485,1271.22222222222,7,268,2008,9,1,2,2.4,0,4,0,1,1,0,14,0
45749555,30,1599.33333333333,3,425,2002,3,0,5,1.3,0,4,0,1,1,1,2,4
45816006,1333,585,4,387,2013,9,1,5,1.8,267010,4,0,1,1,0,14,12
45809752,15530,502,7,145,2013,3,1,5,1.5,86262,4,0,1,1,0,1,4
45801727,18531,583,4,387,2011,9,1,5,1.6,165845,4,0,1,1,0,12,4
45766282,3763,1714,7,792,2017,9,1,5,3.5,174827,6,0,0,1,0,12,12
45816162,5331,639,4,387,2014,3,1,5,2,179219,4,0,1,1,0,11,12
44061393,9000,1268,7,147,2012,3,1,2,1.5,149000,4,0,1,1,1,13,6
45792203,24775,757.14552238806,7,268,2012,9,0,2,2.5,78560,4,0,1,1,0,14,12
45732652,16308,891,4,748,2016,9,1,4,2,209744,4,0,1,1,0,14,4
45781820,13799,749.991967871486,7,145,2014,3,0,2,1.5,182000,4,0,1,1,1,14,6
45788006,17249,582.788167938931,7,643,2014,9,0,2,1.8,80000,4,0,1,1,0,1,8
45781949,16935,1429.8433516297,6,357,2003,9,1,5,3.2,210000,6,2,2,1,0,14,12
42444388,32929,861.761904761905,1,407,2016,4,0,5,2.4,57600,4,2,1,1,0,11,12
45797239,27924,777,4,526,2014,7,1,1,2.5,174485,4,0,1,1,0,12,4
45654173,627,1360,5,516,2013,4,1,5,4.6,243467,8,0,0,1,0,14,0
45801388,7840,1338.90845620294,0,123,1996,9,1,5,4,0,8,2,1,1,0,2,8
45802338,13485,741.884259259259,3,425,2011,3,0,5,1.5,152000,4,3,1,1,1,1,6
45793553,6272,1429.8433516297,6,331,1997,9,0,0,2,165000,4,0,2,1,0,2,6
45756447,6272,1527,6,174,1995,9,0,5,1.8,100000,4,1,2,1,0,6,0
45767878,31361,934,7,268,2015,9,0,5,2.5,156800,4,0,1,1,0,1,8
45698268,23834,757.14552238806,7,268,2011,9,1,2,2.5,109000,4,0,1,1,0,1,6
45764196,14583,834,7,792,2013,4,1,5,2.7,265558,4,0,2,1,0,14,12
45798435,11604,1429.8433516297,6,351,1994,9,0,5,2.8,248000,6,1,2,1,0,7,2
44838566,15681,271,7,651,2014,3,0,2,1.5,101101,4,2,1,1,0,11,8
45806448,8467,761,7,643,2010,3,1,2,1.8,192000,4,2,1,1,0,2,12
45596084,20855,924,7,643,2017,3,1,5,1.8,18942,4,0,1,1,0,11,8
44383909,7000,875,7,849,2012,3,0,5,1,83000,3,0,1,1,1,14,2
45660994,8154,919,0,871,2012,4,1,1,3,103458,6,0,0,1,0,14,0
45727778,549,779,5,379,2013,9,1,2,2.5,210698,4,0,1,1,0,1,12
45784865,6899,2084,2,799,1994,6,0,1,2.5,98521,4,1,2,0,0,11,6
45802047,17249,1141,4,522,2012,9,1,5,3.8,94055,4,0,1,1,0,12,4
45731518,44843,1091,4,526,2016,10,1,1,2.5,110846,4,0,1,1,0,7,4
44284905,17876,639,2,473,2014,9,0,5,2,93669,4,0,1,1,0,7,8
45812807,470,1249,7,268,2017,9,1,5,2.5,90336,4,0,1,1,0,1,12
45729680,27946,730,4,387,2016,9,1,5,1.6,55446,4,0,1,1,0,7,4
45668012,1254,970.867153989687,2,418,1993,3,0,5,1.6,200000,4,1,1,1,0,4,1
45814886,251,1249,7,680,2017,4,1,5,2.5,58778,4,0,1,1,0,2,12
45770524,25716,1018,6,678,2009,7,1,1,3,18300,6,0,2,1,0,1,12
45803576,9722,765,4,748,2015,9,1,4,2,128965,4,0,1,1,0,8,4
45705958,10036,308,7,651,2015,3,0,2,1.5,109000,4,0,1,1,0,7,8
45454094,8500,1338.90845620294,0,1,2008,3,0,5,1.6,11111,2,0,2,1,1,11,6
45804485,40224,770,4,817,2016,4,1,1,1.7,105311,4,0,1,1,0,2,4
45342052,19130,781,7,268,2012,9,1,5,2.5,75000,4,2,1,1,0,1,10
45810363,63826,1077,1,620,2019,9,1,5,2,9101,4,0,1,1,0,7,4
45816579,549,1277,4,733,2018,9,1,5,2.4,46853,4,0,0,1,0,1,12
42273633,80,844.645161290323,2,409,2011,4,1,2,2.5,220000,4,3,0,1,0,14,12
45812653,3450,738,1,317,2017,9,1,5,1.4,46261,4,0,1,1,0,7,12
45803506,11604,639,4,748,2014,9,1,4,2,477316,4,0,1,1,0,12,4
45809165,21253,308,7,145,2015,3,1,2,1.5,81200,4,0,1,1,0,12,4
45809241,35908,833,1,289,2015,4,1,1,2.2,61297,4,0,1,1,0,12,4
45654377,470,753,4,748,2012,9,1,2,2.4,202864,4,0,1,1,0,2,0
45762651,13172,741.884259259259,3,425,2010,3,0,5,1.5,180800,4,2,1,1,0,7,8
45759191,17876,781,7,268,2012,9,1,5,2.5,125000,4,3,1,1,0,1,12
45803894,21652,707,4,817,2011,4,1,1,2,161345,4,0,1,1,0,12,4
45808657,8467,1091,7,268,2016,9,1,5,2.5,70066,4,0,1,1,0,14,12
45786980,14740,531,4,138,2012,3,0,5,1.6,214400,4,2,1,1,0,7,10
45773951,14069,3057,6,251,2019,9,1,5,2,0,12,0,2,1,0,1,12
45803707,38445,765,4,817,2015,4,1,1,2,70745,4,0,1,1,0,14,4
45762359,3293,1024,5,549,2010,9,1,5,2.5,128992,6,0,0,1,0,12,12
45592148,16621,640,2,452,2013,9,1,2,2,145000,4,2,1,1,0,7,8
45754179,15053,749,4,748,2014,9,1,5,2.4,75200,4,0,1,1,0,14,12
45803089,13799,836,4,733,2010,4,1,1,2,77251,4,0,1,1,0,12,4
45769758,9408,1090.33333333333,2,805,2007,2,0,1,1.8,211000,4,1,1,1,0,14,4
45427144,14740,639,2,455,2014,3,0,5,2,135313,4,0,1,1,0,14,6
43908533,34497,934,7,268,2015,9,1,5,2.5,33000,4,0,1,1,0,7,12
45650025,862,394,7,268,2014,9,1,2,2.5,130478,4,0,1,1,0,14,12
45794468,37633,1304,0,128,2010,9,1,5,4.4,170000,8,0,2,1,0,1,12
45760024,26030,382,1,853,2017,3,1,2,1.5,52062,4,0,1,1,0,2,0
45771330,2509,761,7,643,2010,4,1,2,1.8,256966,4,0,1,1,0,2,12
45809187,13739,1172,2,794,2011,9,1,5,3.5,112000,4,0,1,1,0,12,4
45104954,40769,1266.6,2,630,2015,1,0,5,3.7,150000,6,0,2,0,0,11,8
45732751,5331,836,4,748,2010,9,1,4,2,128965,4,0,1,1,0,12,4
45804992,30,888.488372093023,7,643,2008,9,0,2,1.5,152700,4,0,1,1,0,14,8
45803255,14454,642,4,748,2012,9,1,5,2,165892,4,0,1,1,0,1,4
45646363,784,394,7,268,2014,9,1,2,2.5,102397,4,0,1,1,0,1,12
45809539,18362,503,7,145,2012,3,1,5,1.5,99949,4,0,1,1,0,2,4
45730757,21181,583,4,387,2011,9,1,5,1.6,79570,4,0,1,1,0,12,4
44281026,8000,1268,7,145,2012,3,1,2,1.5,47000,4,0,1,1,1,13,6
45793927,42337,891,0,55,2016,9,1,5,2,41000,4,0,2,1,0,7,12
45732603,52696,1017,4,733,2017,4,1,1,2,107845,4,0,1,1,0,12,4
45787526,15367,1701.21052631579,6,605,2004,4,1,5,3.7,186000,6,2,0,1,0,1,12
45759924,25089,582.788167938931,7,643,2013,3,0,2,1.8,160000,4,0,1,1,0,14,12
45801256,14113,474,1,317,2013,9,0,5,1.4,120000,4,0,1,1,0,12,12
45680596,45000,2606,0,591,2008,9,1,5,2,113473,10,2,2,1,0,14,10
45479281,14740,574,3,560,2010,3,0,2,1.3,88000,4,0,1,1,0,14,0
45651615,3763,1850,6,605,2008,4,1,1,3.5,366869,6,0,0,1,0,1,12
45806453,14426,394,5,379,2014,9,1,2,2.5,176213,4,0,1,1,0,1,12
45809088,12074,862,2,465,2011,9,1,5,2.5,109729,4,0,1,1,0,12,4
45783172,16308,586,4,387,2012,9,1,5,1.8,195200,4,0,1,1,0,1,12
45810122,12570,761,1,575,2010,9,1,5,1.8,112720,4,0,1,1,0,7,4
45773703,470,765,4,817,2015,4,1,5,2,106442,4,0,1,1,0,14,0
45664630,392,831,4,748,2011,9,1,2,2.4,0,4,0,1,1,0,12,0
45670043,19757,1296,7,70,2005,4,0,5,2,18000,6,2,0,1,0,12,10
45771027,1882,1053,6,361,2014,9,1,5,3.5,146395,6,0,2,1,0,7,12
45781550,43278,917,0,871,2013,4,1,5,3,74000,6,2,0,1,0,2,12
43490048,24458,1690.85714285714,6,769,2007,6,0,1,2.2,249000,4,1,2,1,0,14,2
45756536,20385,924,7,303,2017,3,0,5,1.8,27000,4,2,1,1,0,14,12
45807595,10976,2084,2,799,1998,10,0,1,2.5,135000,6,1,2,0,1,11,2
45771607,14426,749.991967871486,7,145,2013,3,0,2,1.5,98000,4,0,1,1,1,14,8
44728534,14113,640,2,214,2013,3,0,2,2,100000,4,3,1,1,0,14,12
45793127,46414,940.695652173913,7,680,2016,4,0,5,2.5,56000,4,2,0,1,0,1,8
45810106,48261,891,3,293,2016,9,1,5,2,22601,4,0,1,1,0,7,4
45804387,32954,1514,5,572,2011,9,1,5,4.6,195303,4,0,1,1,0,1,4
45807113,16621,552,7,643,2011,9,1,2,1.5,250000,4,0,1,1,0,14,10
41617599,13328,645,7,643,2011,3,0,2,1.8,103000,4,0,1,1,0,5,0
45810010,54697,1091,1,559,2016,9,1,5,2.5,59066,4,0,1,1,0,1,4
45797468,10349,1434.33333333333,6,335,2001,9,0,1,2.2,255000,4,1,2,1,0,2,6
45806383,40769,1429.8433516297,6,482,1996,4,1,5,2,180000,8,0,0,0,0,1,8
45798179,11368,1047,4,387,2007,9,1,5,1.6,151382,4,0,1,1,0,12,4
45803569,12858,639,4,748,2014,9,1,4,2,392894,4,0,1,1,0,12,4
45789609,43905,798.697674418605,0,50,2013,9,1,1,2,85000,4,2,2,1,0,7,8
45801920,11886,583,4,387,2011,9,1,5,1.6,113660,4,0,1,1,0,7,4
45803371,10641,639,4,748,2014,9,1,4,2,75346,4,0,1,1,0,14,4
45774110,14269,552,3,425,2011,3,0,5,1.5,80000,4,0,1,1,0,14,8
45504236,17562,502,7,651,2013,3,0,2,1.5,67224,4,0,1,1,0,13,8
45641954,3607,781,7,268,2012,9,1,2,2.5,156518,4,0,1,1,0,14,12
45491521,21953,690,3,425,2016,3,0,5,1.5,50400,4,3,1,1,0,15,12
45635096,16935,765,2,465,2015,9,1,5,2,71454,4,0,1,1,0,1,0
45675807,100,673.483990147783,4,387,2014,9,1,5,1.8,14554,4,2,1,1,0,4,10
45813673,15053,473,1,317,2014,9,0,5,1.4,70222,4,2,1,1,0,12,10
45813038,392,574,3,560,2010,3,1,2,1.3,308331,4,0,1,1,0,12,12
44754850,11604,503,7,651,2012,3,0,2,1.5,0,4,0,1,1,0,14,12
45655637,5018,1399,5,701,2010,4,1,2,3.5,167222,6,0,0,1,0,1,12
45733415,48575,765,4,748,2015,9,1,5,2,87196,4,0,1,1,0,7,4
45814898,5331,761,7,643,2010,3,1,2,1.8,319301,4,0,1,1,0,14,12
45797609,20005,583,4,387,2011,9,1,5,1.6,126100,4,0,1,1,0,12,4
45802834,53154,891,4,733,2016,4,1,1,2,99000,4,0,1,1,0,12,4
45771439,1333,1024,2,465,2010,9,1,5,2.5,114963,4,0,1,1,0,1,12
45785211,7213,1599.33333333333,3,425,2003,9,0,5,1.5,240000,2,2,1,1,1,2,4
45669973,31361,1249,7,268,2017,9,1,5,2.5,55000,6,0,1,1,0,1,12
45791022,15053,749,4,748,2014,9,1,5,2.4,71000,6,0,1,1,0,14,0
45768603,251,1750,7,535,2008,4,1,2,3.3,318467,6,0,0,1,0,2,12
45671050,19757,582.788167938931,7,643,2010,3,1,2,1.8,109356,4,0,1,1,0,3,12
45810698,21953,779,7,268,2013,9,0,2,2.5,94200,4,0,1,1,0,2,8
45682415,20385,846.977310156905,4,733,2006,4,1,1,2.2,88000,6,2,0,1,0,12,8
45802347,16308,777,7,268,2014,9,0,5,2.5,96000,4,2,1,1,0,1,10
45789494,8781,1553.57142857143,6,177,2000,9,1,4,2,150000,4,0,2,2,0,12,6
45115632,15681,582.788167938931,7,643,2010,9,0,2,1.8,162000,4,0,1,1,0,7,8
45803610,20385,781,4,526,2012,9,1,1,2.5,82260,4,0,1,1,0,1,4
45776566,15367,1429.8433516297,6,186,2006,9,1,5,2.5,216000,6,1,2,1,0,1,6
45793397,25089,1695.28571428571,6,251,2005,9,1,5,2,333000,8,2,2,1,0,1,8
45732693,15053,765,4,748,2015,9,1,4,2,314523,4,0,1,1,0,12,4
45789352,7213,2078,0,46,2001,9,0,5,2.5,230000,6,1,2,1,0,1,8
43334113,45473,1823,7,542,2017,8,0,5,2.4,80000,4,1,0,1,0,14,12
44698118,19130,1759,7,537,2006,4,0,5,2.4,193840,4,0,1,1,0,12,12
45792966,4328,614,1,162,2009,9,1,5,1.2,171138,4,0,1,1,0,2,4
45754133,15053,382,4,748,2014,9,1,2,2.4,102400,4,0,1,1,0,12,12
45814829,3450,834,7,832,2013,4,1,5,2.7,186349,4,0,0,1,0,14,12
45797241,11447,612.4,2,448,2011,3,0,5,1.3,139200,4,1,1,1,0,14,8
44934688,42337,1249,7,680,2017,4,1,5,2.5,37000,4,0,0,1,0,14,12
45644397,314,779,7,268,2013,9,1,2,2.5,225510,4,0,1,1,0,14,12
45568214,10976,645,7,643,2011,9,1,2,1.8,230400,4,0,1,1,0,14,10
45803870,28909,639,4,817,2014,4,1,1,2,83500,4,0,1,1,0,12,4
45813693,627,1304,0,891,2013,4,1,5,4.4,118656,8,0,0,1,0,1,12
45728056,6115,779,5,379,2013,9,1,2,2.5,152400,4,0,1,1,0,12,12
45815530,25000,872.02838865217,7,272,2012,9,0,5,2.5,276800,6,2,1,1,0,1,10
45782476,18503,582.788167938931,7,643,2012,3,0,5,1.8,160000,4,3,1,1,0,14,8
45597555,29793,1429.8433516297,6,602,2009,4,1,1,3.2,245000,6,0,0,1,0,0,0
45809254,26491,502,7,145,2013,3,1,2,1.5,69500,4,0,1,1,0,12,4
45814237,28225,966.724137931034,0,94,2011,9,1,5,3.5,200000,6,2,2,1,0,14,6
45807531,5175,639,0,65,2014,1,1,5,2,107003,4,0,0,0,0,14,12
45732089,50184,891,4,733,2016,4,1,1,2,122497,4,0,1,1,0,2,4
45769977,1646,1399,6,361,2010,9,1,5,3.5,205968,6,0,0,1,0,14,12
45763095,15681,1711.27272727273,0,871,2004,4,1,5,3,205000,6,2,0,1,0,7,6
45813788,549,645,7,643,2011,3,1,2,1.8,420053,4,0,1,1,0,2,12
45634820,17249,792.627815866797,4,748,2011,9,0,2,2.4,153321,4,2,1,1,0,12,8
45732670,15323,836,4,748,2010,9,1,5,2,170341,4,0,1,1,0,14,4
45703117,25089,917,6,783,2013,6,1,1,3,328000,6,2,2,1,0,14,6
45764813,188,1659,7,822,2014,4,1,5,2,101928,8,0,0,1,0,1,12
45795498,15681,1841,6,347,2002,9,1,1,2.7,306089,5,2,2,1,0,2,12
45688929,24148,798.780396435111,4,755,2014,9,1,4,2,42000,4,0,1,1,0,12,4
45636934,17562,1296,7,270,2008,9,1,2,2.4,78490,4,2,1,1,0,1,12
45794183,3900,1387.22222222222,3,638,1999,7,0,5,2.3,68000,4,0,1,1,1,12,4
45493619,45473,1171.41025641026,7,535,2011,4,1,5,3.5,112000,6,2,0,1,0,7,10
42877422,9252,1268,7,145,2012,3,0,2,1.5,144000,4,3,1,1,1,14,0
45764663,14583,834,7,792,2013,4,1,5,2.7,265558,4,0,2,1,0,14,12
45644670,251,607,7,268,2019,9,1,2,2.5,39552,4,0,1,1,0,1,12
45758833,12231,1533.25,2,799,2002,6,0,1,2,205000,4,1,1,1,0,14,2
45811108,941,585,7,643,2013,3,1,2,1.8,133926,4,0,1,1,0,11,12
45729795,27654,629,4,387,2015,9,1,5,1.6,33355,4,0,1,1,0,12,4
44729405,20385,1711.27272727273,0,871,2004,4,1,1,3,230000,6,2,0,2,0,7,6
45617978,706,1624,6,361,2009,9,1,1,3.5,138384,6,0,0,1,0,1,12
45796290,18817,639,2,465,2014,9,1,5,2,141752,4,0,0,1,0,14,0
44872468,20385,585,7,643,2013,3,1,2,1.8,100000,4,0,1,1,0,2,11
45732547,61816,891,4,733,2016,4,1,1,2,17320,4,0,1,1,0,14,4
45769025,4234,753,4,748,2012,9,1,2,2.4,208627,4,0,1,1,0,1,0
45642799,706,574,3,560,2010,3,1,2,1.3,189571,4,0,1,1,0,12,0
45764604,2430,1598,6,361,2008,9,1,1,3,175614,6,0,2,1,0,1,12
44514703,37633,966.724137931034,0,94,2013,9,1,5,3,155000,6,2,2,1,0,12,14
45646369,2038,1172,6,605,2011,4,1,1,3.5,186542,6,0,0,1,0,14,12
45732542,57428,1017,4,733,2017,4,1,1,2,73324,4,0,1,1,0,12,4
43707499,18817,382,4,763,2014,9,0,2,2.4,132000,4,2,1,1,0,1,10
45809306,26720,399,3,425,2019,3,1,2,1.5,2336,4,0,1,1,0,1,4
45803026,36733,765,4,733,2015,4,1,1,2,170000,4,0,1,1,0,7,4
45807910,11917,586,7,643,2012,3,0,2,1.8,180000,4,0,1,1,0,14,10
45767720,125,1750,7,535,2008,9,1,2,3.3,287274,6,0,0,1,0,14,12
45760864,627,503,3,293,2012,9,1,2,1.5,272189,4,0,1,1,0,12,0
45642759,17562,673.483990147783,4,387,2012,9,0,5,1.8,122000,4,2,1,1,0,1,8
45792757,12544,741.884259259259,3,425,2012,3,0,2,1.3,81000,4,0,1,1,1,12,8
45757653,549,1249,7,268,2017,9,1,5,2.5,63149,4,0,1,1,0,11,12
45782064,11604,781,7,276,2012,9,1,5,2.5,149000,4,2,1,1,0,7,12
45789168,12858,1451,0,107,2011,3,1,5,4.4,110000,4,0,2,1,0,1,12
45808620,470,640,0,84,2013,9,1,5,2,140944,4,0,0,1,0,7,12
45809525,25089,595,7,145,2015,3,1,5,1.5,124382,4,0,1,1,0,14,4
45658618,43278,1514,5,516,2011,4,1,5,4.6,160138,8,0,0,1,0,14,0
45805318,23521,1507.30769230769,6,837,2005,6,0,1,2.2,300000,4,1,2,1,0,14,2
45649944,314,779,7,268,2013,9,1,2,2.5,225510,4,0,1,1,0,14,12
45095271,21953,586,5,258,2012,3,1,2,1.8,208000,4,3,1,1,0,4,12
45651674,13172,1701.21052631579,6,605,2005,4,1,5,3.5,171531,6,2,0,1,0,14,6
45796522,9408,2084,2,799,1992,6,0,1,2.5,111111,4,1,2,1,0,14,0
45797670,16935,1185,4,526,2009,7,1,1,2.5,165302,4,0,1,1,0,12,4
45733098,13172,891,4,748,2016,9,1,4,2,381135,4,0,1,1,0,8,4
45758558,314,1172,2,171,2011,4,1,5,3.5,263338,6,0,1,1,0,1,12
45733674,10976,1429.8433516297,6,614,2002,4,1,0,2,200000,8,2,0,1,0,12,8
45804162,27065,836,4,817,2010,4,1,1,2,102138,4,0,1,1,0,12,4
45369256,20200,640,2,214,2013,9,1,6,2,105000,4,0,1,1,0,14,8
45797547,39201,1091,4,526,2016,10,1,1,2.5,182821,4,0,1,1,0,12,4
45803309,12858,640,4,748,2013,9,1,5,2,52668,4,0,1,1,0,1,4
43546067,37633,1338.90845620294,0,864,2014,4,1,5,2,95000,4,2,0,1,0,7,12
45092119,18346,690,1,622,2016,9,0,5,1.5,91380,4,0,1,1,0,12,8
45738340,36065,1211,0,889,2010,4,1,5,3,165000,6,2,0,1,0,5,12
45645941,8781,431,2,465,2016,9,1,2,2,194974,4,0,1,1,0,1,0
45674813,8154,1429.8433516297,6,602,2000,4,1,5,3.2,0,6,2,0,1,0,12,4
45804098,5488,1429.8433516297,6,136,2001,3,1,5,1.9,147000,4,2,1,1,1,1,4
45770096,22580,1172,7,535,2011,4,1,5,3.5,368064,6,0,0,1,0,7,12
45690197,7213,970.867153989687,2,454,2004,9,0,1,1.8,177087,4,1,1,1,0,7,6
45465113,470,1077,7,220,2019,4,1,5,2,65362,4,0,1,1,0,12,12
45771020,9565,919,6,361,2012,9,1,1,3,171221,6,0,2,1,0,1,12
45451753,20385,781,7,268,2012,9,1,5,2.5,85000,4,2,1,1,0,12,12
45770955,100,1690.85714285714,6,769,2008,6,1,1,2.2,200000,4,1,2,1,0,14,4
45682177,14740,582.788167938931,7,643,2010,9,0,2,1.8,200000,4,0,1,1,0,12,4
45771493,12544,639,2,452,2014,3,0,5,2,147995,4,0,1,1,0,14,0
45797262,12980,531,4,387,2012,9,1,5,1.6,187500,4,0,1,1,0,1,4
45801961,32929,880,4,387,2018,9,1,5,1.6,54865,4,0,1,1,0,7,4
45465063,19444,1079,7,220,2018,4,1,5,2,40272,4,0,1,1,0,7,12
45811556,24775,1329.79585953434,5,551,2011,9,1,5,2.5,138000,6,2,2,1,0,7,10
45773694,220,753,4,817,2012,4,1,5,2.4,221126,4,0,1,1,0,1,0
45732562,37163,696,4,733,2013,4,1,1,2.2,42857,4,0,1,1,0,2,4
45815914,8467,843,7,643,2008,3,0,2,1.5,150000,4,0,1,1,0,11,6
45698956,15053,749.991967871486,7,145,2013,9,0,2,1.5,140000,4,0,1,1,1,14,2
45481023,19444,1051,4,748,2016,9,0,5,2.4,82000,4,2,0,1,0,12,12
45805879,16465,1338.90845620294,0,58,2008,9,1,5,3,97800,6,1,2,1,0,1,8
45803010,75793,1077,4,733,2019,4,1,1,2,21680,4,0,1,1,0,1,4
45799357,18817,455.705882352941,7,651,2013,3,0,2,1.5,108800,4,0,1,1,0,8,6
45649735,3763,779,7,268,2013,9,1,2,2.5,124912,4,0,1,1,0,14,12
45815379,3763,891,5,548,2016,9,1,5,2,58328,4,0,2,1,0,14,12
45691966,24775,1750,5,699,2008,4,1,2,3.3,235200,6,0,0,1,0,12,12
45803127,7056,836,4,748,2010,9,1,4,2,116346,4,0,1,1,0,1,4
45810449,29087,730,1,639,2016,4,1,1,1.6,50509,4,0,1,1,0,7,4
45766323,6586,1190,7,792,2014,9,1,5,4,0,6,0,2,1,0,12,12
45809769,12112,586,1,317,2012,9,1,5,1.8,130000,4,0,1,1,0,1,4
45808846,15681,333,2,214,2014,3,0,2,2,135657,4,0,1,1,0,14,12
45620896,1568,1598,6,361,2008,9,1,1,3,175614,6,0,2,1,0,1,12
45732955,15681,891,4,748,2016,9,1,4,2,286095,4,0,1,1,0,12,4
45796835,11851,1347,4,526,2008,10,1,1,2.5,200000,4,0,1,1,0,12,4
45651295,5175,645,7,643,2011,3,1,2,1.8,0,4,0,1,1,0,7,12
45655120,34811,1363,5,516,2012,4,1,5,4.6,229334,8,0,0,1,0,1,0
43596721,25402,1329.79585953434,5,698,2008,4,1,2,3.3,270432,6,0,0,1,0,7,8
45769672,3763,259,1,853,2014,3,1,2,1.4,138491,4,0,1,1,0,1,0
45816329,27284,431,0,871,2016,4,1,2,2,73856,4,0,0,1,0,1,12
45786804,37633,757.14552238806,7,268,2015,9,1,2,2.5,166000,4,3,1,1,0,1,0
45801020,11760,862,3,405,2005,7,1,5,2.4,145000,4,2,0,1,1,14,6
45799986,23521,934,7,680,2015,4,0,5,2.5,0,4,0,0,1,0,1,0
45766185,392,585,4,387,2013,4,1,5,1.8,0,4,0,1,1,0,12,12
45816078,549,1202,4,733,2017,9,1,5,2.4,96790,4,0,1,1,0,1,12
45768377,30734,2151,5,517,2009,4,1,5,2,264339,8,0,0,1,0,1,0
45784331,24148,872.02838865217,7,675,2012,3,1,6,1.8,262400,4,0,1,1,0,12,12
45804862,29144,891,4,817,2016,4,1,1,2,42765,4,0,1,1,0,14,4
45781831,7000,896.105072463768,0,84,1998,9,1,5,2.8,124000,6,1,2,1,0,1,0
45415604,22266,966.724137931034,0,94,2009,9,1,5,3,198400,6,2,2,1,0,14,10
45807145,24148,781,7,268,2012,9,0,2,2.5,90600,4,3,1,1,0,12,6
45797792,15053,1185,4,526,2009,7,1,1,2.5,176878,4,0,1,1,0,12,4
45796826,41629,1249,4,526,2017,10,1,1,2.5,129841,4,0,1,1,0,1,4
45768342,2195,586,7,643,2012,9,1,2,1.8,430278,4,0,1,1,0,1,12
45771381,3293,645,7,643,2011,1,1,2,1.8,229461,4,0,1,1,0,1,12
45642369,9722,609,7,268,2018,9,1,2,2.5,127515,4,0,1,1,0,1,12
45797770,19384,583,4,387,2011,9,1,5,1.6,127983,4,0,1,1,0,7,4
45813442,13172,1091,7,268,2016,9,1,5,2.5,151443,4,0,1,1,0,7,12
45811047,5018,722,6,746,2004,3,0,5,1.3,128965,4,2,1,1,1,1,8
45655250,784,917,0,871,2013,4,1,1,3,0,6,0,0,1,0,1,12
45115882,19757,673.483990147783,4,387,2015,9,0,5,1.8,76800,4,2,1,1,0,2,12
45760345,35438,792.627815866797,4,748,2016,9,1,2,2,144000,4,2,1,1,0,12,0
45655100,941,1356,5,516,2014,4,1,5,4.6,200402,8,0,0,1,0,12,0
45766664,1176,831,3,312,2011,4,1,5,2.4,200960,4,0,1,1,0,2,12
45027069,20300,595.03007518797,2,465,2013,9,0,5,1.6,155300,4,0,1,1,0,1,10
45018705,8154,1026.00733117836,3,385,2004,3,0,5,1.7,1000,4,0,1,1,1,2,0
45759679,2800,685.387456341629,4,387,1999,9,0,5,2,1111,4,0,1,1,0,12,4
45741418,37633,1211,6,610,2010,4,1,1,3,69000,6,2,0,1,0,1,12
45732094,49858,891,4,733,2016,4,1,1,2,126465,4,0,1,1,0,7,4
33919101,100,798.780396435111,4,558,2013,4,1,5,2,100000,10,2,0,1,0,12,12
45733564,42987,1017,4,748,2017,9,1,5,2,85532,4,0,1,1,0,1,4
45768577,4861,1324,7,535,2010,4,1,2,3.3,264877,6,0,0,1,0,14,12
45732564,37476,891,4,733,2016,4,1,1,2,24526,4,0,1,1,0,14,4
45804057,47537,877,4,817,2017,4,1,1,1.7,93720,4,0,1,1,0,14,4
45810846,3293,1872,1,559,2018,9,1,5,3.6,71194,6,0,1,1,0,12,12
45642848,15681,650,1,317,2016,9,0,5,1.4,107200,4,0,2,1,0,1,6
45803148,10976,765,4,748,2015,9,1,4,2,421167,4,0,1,1,0,14,4
45729789,27654,629,4,387,2015,9,1,5,1.6,11261,4,0,1,1,0,14,4
45641150,392,781,7,268,2012,9,1,2,2.5,314373,4,0,1,1,0,7,12
45732730,14166,640,4,748,2013,9,1,5,2,206088,4,0,1,1,0,14,4
45773513,188,382,1,853,2017,3,1,2,1.5,125358,4,0,1,1,0,7,0
45772356,73071,1646,5,516,2015,4,1,5,4.6,188078,8,0,0,1,0,1,0
45803492,12231,765,4,748,2015,9,1,4,2,216070,4,0,1,1,0,12,4
45647938,157,1172,6,605,2011,4,1,1,3.5,220323,6,0,0,1,0,1,12
45810840,3450,1869,1,559,2019,9,1,5,3.6,18438,6,0,1,1,0,12,12
45776078,18817,1338.90845620294,0,129,2005,9,1,0,2,210000,8,2,2,1,0,14,12
45780590,10349,1429.8433516297,6,357,2001,9,1,1,3.2,195330,6,2,2,1,0,12,6
45814980,2195,777,7,268,2014,9,1,5,2.5,328282,4,0,1,1,0,12,12
45797698,46414,915,6,605,2014,4,1,1,3,57755,6,0,0,1,0,14,6
45768082,1019,1537,7,535,2009,9,1,2,3.3,318358,6,0,0,1,0,1,12
45768260,4704,1714,6,502,2017,4,1,5,3.5,59331,6,0,2,1,0,1,0
45645989,3763,779,7,268,2013,9,1,2,2.5,124912,4,0,1,1,0,14,12
45744836,19757,798.780396435111,4,828,2014,1,1,5,1.6,96000,4,1,1,0,0,1,6
45654919,1725,1363,6,605,2012,4,1,1,4.6,180659,8,0,0,1,0,1,12
45732991,20883,640,4,748,2013,9,1,5,2,126655,4,0,1,1,0,7,4
45618106,8938,1399,6,361,2010,9,1,1,3.5,256914,6,0,0,1,0,7,12
45209840,29793,757.14552238806,7,268,2015,9,1,2,2.5,85000,4,3,1,1,0,1,10
45801783,6272,1025.35710856228,7,680,1995,4,0,0,2,0,4,0,0,0,1,2,0
45789074,11917,872.02838865217,7,850,2008,3,1,5,1.5,95000,4,3,1,1,1,14,4
45790955,28225,595.03007518797,2,465,2016,9,0,5,2.5,70500,4,0,1,1,0,1,8
45776156,32302,798.780396435111,4,163,2012,9,1,5,3,122000,6,0,1,1,0,14,12
45733614,53282,1017,4,748,2017,9,1,5,2,37844,4,0,1,1,0,14,4
45796736,15994,595,2,465,2015,9,1,5,1.5,163711,4,0,1,1,0,1,12
45661647,22894,1273,6,605,2015,4,1,1,3.5,79080,6,0,0,1,0,7,12
45802845,14069,1174,4,733,2020,4,1,1,2.2,25468,4,0,1,1,0,14,4
45787409,14740,862,7,268,2011,9,1,5,2.5,208000,6,2,0,1,0,1,10
45787118,14583,582.788167938931,7,643,2010,9,0,2,1.8,208000,4,3,1,1,0,5,6
45803044,41553,891,4,733,2016,4,1,1,2,145339,4,0,1,1,0,1,4
45806363,34497,919,0,94,2012,9,1,5,3,124000,6,2,0,1,0,14,16
45569390,20385,779,7,268,2013,9,1,5,2.5,102000,4,2,1,1,0,2,10
44781284,30420,765,2,808,2015,6,0,1,2,120000,4,1,1,1,0,14,2
45803080,56845,1017,4,733,2017,4,1,1,2,88000,4,0,1,1,0,7,4
45797457,22580,891,4,387,2016,9,1,5,2,52000,4,0,1,1,0,1,0
45760091,6743,397,5,258,2016,3,1,2,1.8,71904,4,0,1,1,0,14,0
45645027,2901,503,3,293,2012,9,1,2,1.5,146403,4,0,1,1,0,14,0
45649985,784,394,7,268,2014,9,1,2,2.5,102397,4,0,1,1,0,1,12
45757675,7527,934,7,268,2015,9,1,5,2.5,151610,4,0,1,1,0,14,12
45809628,30602,609,3,425,2016,10,1,5,1.3,16714,4,0,1,1,0,1,4
45642449,3763,779,7,268,2013,9,1,2,2.5,124912,4,0,1,1,0,14,12
45749301,7840,1026.00733117836,3,406,2004,7,0,5,3,219000,6,0,1,1,1,1,6
45803726,27827,765,4,817,2015,4,1,1,2,161388,4,0,1,1,0,14,4
45774561,16000,1711.27272727273,0,871,2004,4,1,5,3,300000,6,2,0,1,0,12,10
45802596,35237,639,4,733,2014,4,1,1,2,170623,4,0,1,1,0,14,4
45771914,470,645,7,643,2011,9,1,2,1.8,353606,4,0,1,1,0,7,12
45803129,11604,1017,4,748,2017,9,1,4,2,345316,4,0,1,1,0,8,4
45798300,32929,880,4,387,2018,9,1,5,1.6,54865,4,0,1,1,0,7,4
45803952,19657,707,4,817,2011,4,1,1,2,129000,4,0,1,1,0,7,4
45797193,16954,836,4,522,2010,1,1,5,2,170340,4,0,1,1,0,1,4
45808902,14069,1228,2,421,2018,4,1,5,2.3,14263,4,0,1,1,0,14,4
45644451,1098,394,7,268,2014,9,1,2,2.5,398069,4,0,1,1,0,1,12
45802219,41654,1091,4,526,2016,7,1,1,2.5,41000,4,0,1,1,0,14,4
45803614,19441,1024,4,526,2010,7,1,1,2.5,82111,4,0,1,1,0,14,4
45769193,9879,1018,6,361,2011,9,1,1,3,273186,6,0,2,1,0,14,12
44960548,11290,746,7,643,2009,3,0,2,1.5,99000,4,0,1,1,0,6,8
45764946,392,1514,5,517,2011,9,1,5,4.6,202048,8,0,0,1,0,14,0
45580471,11800,1296,7,268,2008,9,1,2,2.4,171200,4,0,1,1,0,0,12
45800806,7527,2084,2,799,1995,6,0,1,2.5,111111,4,1,2,1,0,15,2
45646999,1098,394,7,268,2014,9,1,2,2.5,398069,4,0,1,1,0,1,12
45813859,941,640,2,465,2013,9,1,2,2,294016,4,0,1,1,0,14,12
45525177,2195,1079,7,220,2018,4,1,5,2,22816,4,0,1,1,0,7,12
45769967,314,2410,6,361,2010,9,1,5,2,274771,8,0,2,1,0,14,12
44684078,13799,746,7,644,2008,9,1,2,1.5,145000,4,3,1,1,0,7,12
45730900,16280,836,4,522,2010,1,1,5,2,158663,4,0,1,1,0,7,4
45731062,30326,1091,4,526,2016,10,1,1,2.5,40877,4,0,1,1,0,7,4
45783822,7840,1429.8433516297,6,351,1998,9,1,0,2.8,3200,6,0,0,1,0,1,6
45816351,6,595,7,651,2015,3,1,5,1.5,105600,4,0,1,1,0,1,12
45813907,11447,1172,6,361,2011,9,1,5,3.5,248525,6,0,0,1,0,7,12
45779769,16308,625.709923664122,1,317,2012,9,0,5,1.4,163000,4,2,1,1,0,1,8
45769754,2430,1598,6,361,2008,9,1,1,3,175614,6,0,2,1,0,1,12
45803033,53188,1079,4,733,2018,4,1,1,2,47692,4,0,1,1,0,1,4
45808430,6272,1599.33333333333,3,425,2002,3,0,5,1.3,161000,4,0,1,1,1,11,4
45769115,7840,1529,0,30,2000,9,0,0,1.9,0,4,1,2,1,0,12,8
45652392,26657,919,6,605,2012,4,1,1,3,271701,6,0,0,1,0,14,12
45769082,392,1017,6,355,2017,9,1,5,2,1600,4,0,2,1,0,1,12
45642718,282,640,2,465,2013,9,1,2,2,174619,4,0,1,1,0,7,0
45675483,21326,586,7,665,2012,10,1,2,1.8,197000,4,3,1,1,0,0,8
45793345,23521,696,6,837,2013,7,0,1,2.2,167000,4,1,2,1,0,14,2
45802129,17054,862,4,526,2011,10,1,1,2.5,237853,4,0,1,1,0,12,4
45760911,5018,431,4,748,2016,9,1,2,2,71218,4,0,1,1,0,1,0
45754198,706,934,7,268,2015,9,1,5,2.5,82160,4,0,1,1,0,9,12
45785703,7840,862,6,244,2005,0,0,5,2,156470,12,0,2,1,0,1,12
45642337,784,394,7,268,2014,9,1,2,2.5,102397,4,0,1,1,0,1,12
45767818,10036,2467,0,56,2001,1,1,5,3,330000,6,1,2,0,0,2,4
45732939,8311,642,4,748,2012,9,1,4,2,36545,4,0,1,1,0,14,4
44565365,32929,582.788167938931,7,643,2016,3,0,2,1.6,85000,4,0,1,1,0,14,12
45804395,12544,1024,2,465,2010,9,1,2,2.5,180973,4,0,1,1,0,2,0
45809361,45825,400,7,145,2018,10,1,2,1.5,9942,4,0,1,1,0,7,4
45799613,17249,1429.8433516297,6,598,2002,4,1,1,2.7,288578,5,2,0,1,0,2,10
45765502,94,1017,6,355,2017,9,1,5,2,1600,4,0,2,1,0,1,12
45812796,21169,1051,4,748,2016,9,0,5,2.4,60000,6,2,1,1,0,1,8
45803401,9252,765,4,748,2015,9,1,4,2,128965,4,0,1,1,0,8,4
37784235,31047,798.780396435111,4,557,2011,4,0,5,2,118023,4,2,0,1,0,12,12
45816551,4077,1451.8,7,680,2001,4,0,5,2,250000,4,1,1,0,0,6,8
45652895,282,753,4,748,2012,9,1,2,2.4,93816,4,0,1,1,0,1,0
45476077,7840,1026.00733117836,3,295,2003,9,0,0,1.5,0,4,0,1,1,1,14,4
45018680,17876,584,4,387,2014,9,0,5,1.8,155360,4,2,1,1,0,7,6
45815128,6899,1273,7,157,2015,9,1,5,3.5,122418,6,0,1,1,0,2,12
45646984,549,1058,6,209,2012,1,1,5,3.5,256958,6,0,2,0,0,14,12
45806548,16935,1493,7,535,2016,4,1,5,3.5,0,6,0,1,1,0,12,12
45648475,16621,915,0,871,2014,4,1,1,3,110715,6,0,0,1,0,14,0
45814029,8781,1529,0,30,2001,9,0,5,1.9,159344,4,2,2,1,1,12,6
45809304,16960,595,3,425,2015,3,1,5,1.5,131455,4,0,1,1,0,2,4
45729656,28830,528,4,387,2014,9,1,1,1.6,83147,4,0,1,1,0,14,4
45813466,627,640,0,84,2013,9,1,5,2,0,4,0,2,1,0,12,12
45772335,3763,584,4,387,2014,9,1,5,1.8,110685,4,0,1,1,0,14,12
45786982,9722,2084,2,799,1996,6,0,1,2.5,270000,4,1,2,1,0,13,2
45806551,40769,1171.41025641026,7,535,2010,4,1,5,3.5,225600,6,2,1,1,0,12,6
45796663,20385,530,2,465,2013,9,1,5,1.6,129600,4,2,1,1,0,4,12
45797571,14301,781,4,526,2012,7,1,1,2.5,59304,4,0,1,1,0,12,4
45813046,2587,749,4,748,2014,9,1,5,2.4,244266,4,0,1,1,0,2,12
45813369,706,640,0,84,2013,9,1,5,2,140944,4,0,0,1,0,7,12
45802162,30517,777,4,526,2014,7,1,1,2.5,151854,4,0,1,1,0,7,4
45803953,18647,707,4,817,2011,4,1,1,2,192085,4,0,1,1,0,7,4
44343992,14069,2010.5,6,726,2010,9,1,5,2,183000,8,0,2,1,0,7,12
45772059,549,1481,2,452,2006,9,1,5,2,240746,4,0,1,1,0,1,12
45771805,14897,1091,7,680,2016,4,1,5,2.5,41019,4,0,0,1,0,12,12
45806741,20385,1017,4,387,2017,9,0,5,2,89000,4,0,1,1,0,2,6
45804838,37125,1017,4,817,2017,4,1,1,2,169031,4,0,1,1,0,1,4
45797777,19384,583,4,387,2011,9,1,5,1.6,124892,4,0,1,1,0,14,4
45618047,68994,1493,6,502,2016,4,1,5,3.5,117368,6,0,0,1,0,1,0
45068305,14740,642,4,547,2012,8,1,5,2,156000,4,0,1,1,0,14,8
45732638,15530,891,4,748,2016,9,1,4,2,301827,4,0,1,1,0,12,4
45555779,42337,1211,0,891,2010,4,1,5,3,171000,6,2,0,1,0,1,16
45797881,25089,1347,4,526,2008,7,1,1,2.5,93042,4,0,1,1,0,15,4
45656892,470,586,7,643,2012,3,1,2,1.8,373634,4,0,1,1,0,14,12
45762954,125,1324,7,535,2010,4,1,2,3.3,316912,6,0,0,1,0,2,12
45767115,2509,1529,0,30,1995,3,0,5,2,0,6,1,2,0,0,1,0
45809930,46866,697,3,293,2015,9,1,5,1.8,24696,4,0,1,1,0,11,4
45732996,26262,1292,4,748,2016,9,1,4,3,153616,4,0,1,1,0,12,4
45652368,22894,1273,6,605,2015,4,1,1,3.5,79080,6,0,0,1,0,7,12
45806385,16308,1017,2,452,2017,9,0,5,2,48000,4,0,1,1,0,11,12
45646882,3607,1104,0,871,2015,4,1,1,3,201056,6,0,0,1,0,1,0
45657114,5372,742,3,293,2008,9,0,2,1.3,162123,4,0,1,1,0,12,8
45776884,5331,1527,6,174,1999,9,0,0,1.8,0,4,2,2,1,1,2,2
45757754,470,645,5,258,2011,3,1,2,1.8,32974,4,0,1,1,0,12,0
45769797,46728,1811,5,516,2010,4,1,5,4.6,260771,8,0,0,1,0,1,0
44875343,17249,1711.27272727273,0,871,2005,4,1,5,3,196000,6,2,0,1,0,3,8
45760084,627,586,5,258,2012,3,1,2,1.8,142394,4,0,1,1,0,14,0
45739626,32929,966.724137931034,0,94,2012,9,1,5,3,164800,6,2,2,1,0,14,12
45777042,25089,757.14552238806,7,268,2013,9,0,2,2.5,122080,4,2,2,1,0,1,8
44719295,10663,1268,7,145,2012,3,1,2,1.5,122000,4,3,1,1,1,11,2
45433270,18817,333,2,214,2014,3,0,2,2,44000,4,3,1,1,0,12,8
45348551,16621,653.833333333333,4,392,2012,9,1,5,1.8,182400,4,1,1,1,0,7,8
45793545,6241,1282,1,289,2007,4,1,1,2,67435,4,0,1,1,0,12,4
45808835,23521,1017,2,458,2017,9,1,5,2,100800,4,2,1,1,0,14,0
45804518,22357,707,4,817,2011,4,1,1,2,184067,4,0,1,1,0,7,4
44925464,14113,1185,2,412,2009,4,1,2,2.5,143131,4,0,1,1,0,12,8
45809227,16750,382,3,425,2017,3,1,2,1.5,110050,4,0,1,1,0,14,4
45646557,549,640,0,50,2013,9,1,5,2,209027,4,0,0,1,0,14,12
45664605,1176,751,4,748,2013,9,1,2,2.4,216208,4,0,1,1,0,2,0
45757107,6899,939.882352941176,7,849,2001,9,0,5,1.3,190500,4,0,1,1,0,9,4
45549477,45473,788.140435835351,4,817,2017,4,0,5,1.6,17000,4,2,0,1,0,1,10
45801591,20266,528,4,387,2014,9,1,1,1.6,138598,4,0,1,1,0,14,4
45772688,30734,2151,5,517,2009,4,1,5,2,264339,8,0,0,1,0,1,0
45790151,15053,1888,0,87,2004,9,1,5,3,201000,6,2,2,1,0,1,8
45781746,17249,1701.21052631579,6,605,2005,4,1,5,3.7,280000,6,2,0,1,0,12,8
45648057,1098,394,7,268,2014,9,1,2,2.5,398069,4,0,1,1,0,1,12
45810668,12000,1132,7,643,2006,3,1,2,1.5,115000,4,0,1,1,0,12,12
45789823,17249,1684.925,6,361,2006,9,1,0,3.5,167563,6,2,0,1,0,3,12
45343340,17562,582.788167938931,7,643,2010,3,1,2,1.8,192000,4,0,1,1,0,1,8
45765636,1568,1172,6,361,2011,1,1,1,3.5,226251,6,0,2,0,0,1,12
45810995,26030,1811,5,516,2010,4,1,5,4.6,155821,8,0,0,1,0,1,12
45732057,28780,707,4,733,2011,4,1,1,2,129129,4,0,1,1,0,12,4
45813151,220,919,6,605,2012,4,1,1,3,209072,6,0,0,1,0,7,12
44923002,14700,888.488372093023,7,643,2009,3,1,2,1.8,249600,4,3,1,1,0,1,6
45641645,392,781,7,268,2012,9,1,2,2.5,314373,4,0,1,1,0,7,12
45763769,54568,1360,5,517,2013,4,1,5,4.6,202651,8,0,0,1,0,1,0
45788857,21953,582.788167938931,7,643,2015,9,0,2,1.8,67200,4,0,1,1,0,1,8
45770300,1411,1624,6,361,2009,9,1,1,3.5,266061,6,0,0,1,0,1,12
45766466,314,1624,6,361,2009,9,1,1,3.5,266061,6,0,0,1,0,1,12
45780106,17562,779,7,268,2013,9,0,5,2.5,140328,4,0,1,1,0,1,0
45584191,13485,843,7,643,2008,3,1,2,1.5,137000,4,3,1,1,0,2,12
45802331,29636,862,4,526,2011,7,1,1,2.5,38283,4,0,1,1,0,12,4
45732986,13953,836,4,748,2010,9,1,5,2,176635,4,0,1,1,0,12,4
44789526,42337,1338.90845620294,0,86,2013,9,1,5,2,176000,4,2,2,1,0,14,12
45757976,30,1599.33333333333,3,425,2004,3,0,5,1.3,155000,4,3,1,1,1,12,4
45770951,188,308,7,643,2014,4,1,2,1.8,187334,4,0,1,1,0,14,12
45548904,20385,834.25,7,283,2012,9,1,5,2.5,65990,4,2,1,1,0,1,12
45655742,220,1399,5,701,2010,4,1,2,3.5,317470,6,0,0,1,0,7,12
45794425,36692,540.146341463415,5,258,2014,3,1,2,1.8,82000,4,2,1,1,0,14,10
45525165,10349,1079,7,220,2018,4,1,5,2,38712,4,0,1,1,0,14,12
45638145,8781,431,2,465,2016,9,1,2,2,194974,4,0,1,1,0,1,0
45758444,5000,1115,2,384,2007,4,0,5,3.5,120000,6,0,1,1,0,7,6
45185567,17249,753,4,753,2012,9,1,2,2.4,128300,4,2,1,1,0,4,8
45766602,314,1017,6,355,2017,9,1,1,2,26802,4,0,2,1,0,1,12
44828663,34497,1222.57819905213,6,361,2010,1,1,5,3.5,200000,6,2,2,0,0,14,8
45641979,862,394,7,268,2014,9,1,2,2.5,130478,4,0,1,1,0,14,12
45785527,13172,888.488372093023,7,643,2007,9,0,2,1.5,336000,4,0,1,1,0,14,10
45761458,61154,1481,0,871,2017,4,1,5,3,48000,6,2,0,1,0,5,12
45370085,16308,779,2,465,2013,9,0,5,2.5,71000,4,0,1,1,0,14,12
45803074,37232,640,4,733,2013,4,1,1,2,144950,4,0,1,1,0,7,4
45806347,23207,917,6,605,2013,4,1,1,3,114491,6,0,0,1,0,14,12
45732988,17158,707,4,748,2011,9,1,5,2,129085,4,0,1,1,0,1,4
45803530,9408,640,4,748,2013,9,1,4,2,48595,4,0,1,1,0,12,4
45732342,37574,639,4,733,2014,4,1,1,2,159124,4,0,1,1,0,14,4
45793117,6209,687,1,317,2010,9,1,5,1.6,47829,4,0,1,1,0,1,4
45732737,10036,639,4,748,2014,9,1,4,2,353049,4,0,1,1,0,12,4
45793278,5488,686,1,317,2010,9,1,5,1.6,58221,4,0,1,1,0,12,4
45803205,19914,891,4,748,2016,9,1,4,2,282099,4,0,1,1,0,14,4
45782025,24775,753,3,312,2012,4,0,5,2.4,104852,4,2,0,1,0,12,8
45772781,470,2225,5,516,2017,4,1,5,4.6,69918,8,0,0,1,0,14,0
45782086,9095,862,6,188,2000,9,0,5,2.6,27000,6,2,2,1,0,2,4
45769272,1882,1053,6,361,2014,9,1,5,3.5,146395,6,0,2,1,0,7,12
45777845,5645,862,0,73,1999,9,0,5,2.5,0,6,2,2,1,1,12,4
45772932,22580,1017,6,355,2017,9,1,5,2,50930,4,0,2,1,0,1,12
45804892,35344,770,4,817,2016,4,1,1,1.7,114435,4,0,1,1,0,14,4
45815384,8154,1429.8433516297,6,180,2001,1,0,4,2,173000,4,2,2,0,1,7,6
44902787,18817,1338.90845620294,0,888,2004,4,1,5,4.4,185000,8,2,0,1,0,1,8
45647772,11133,394,7,268,2014,9,1,2,2.5,179381,4,0,1,1,0,1,12
45810190,18500,639,1,620,2014,9,1,5,2,143293,4,0,1,1,0,1,4
45511897,12231,658,3,560,2009,9,0,2,1.3,244800,4,2,1,1,0,12,6
45694915,21330,582.788167938931,7,643,2013,3,0,2,1.8,216386,6,0,1,1,0,14,6
45614784,16308,1451.8,7,680,2006,4,0,5,2.4,304000,4,0,0,1,0,6,0
45771915,627,1058,6,361,2012,9,1,1,3.5,318285,6,0,0,1,0,1,12
45760186,52059,1363,5,516,2012,4,1,5,4.6,229334,8,0,0,1,0,1,0
45797208,34877,810,4,387,2016,9,1,5,1.8,70220,4,0,1,1,0,12,4
45809602,10506,642,1,317,2012,9,1,1,2,355272,4,0,1,1,0,1,4
44959209,20385,586,7,643,2012,9,0,2,1.8,95992,4,3,1,1,0,14,0
45712449,47042,1249,7,680,2017,4,0,5,2.5,16500,4,0,0,1,0,7,12
45768102,6586,259,1,853,2014,3,1,2,1.4,112123,4,0,1,1,0,12,0
45393935,10976,1266,3,425,2014,3,0,2,1.5,114000,4,0,0,1,1,12,12
45718610,11917,888.488372093023,7,643,2006,3,0,2,1.4,173000,4,3,1,1,0,7,8
45761049,19444,518,7,680,2016,4,1,2,2.5,47453,4,0,0,1,0,12,10
45781889,11604,1515,6,184,2004,9,1,1,2.2,1234,4,0,2,1,0,1,0
45792962,50178,1249,7,680,2017,4,1,5,2.5,60000,4,0,0,1,0,12,12
45789103,8467,1553.57142857143,6,177,2000,9,1,5,2,260000,4,1,2,1,0,12,6
45815001,941,777,7,268,2014,9,1,5,2.5,202355,4,0,1,1,0,11,12
45791986,11290,831,3,141,2018,9,1,5,1.5,60062,4,0,1,1,0,1,12
45806562,4234,1249,7,268,2017,9,1,5,2.5,48035,4,0,1,1,0,11,12
45410055,24462,377.528,1,853,2012,9,0,6,1.4,160000,4,0,1,1,0,14,10
45796777,18500,862,4,526,2011,10,1,1,2.5,222604,4,0,1,1,0,1,4
45798238,31581,880,4,387,2018,9,1,5,1.6,52000,4,0,1,1,0,11,4
45768990,2038,353,7,643,2015,4,1,2,1.8,104795,4,0,1,1,0,14,12
45781870,12544,586,4,397,2012,9,0,5,1.8,158000,4,2,1,1,0,7,10
45732954,7683,707,4,748,2011,9,1,4,2,91222,4,0,1,1,0,14,4
45781864,8154,1111,3,462,2012,3,0,5,1.3,116000,4,3,1,1,1,14,10
45642682,862,394,7,268,2014,9,1,2,2.5,130478,4,0,1,1,0,14,12
45667168,12858,1408,2,799,2007,6,0,1,2.2,175000,4,1,1,1,0,14,2
45803015,19309,836,4,733,2010,4,1,1,2,243551,4,0,1,1,0,1,4
45651298,40769,463,7,643,2018,3,1,2,1.8,2102,4,0,1,1,0,14,12
45813716,17562,598.5,4,827,2013,3,1,5,1.6,161600,4,2,1,0,0,14,0
45803526,11290,765,4,748,2015,9,1,4,2,461965,4,0,1,1,0,1,4
45815150,51746,1020.57819905213,0,871,2011,4,1,1,3,239000,6,0,0,1,0,1,12
45700700,18817,1271.22222222222,7,268,2007,9,1,2,2.4,151000,4,3,1,1,0,1,10
45771752,40,888.488372093023,7,643,2008,3,0,2,1.5,200000,4,3,1,1,0,14,4
45815237,5959,781,7,680,2012,4,0,5,2.5,159901,4,0,1,1,0,3,12
45618009,16308,765,6,498,2015,4,1,5,2,155317,4,0,0,1,0,14,0
45767894,14740,761,7,643,2010,9,0,2,1.8,260000,4,0,1,1,0,14,6
45803052,42717,1017,4,733,2017,4,1,1,2,72040,4,0,1,1,0,2,4
45748270,19444,1521.27188940092,6,769,1999,6,0,1,2.9,0,4,1,2,2,0,14,2
45792133,50178,757.14552238806,7,268,2018,9,1,5,2.5,60000,6,2,1,1,0,1,10
44526249,24462,757.14552238806,7,268,2013,9,0,2,2.5,168000,4,0,1,1,0,7,10
45793475,11917,833,1,289,2010,4,1,1,2,62147,4,0,1,1,0,1,4
45800581,9408,893,7,643,2008,9,0,2,1.6,18000,1,0,0,1,0,13,1
45684787,19444,788.140435835351,4,817,2012,4,1,5,2.4,0,4,2,1,1,0,14,6
45802204,37066,1091,4,526,2016,7,1,1,2.5,91804,4,0,1,1,0,12,4
45656796,2509,1399,5,701,2010,4,1,2,3.5,315270,6,0,0,1,0,7,12
45810467,15125,642,1,639,2012,4,1,1,2,201892,4,0,1,1,0,7,4
45809156,22549,769,1,289,2011,4,1,1,2.2,134498,4,0,1,1,0,7,4
45798762,25089,1399,3,638,2010,7,1,5,3.5,135000,6,0,1,1,0,14,8
45769162,3293,1659,7,822,2014,9,1,5,2,0,8,0,0,1,0,14,12
45803237,15681,891,4,748,2016,9,1,4,2,256768,4,0,1,1,0,12,4
45808906,1000,1141,3,404,2012,9,0,5,0.1,5000,1,0,2,1,0,1,0
45756915,9408,645,1,317,2011,9,0,5,1.8,28000,4,1,1,1,0,12,12
45762601,157,831,4,748,2011,9,1,2,2.4,0,4,0,1,1,0,12,0
45815405,3136,781,7,268,2012,9,1,2,2.5,268683,4,0,1,1,0,2,12
45784359,10663,872.02838865217,7,624,2006,9,0,5,2.5,106000,6,2,2,1,1,14,6
45764685,11447,308,5,258,2014,3,1,2,1.8,132563,4,0,1,1,0,11,0
45802123,65040,1327,4,526,2018,10,1,1,2.5,26501,4,0,1,1,0,15,4
45621758,157,1451,0,871,2011,9,1,5,4.4,139363,8,0,0,1,0,1,0
45816552,627,640,4,733,2013,4,1,5,2,219070,4,0,0,1,0,7,12
45763999,40000,1269,0,891,2009,4,1,5,4.4,158000,8,2,0,1,0,0,12
45797945,17158,530,4,387,2013,9,1,5,1.6,117500,4,0,1,1,0,7,4
45801644,19679,583,4,387,2011,9,1,5,1.6,133783,4,0,1,1,0,7,4
45772010,32302,1604,6,361,2014,9,1,5,2,101424,8,0,0,1,0,7,12
45642326,392,779,7,268,2013,9,1,2,2.5,232032,4,0,1,1,0,12,12
45732645,13172,891,4,748,2016,9,1,4,2,516176,4,0,1,1,0,8,4
45668580,48610,1327,7,680,2018,4,0,5,2.5,40000,4,2,0,1,0,14,12
45803871,28617,639,4,817,2014,4,1,1,2,120272,4,0,1,1,0,14,4
45769285,2430,1598,6,361,2008,9,1,1,3,175614,6,0,2,1,0,1,12
45815230,470,2070,7,70,2018,4,1,5,4,58971,6,0,0,1,0,12,12
45797314,37000,777,4,526,2014,7,1,1,2.5,120804,4,0,1,1,0,12,4
45771963,706,761,7,643,2010,4,1,2,1.8,221760,4,0,1,1,0,2,12
45796642,7213,1599.33333333333,3,425,2005,3,0,5,1.3,121757,4,3,1,1,1,13,2
45731537,44247,1091,4,526,2016,10,1,1,2.5,51831,4,0,1,1,0,7,4
45757658,11917,1714,2,420,2017,4,1,5,3.5,130499,6,0,2,1,0,1,12
45769953,470,1399,6,361,2010,9,1,5,3.5,229904,6,0,0,1,0,1,12
45812970,784,1511,4,522,2010,1,1,5,3.8,189194,6,0,2,0,0,14,12
45618012,11133,765,6,498,2015,4,1,5,2,99542,4,0,0,1,0,14,0
45793128,17249,896.105072463768,0,84,1992,9,1,5,2.8,1000,6,1,2,1,0,1,2
45793032,13000,1342.66873449132,6,837,1997,6,0,4,2,170000,6,1,1,0,0,11,2
45802206,36834,1091,4,526,2016,7,1,1,2.5,135884,4,0,1,1,0,12,4
42793108,7997,1599.33333333333,3,425,2005,3,0,5,1.3,172000,4,0,1,1,1,1,4
45781326,14113,584,6,191,2014,9,1,5,1.8,81600,4,2,2,1,0,2,12
45733722,50341,891,4,748,2016,9,1,5,2,36215,4,0,1,1,0,2,4
45792354,26657,1338.90845620294,0,866,2011,4,0,1,1.8,70000,4,2,0,1,0,14,6
45770022,68681,1493,6,502,2016,4,1,5,3.5,117368,6,0,0,1,0,1,0
45792748,9092,530,1,162,2012,9,1,5,1.6,30089,4,0,1,1,0,1,4
45742237,30,741.884259259259,3,425,2010,3,0,5,1.3,139000,4,0,1,1,1,1,6
45715397,29793,1690.85714285714,6,769,2004,6,0,1,2.2,371500,4,1,0,1,0,14,2
45770033,1019,1537,7,535,2009,9,1,2,3.3,318358,6,0,0,1,0,1,12
45802007,21395,1266,4,522,2011,1,1,5,3.8,135746,4,0,1,1,0,7,4
45770565,26030,788.140435835351,4,817,2011,4,1,5,2,104000,4,0,0,1,0,3,2
45804794,39891,765,4,817,2015,4,1,1,2,80687,4,0,1,1,0,14,4
45768887,25089,1037.33333333333,0,57,2010,9,1,1,3,197000,6,2,2,1,0,1,8
45761434,14113,642,2,214,2012,3,1,2,2,203770,4,0,1,1,0,11,10
45793145,7370,961,1,317,2009,9,1,1,2,66630,4,0,1,1,0,1,4
45803305,7056,765,4,748,2015,9,1,4,2,380070,4,0,1,1,0,8,4
45771390,21012,455.705882352941,7,651,2013,3,0,2,1.5,51200,4,0,1,1,0,12,16
45787452,11917,1468,2,409,2007,4,0,2,2.3,251200,4,0,0,1,0,0,6
45801612,20005,531,4,387,2012,9,1,5,1.6,147718,4,0,1,1,0,12,4
45733398,54167,1017,4,748,2017,9,1,5,2,34900,4,0,1,1,0,1,4
45767770,10663,1246,2,409,2008,4,1,2,2.3,161000,4,0,1,1,0,14,4
45804051,47205,930,4,817,2018,4,1,1,1.7,46764,4,0,1,1,0,2,4
45771444,470,1017,6,355,2017,9,1,5,2,35874,4,0,0,1,0,1,12
45793696,17876,1684.925,6,361,2006,9,1,5,3.5,177000,6,2,2,1,0,12,12
45804427,38060,1811,5,572,2010,9,1,5,4.6,108171,4,0,1,1,0,12,4
45809266,32104,696,1,289,2013,4,1,1,2.2,86359,4,0,1,1,0,7,4
45775385,25089,2469,0,871,2004,4,1,1,3,248000,6,2,0,1,0,14,0
45648656,2038,1172,6,605,2011,4,1,1,3.5,186542,6,0,0,1,0,14,12
45771901,4391,584,7,298,2014,9,1,5,1.8,169141,4,0,1,1,0,12,12
45664654,470,753,4,748,2012,9,1,2,2.4,202864,4,0,1,1,0,2,0
45803013,19309,911,4,733,2010,4,1,1,2.2,185987,4,0,1,1,0,14,4
45749568,30,1599.33333333333,3,425,2005,3,0,5,1.3,0,4,0,1,1,1,12,4
45763150,94,448,3,560,2012,3,1,2,1.3,0,4,0,1,1,0,12,0
44061557,15000,1552,3,739,2015,3,0,2,1.5,42000,4,0,1,1,1,14,6
45809211,40092,765,2,794,2015,9,1,5,2,87704,4,0,1,1,0,1,4
45768354,706,761,7,643,2010,4,1,2,1.8,221760,4,0,1,1,0,2,12
45768552,15681,1811,5,516,2010,4,1,5,4.6,275240,8,0,0,1,0,12,0
45779762,14740,781,1,317,2018,9,0,5,1.4,0,4,0,1,1,0,12,0
45792647,17249,792.627815866797,4,748,2011,9,1,2,2.4,51600,4,2,1,1,0,11,8
45797136,16358,966,4,522,2009,1,1,5,2,125350,4,0,1,1,0,7,4
45744610,19444,1200.5737704918,1,289,2007,4,0,1,2,230000,4,1,0,1,0,7,6
45636893,17249,595,7,900,2015,9,0,5,1.5,78400,4,2,1,1,0,1,12
45722256,14069,915,0,871,2014,4,1,1,3,93000,6,2,0,1,0,14,0
45788474,20385,455.705882352941,7,651,2015,3,0,2,1.5,144000,4,0,1,1,0,1,10
45776644,16308,970.867153989687,2,453,2015,9,0,5,2,165616,4,0,1,1,0,1,6
45763345,470,765,4,817,2015,4,1,5,2,106442,4,0,1,1,0,14,0
45769630,11917,741.884259259259,3,425,2011,3,0,5,1.3,115000,4,0,1,1,1,12,4
45487601,23521,582.788167938931,7,643,2013,9,0,2,1.8,115000,4,3,1,1,0,13,12
45787874,80,792.627815866797,4,748,2012,9,0,2,2.4,67000,4,2,1,1,0,14,12
45798367,14069,1357.33333333333,6,495,2013,4,1,5,2,130000,8,2,0,1,0,1,12
45649897,20071,1292,6,502,2016,4,1,5,3,62938,6,0,0,1,0,1,12
45802944,12083,911,4,733,2010,4,1,1,2.2,68558,4,0,1,1,0,1,4
45793671,7683,1282,1,289,2007,4,1,1,2,62336,4,0,1,1,0,14,4
45762075,8624,1599.33333333333,3,425,2006,3,0,5,1.3,111111,4,3,0,1,1,1,0
45809638,16766,473,1,317,2014,9,1,5,1.4,127024,4,0,1,1,0,1,4
45768416,706,1646,5,516,2015,4,1,5,4.6,102907,8,0,0,1,0,1,0
45770711,6272,1338.90845620294,0,42,1995,9,0,5,2,354000,6,1,2,1,0,2,2
45811267,7997,1091,7,680,2016,4,1,5,2.5,95762,4,0,0,1,0,1,12
45769241,54568,1360,5,517,2013,4,1,5,4.6,202651,8,0,0,1,0,1,0
44650379,23521,1429.8433516297,6,246,2007,9,1,5,3.5,127000,8,2,2,1,0,12,8
45324361,30,582.788167938931,7,643,2015,3,1,2,1.8,1000,4,0,1,1,0,14,12
45715379,15367,900,4,748,2015,9,1,5,2.4,170000,4,2,1,1,0,3,10
45768361,15210,1076,4,387,2020,9,1,5,2,25038,4,0,1,1,0,7,12
45792313,6586,1599.33333333333,3,425,2004,3,0,4,1.3,245000,4,3,1,1,1,12,2
45696053,50178,1269,0,891,2010,4,1,5,3.5,165000,6,2,0,1,0,1,8
45762471,220,1024,2,465,2010,9,1,5,2.5,147790,4,0,1,1,0,2,12
45691887,11290,988,7,643,2007,3,0,2,1.5,212000,4,3,1,1,0,11,8
45797424,8643,1047,4,387,2007,9,1,1,1.6,120455,4,0,1,1,0,12,4
45666999,11133,1266,7,146,2014,3,0,2,1.5,104200,4,2,1,1,1,10,4
45815276,706,1055,6,605,2013,4,1,5,3.5,127416,6,0,0,1,0,14,12
45661085,157,919,6,605,2012,4,1,1,3,145227,6,0,0,1,0,7,12
45816584,10976,888.488372093023,7,643,2007,9,0,2,1.5,230000,8,0,1,1,0,14,8
45813530,627,761,7,643,2010,3,1,2,1.8,238469,4,0,1,1,0,11,0
45641734,9722,609,7,268,2018,9,1,2,2.5,127515,4,0,1,1,0,1,12
45789389,47042,1055,6,605,2013,4,1,5,3.5,85862,6,2,0,1,0,7,12
45809183,20469,1172,2,794,2011,9,1,5,3.5,139934,4,0,1,1,0,12,4
45809426,18616,769,1,289,2011,4,1,1,2.2,189000,4,0,1,1,0,1,4
45757562,2038,1091,7,680,2016,4,1,5,2.5,0,4,0,0,1,0,11,12
45577910,21326,639,2,465,2014,9,1,5,2,27579,4,2,1,1,0,4,12
35464629,7840,1111,3,425,2012,3,0,5,1.3,108000,4,0,1,1,1,2,6
45804781,40556,639,4,817,2014,4,1,1,2,75584,4,0,1,1,0,7,4
45768179,11447,308,5,258,2014,3,1,2,1.8,132563,4,0,1,1,0,11,0
45809568,28015,691,3,425,2017,3,1,5,1.3,85000,4,0,1,1,0,1,4
45162636,17249,753,4,748,2012,9,0,2,2.4,69805,4,2,1,1,0,1,12
45796771,19369,781,4,526,2012,10,1,1,2.5,205425,4,0,1,1,0,15,4
45720490,7840,1685,0,35,1998,10,1,4,2,0,6,0,2,1,0,12,4
45796175,20385,765,2,465,2015,9,0,5,2,128000,4,2,1,1,0,14,10
45803254,10349,639,4,748,2014,9,1,4,2,128965,4,0,1,1,0,14,4
45805526,19000,673.483990147783,4,387,2013,3,1,5,1.8,96500,4,2,1,1,0,7,6
45815397,282,645,7,643,2011,3,1,2,1.8,230939,4,0,1,1,0,2,12
42962815,14069,1549.7358490566,6,502,2016,4,1,5,2,29500,4,2,0,1,0,7,12
45797035,9408,836,4,522,2010,9,1,4,2,133225,4,0,1,1,0,1,4
45551019,15681,1211,6,25,2010,9,1,5,3,166400,6,0,2,1,0,1,8
45809099,10976,762.888888888889,7,896,2007,3,0,5,1.5,230400,4,0,1,0,0,7,4
45802189,34673,777,4,526,2014,7,1,1,2.5,117466,4,0,1,1,0,7,4
45442441,22580,792.627815866797,4,748,2014,9,1,2,2.4,95296,6,2,2,1,0,14,10
45650365,314,1750,7,535,2008,4,1,2,3.3,0,6,0,0,1,0,12,12
45799553,40,1599.33333333333,3,425,2003,3,0,5,1.5,209000,4,2,0,1,1,14,0
45809223,37062,765,1,289,2015,4,1,1,2,88392,4,0,1,1,0,14,4
45782087,15681,1338.90845620294,0,106,2003,9,1,4,4.4,250000,8,2,2,1,0,1,12
45573325,10036,888.488372093023,7,643,2007,3,0,2,1.5,77777,4,0,1,1,0,11,6
45061254,18189,377.528,1,853,2013,3,0,6,1.8,201193,4,0,1,1,0,11,4
45798733,23834,1711.27272727273,0,871,2009,4,1,5,3.5,1000,6,2,0,1,0,12,10
45510457,22894,792.627815866797,4,748,2012,9,1,2,2.4,88300,6,0,1,1,0,7,6
45794246,4704,1429.8433516297,6,331,1996,9,0,0,2,128965,4,1,2,1,0,12,4
45757277,47042,1646,5,517,2015,4,1,5,4.6,106918,8,0,0,1,0,1,0
45806004,34500,1682.5,6,722,2013,9,1,5,2,106000,8,0,0,1,0,1,12
45792067,17876,1077,4,817,2019,9,1,5,2,31200,4,0,0,1,0,2,12
45774862,12858,1701.21052631579,6,605,2003,4,1,5,3.5,273363,6,2,0,1,0,7,9
45797342,27755,836,4,522,2010,1,1,5,2,108981,4,0,1,1,0,15,4
45642788,5488,394,7,268,2014,9,1,2,2.5,109798,4,0,1,1,0,14,12
45561855,10036,749.991967871486,7,145,2012,3,0,2,1.5,141000,4,0,1,1,1,12,4
45789899,14113,761,2,797,2012,2,0,1,1.8,145000,4,1,1,0,0,14,2
45797168,16756,836,4,522,2010,1,1,5,2,191263,4,0,1,1,0,14,4
41883006,20385,595.03007518797,2,465,2014,9,0,5,2.5,148800,4,2,1,1,0,1,6
45645685,706,394,7,268,2014,9,1,2,2.5,115312,4,0,1,1,0,7,12
45767018,1568,502,3,425,2013,3,1,5,1.5,118232,4,0,1,1,0,12,12
45504433,16621,448,3,560,2012,3,0,5,1.3,172800,4,3,1,1,0,1,8
45814792,314,1053,6,361,2014,9,1,5,3.5,149486,6,0,0,1,0,12,12
45804539,22063,836,4,817,2010,4,1,1,2,216751,4,0,1,1,0,12,4
45746706,8938,1515,2,806,2005,2,0,1,1.8,189000,4,1,1,1,0,11,4
45647144,15053,2209,3,405,2011,7,1,5,2.4,132000,4,0,1,2,1,14,2
45683762,24775,781,7,286,2012,9,1,5,2.5,100000,4,2,1,1,0,12,12
45790378,17249,565.416666666667,2,214,2013,3,1,2,2,161000,4,0,1,1,0,7,12
45720776,12544,888.488372093023,7,643,2005,9,0,2,1.5,205000,4,3,1,1,0,12,8
45760082,34494,1598,6,599,2009,4,1,1,3,158000,6,2,0,1,0,1,8
45790261,13172,1711.27272727273,0,871,2003,4,1,5,3,1000,6,2,0,1,0,7,6
45809900,18422,503,7,145,2012,3,1,5,1.5,107000,4,0,1,1,0,2,4
45815334,18817,1429.8433516297,6,331,2008,9,1,1,2.2,0,4,0,2,1,0,14,4
45788376,18503,582.788167938931,7,643,2010,3,0,2,1.8,240000,4,0,1,1,0,14,7
45774373,10036,1051,3,312,2016,4,1,5,2.4,88968,4,0,0,1,0,1,12
45758092,2430,2151,5,517,2009,4,1,5,2,264339,8,0,0,1,0,1,0
45525921,18503,586,7,643,2012,9,1,2,1.8,89000,4,3,1,1,0,1,10
45649142,3450,607,7,268,2019,9,1,2,2.5,9626,4,0,1,1,0,1,12
45809072,15273,382,7,145,2017,3,1,2,1.5,86658,4,0,1,1,0,14,4
45811235,18189,1249,7,680,2017,4,1,5,2.5,55362,4,0,0,1,0,2,12
45780976,18817,582.788167938931,7,643,2012,3,0,5,1.8,230400,4,0,1,1,0,12,8
45733183,10663,765,4,748,2015,9,1,4,2,306922,4,0,1,1,0,12,4
45654413,5018,1399,5,701,2010,4,1,2,3.5,167222,6,0,0,1,0,1,12
45803338,11604,639,4,748,2014,9,1,4,2,402881,4,0,1,1,0,12,4
45772499,125,1750,7,535,2008,9,1,2,3.3,287274,6,0,0,1,0,14,12
45816296,2979,1018,0,871,2011,4,1,5,3,0,6,0,0,1,0,1,12
45653494,706,490,3,560,2011,3,1,2,1.3,288704,4,0,1,1,0,14,0
45805473,11917,1429.8433516297,6,164,2007,9,1,5,1.7,102000,4,0,1,1,0,1,11
45803947,21103,642,4,817,2012,4,1,1,2,119310,4,0,1,1,0,12,4
45660722,34811,690,5,701,2016,4,1,2,3.5,0,6,0,1,1,0,7,12
45715348,17249,502,7,651,2013,3,0,2,1.5,79000,4,0,1,1,0,7,8
45759862,12858,1363,5,516,2012,4,1,5,4.6,255406,8,0,0,1,0,1,0
45816284,13485,917,0,871,2013,4,1,5,3,168395,6,0,0,1,0,1,12
45776401,26657,2858,6,378,2008,9,1,5,2,162000,8,2,2,1,0,1,12
45780176,18189,1803.84615384615,5,696,2005,4,1,2,3.3,190000,6,3,0,1,0,12,8
45795373,8781,584,7,568,2002,3,0,5,1.3,190000,4,0,1,1,1,12,0
45769532,31047,1820,7,792,2019,9,1,5,3.5,17542,6,0,2,1,0,12,12
45803531,39201,1750,7,538,2009,4,1,2,3.3,68609,4,0,0,1,0,12,8
45815831,8311,1598,0,50,2000,1,0,5,2.8,230000,6,1,2,0,0,2,2
45803589,13172,891,4,748,2016,9,1,4,2,451634,4,0,1,1,0,8,4
45667814,21953,1690.85714285714,6,769,2006,6,0,1,2.9,300000,5,1,2,1,0,14,0
44804181,7700,1111,3,425,2012,3,0,5,1.3,81000,4,0,1,1,1,14,4
45640930,25089,915,0,871,2014,4,1,1,3,141384,6,0,0,1,0,2,0
45732713,10349,639,4,748,2014,9,1,4,2,128965,4,0,1,1,0,14,4
45488229,27598,1296,7,70,2007,4,1,5,2,128965,8,0,0,2,0,1,6
45802580,43548,833,4,733,2015,4,1,1,2.2,208082,4,0,1,1,0,14,4
45775575,28225,971.138888888889,6,201,2012,9,1,5,3,160000,6,2,0,1,0,12,16
45625903,10036,1018,0,871,2011,4,1,1,3,207694,6,0,0,1,0,1,0
45764233,220,1194,7,792,2013,4,1,5,4,239342,6,0,0,1,0,12,12
45810587,21796,1017,1,639,2017,4,1,4,2,27992,4,0,1,1,0,12,4
45812446,19757,582.788167938931,7,643,2012,9,0,2,1.8,128965,4,0,1,1,0,12,10
45797596,29793,1711.27272727273,0,871,2007,4,1,5,2,220000,8,2,0,1,0,1,12
45787221,11604,475,1,317,2012,9,1,5,1.4,158000,4,0,1,1,0,14,12
45801984,16160,531,4,387,2012,9,1,5,1.6,68976,4,0,1,1,0,14,4
45632000,282,640,2,465,2013,9,1,2,2,174619,4,0,1,1,0,7,0
45801836,14834,687,4,387,2010,9,1,5,1.6,87640,4,0,1,1,0,7,4
45814710,20385,455.705882352941,7,651,2014,3,0,2,1.5,60000,4,0,1,1,0,7,12
45786714,15053,751,4,748,2013,9,0,5,2.4,240000,4,2,1,1,0,1,10
45733227,7527,836,4,748,2010,9,1,4,2,89181,4,0,1,1,0,12,4
45769077,22580,1017,6,355,2017,9,1,5,2,50930,4,0,2,1,0,1,12
45732823,9252,765,4,748,2015,9,1,4,2,411260,4,0,1,1,0,8,4
45811098,470,761,7,643,2010,3,1,2,1.8,344434,4,0,1,1,0,12,12
45792363,29793,1711.27272727273,0,871,2009,4,1,1,3,10000,6,0,0,1,0,1,12
45701453,6893,1429.8433516297,6,230,1997,1,0,5,2,14000,4,1,2,0,0,1,2
45814907,9879,1058,7,535,2012,4,1,5,3.5,285186,6,0,1,1,0,7,12
45769155,862,1024,2,409,2010,4,1,2,2.5,174926,4,0,1,1,0,7,0
45720161,10349,1429.8433516297,6,350,2001,9,0,1,2.7,245000,5,2,2,1,0,1,10
45788811,3,1429.8433516297,6,235,2004,1,1,5,2.3,328000,4,1,2,0,0,2,0
45798523,18189,704.859649122807,2,452,2015,3,0,5,2,21000,4,1,1,1,0,4,10
45502205,26657,1018,0,84,2011,9,1,5,3,103000,6,2,2,1,0,1,10
45801648,19416,583,4,387,2011,9,1,5,1.6,141799,4,0,1,1,0,14,4
45670936,24148,1507.30769230769,6,837,2007,7,0,1,2.2,275000,4,2,2,1,0,12,7
45649794,18817,609,7,268,2018,9,1,2,2.5,35058,4,0,1,1,0,14,12
45815006,4077,781,7,268,2012,9,1,5,2.5,200870,4,0,1,1,0,12,12
45797718,22433,779,4,526,2013,7,1,1,2.5,69315,4,0,1,1,0,1,4
45773882,1176,781,2,465,2012,9,1,5,2.5,109536,4,0,1,1,0,7,12
45804857,25716,642,2,465,2012,9,1,2,2,145814,4,0,1,1,0,14,0
45798464,11917,888.488372093023,7,643,2008,9,0,2,1.5,200000,4,3,1,1,0,14,5
45731742,52696,1249,4,526,2017,10,1,1,2.5,93000,4,0,1,1,0,12,4
45794265,47042,1266.6,2,630,2016,1,1,5,2.3,80000,4,2,2,0,0,2,8
45548889,12231,888.488372093023,7,643,2007,3,0,2,1.5,141000,4,2,1,1,0,12,8
38696086,60,1599.33333333333,3,425,2006,3,0,5,1.3,11000,4,0,0,1,1,2,4
45758838,14113,888.488372093023,7,643,2008,9,0,2,1.5,280195,4,0,1,1,0,11,8
45809642,56509,1079,3,293,2018,9,1,5,2,26134,4,0,1,1,0,1,4
45646482,784,1646,5,516,2015,4,1,5,4.6,129931,8,0,0,1,0,1,0
45786809,7213,896.105072463768,0,84,1998,9,0,5,2.8,290000,6,1,2,1,0,6,4
45655991,282,1399,5,701,2010,4,1,2,3.5,311949,6,0,1,1,0,12,12
45766661,706,1646,5,516,2015,4,1,5,4.6,102907,8,0,0,1,0,1,0
45803378,7527,642,4,748,2012,9,1,4,2,453075,4,0,1,1,0,12,4
45802812,59087,1017,4,733,2017,4,1,1,2,101515,4,0,1,1,0,14,4
45733589,66815,1079,4,748,2018,9,1,5,2,40808,4,0,1,1,0,1,4
45733579,64463,1079,4,748,2018,9,1,5,2,25255,4,0,1,1,0,14,4
45503635,6272,2084,2,799,1994,6,0,1,2.5,111000,4,1,2,1,0,14,0
45803185,10349,639,4,748,2014,9,1,4,2,385149,4,0,1,1,0,1,4
45793367,16621,1338.90845620294,0,873,2003,10,1,5,3,260000,6,0,0,1,0,7,8
45810078,66482,784,3,293,2017,9,1,5,1.5,19539,4,0,1,1,0,1,4
45787320,1700,872.02838865217,7,307,1998,3,0,5,1.6,299999,4,0,1,1,1,14,0
45809732,220,707,4,387,2011,9,1,5,2,233720,4,0,1,1,0,1,12
45779209,27598,777,7,282,2014,9,1,5,2.5,193280,4,0,1,1,0,1,12
45764888,627,1172,6,361,2011,9,1,1,3.5,230696,6,0,0,1,0,1,12
45812569,1254,1051,1,407,2016,4,1,5,2.4,0,4,0,1,1,0,12,12
45731550,43655,1091,4,526,2016,10,1,1,2.5,133014,4,0,1,1,0,12,4
45810340,20542,642,1,620,2012,9,1,5,2,153136,4,0,1,1,0,1,4
45794463,14113,888.488372093023,7,643,2009,9,0,2,1.5,160000,6,0,1,1,0,7,6
45768189,1725,585,5,258,2013,3,1,2,1.8,188194,4,0,1,1,0,1,0
45760040,15053,1701.21052631579,6,605,2004,4,1,5,3.5,149000,6,0,0,1,0,1,2
44284487,54882,1429.8433516297,6,481,1995,4,1,1,3.2,213700,6,2,0,1,0,12,8
45802859,49858,639,4,733,2014,4,1,1,2,79769,4,0,1,1,0,7,4
45793835,17562,1231,6,835,2004,7,1,4,3.2,220000,6,0,2,1,1,14,6
45815125,392,1249,7,268,2017,9,1,5,2.5,63200,4,0,1,1,0,7,12
45788451,6272,1529,0,30,1998,9,0,5,1.9,0,4,1,2,1,0,1,4
45770121,46728,1811,5,516,2010,4,1,5,4.6,260771,8,0,0,1,0,1,0
45803110,9565,765,4,748,2015,9,1,4,2,32000,4,0,1,1,0,8,4
45768546,282,2455,5,517,2008,4,1,5,2,218126,8,0,0,1,0,1,0
45732377,20817,836,4,733,2010,4,1,1,2,183631,4,0,1,1,0,14,4
45769341,941,1750,7,535,2008,4,1,2,3.3,226094,6,0,0,1,0,14,12
45664596,1882,382,4,748,2014,9,1,2,2.4,247835,4,0,1,1,0,1,0
45769546,392,1017,6,355,2017,9,1,5,2,1600,4,0,2,1,0,1,12
45706042,46728,1079,7,220,2018,4,0,5,2,46000,4,2,1,1,0,7,12
45803447,12544,765,4,748,2015,9,1,4,2,371964,4,0,1,1,0,8,4
45804335,24738,586,5,258,2012,9,1,2,1.8,47286,4,0,1,1,0,7,4
45804662,49293,877,4,817,2017,4,1,1,1.7,39747,4,0,1,1,0,14,4
45781939,10976,1338.90845620294,0,24,2003,9,1,5,2.5,182000,6,2,2,1,0,7,6
45816311,54255,1481,0,871,2017,4,1,5,3,62256,6,0,2,1,0,3,12
45758196,17249,1018,0,94,2011,9,1,5,3,128086,6,0,2,1,0,12,0
45790391,15681,271,7,643,2014,3,0,2,1.5,54845,4,0,1,1,0,7,0
45801965,11604,583,4,387,2011,9,1,5,1.6,51211,4,0,1,1,0,1,4
44281806,6000,1917,6,133,2010,3,0,5,1.7,96000,4,0,1,1,1,12,2
45799721,15681,612.4,2,448,2015,3,0,5,1.6,113080,4,0,1,1,0,1,4
45767392,706,1850,6,361,2008,9,1,1,3.5,122874,6,0,2,1,0,1,12
45772886,314,1528,7,680,2007,4,1,5,2.4,390626,4,0,0,1,0,2,12
45781980,10036,843,7,643,2008,9,0,2,1.5,180000,4,0,1,1,0,1,0
45757478,40769,1527,6,174,1996,9,0,5,1.8,212485,8,1,2,1,0,6,2
45507111,15950,455.705882352941,7,651,2013,3,0,2,1.5,91200,2,0,1,1,0,7,6
45732983,18826,836,4,748,2010,9,1,5,2,125064,4,0,1,1,0,12,4
45804107,45210,877,4,817,2017,4,1,1,1.7,69088,4,0,1,1,0,1,4
45743511,20000,1533.25,2,799,2002,6,0,1,2.4,210500,4,1,2,0,0,14,0
45768526,125,1750,7,535,2008,9,1,2,3.3,287274,6,0,0,1,0,14,12
45732349,40443,639,4,733,2014,4,1,1,2,131690,4,0,1,1,0,7,4
45802135,38737,1091,4,526,2016,10,1,1,2.5,119552,4,0,1,1,0,12,4
45637602,18503,640,2,465,2013,9,1,5,2,89000,6,0,2,1,0,1,12
45815101,2352,779,7,268,2013,9,1,5,2.5,185699,4,0,1,1,0,14,12
45767912,19444,1507.30769230769,6,837,2003,6,1,1,2.3,126058,4,1,1,1,0,13,1
45789552,14113,1888,0,87,2003,9,1,5,3,223014,6,1,2,1,0,1,0
45797083,15289,836,4,522,2010,1,1,5,2,115363,4,0,1,1,0,11,4
45769981,24148,1338.90845620294,0,116,2005,0,1,5,4.4,222222,6,2,2,0,0,5,12
45736918,22423,792.627815866797,4,748,2013,9,1,5,2.4,182901,4,2,1,1,0,1,2
45019853,18503,1994.5,3,312,2007,4,0,5,2.4,88000,4,0,0,1,0,12,8
45810385,23994,730,1,639,2016,4,1,1,1.6,126104,4,0,1,1,0,14,4
44960962,27284,934,7,268,2015,9,1,5,2.5,75000,6,2,1,1,0,1,8
45804144,35438,1211,6,485,2010,4,1,1,3,240000,6,2,0,1,0,1,12
45757915,47042,1646,5,517,2015,4,1,5,4.6,106918,8,0,0,1,0,1,12
45816562,2117,810,4,387,2016,9,1,5,1.8,104270,4,0,1,1,0,14,12
45813432,706,1104,0,871,2015,4,1,5,3,77442,6,0,2,1,0,1,12
45813308,8781,1664,5,574,2013,4,1,5,2,211638,8,0,0,1,0,1,12
45679578,10349,1994.5,3,312,2002,4,1,5,2,200000,4,0,0,1,1,4,4
45733721,50018,1017,4,748,2017,9,1,5,2,61600,4,0,1,1,0,1,4
45778055,5018,862,6,188,1999,9,1,0,2.4,300800,6,2,2,1,0,1,6
45767438,314,2410,6,361,2010,9,1,1,2,274771,8,0,2,1,0,14,12
45742505,4200,1429.8433516297,6,132,2002,3,1,5,1.6,0,4,0,1,1,0,14,6
45807148,19914,970.867153989687,2,811,2004,6,0,1,2.4,162541,4,1,2,0,0,11,4
43908528,16621,761,7,676,2010,3,0,2,1.8,120000,4,3,1,1,0,12,12
45772722,157,1363,5,516,2012,4,1,5,4.6,189704,8,0,0,1,0,7,0
45760677,7213,1111,3,425,2012,3,0,2,1.3,135000,4,0,1,1,1,12,2
45425408,21639,1346,2,413,2013,4,1,5,1.6,14000,4,2,1,1,1,7,12
45650320,157,919,6,605,2012,4,1,1,3,145227,6,0,0,1,0,7,12
45758223,31988,1935,5,516,2016,4,1,5,4.6,155976,8,0,0,1,0,14,0
45749269,30,1599.33333333333,3,425,2006,3,0,5,1.5,0,4,0,1,1,1,12,4
45816600,9408,1338.90845620294,0,23,1997,9,0,5,2,25000,6,1,2,1,0,14,2
45759917,34184,1058,6,361,2012,9,1,5,3.5,145000,6,2,0,1,0,12,0
45816343,549,308,7,651,2015,3,1,2,1.5,80661,4,0,1,1,0,14,12
42786153,14897,878,7,643,2009,3,0,2,1.8,162024,4,0,1,1,0,11,8
45797210,36235,1091,4,526,2016,7,1,1,2.5,109629,4,0,1,1,0,12,4
45809768,19002,502,7,145,2013,3,1,5,1.5,49000,4,0,1,1,0,2,4
45804899,11290,1521.27188940092,6,769,1998,6,0,1,2.9,270000,5,1,2,1,1,14,1
45792036,17876,1714,7,535,2017,9,1,5,3.5,34082,6,0,1,1,0,2,12
45769413,1019,831,4,387,2017,9,1,5,1.6,25635,4,0,1,1,0,1,12
45642362,3450,607,7,268,2019,9,1,2,2.5,9626,4,0,1,1,0,1,12
45797747,19416,531,4,387,2012,9,1,5,1.6,113516,4,0,1,1,0,1,4
45134541,22894,377.528,1,853,2011,3,1,6,1.4,217600,4,0,1,1,0,14,12
45765255,627,1172,6,361,2011,9,1,1,3.5,230696,6,0,0,1,0,1,12
45769765,21953,394,5,379,2014,9,1,2,2.5,131000,4,0,1,1,0,1,12
45397141,9095,1090.33333333333,2,805,2003,2,0,1,1.7,159000,4,1,1,1,0,14,4
45757556,1490,753,4,748,2012,9,1,5,2.4,180067,4,0,1,1,0,2,12
45617768,3763,779,7,268,2013,9,1,2,2.5,124912,4,0,1,1,0,14,12
45749567,30,1599.33333333333,3,425,2004,3,0,5,1.3,0,4,0,1,1,1,12,4
45437103,14113,584,7,568,2010,3,0,5,1.8,203000,4,0,1,1,0,14,8
45809128,22291,732,3,425,2018,3,1,5,1.3,5987,4,0,1,1,0,12,4
45797636,15524,1347,4,526,2008,7,1,1,2.5,52169,4,0,1,1,0,2,4
45810499,35328,831,1,639,2017,4,1,1,1.6,67668,4,0,1,1,0,14,4
45810645,8778,363,1,768,2014,9,1,5,1,35565,4,0,1,1,0,14,4
45789983,6899,832.188679245283,2,409,2002,4,0,0,3,262000,6,0,0,1,0,2,2
45759226,12858,1363,5,516,2012,4,1,5,4.6,255406,8,0,0,1,0,1,0
45794048,15681,1017,4,387,2017,9,0,5,2,60659,4,2,1,1,0,1,12
45642064,1098,394,7,268,2014,9,1,2,2.5,398069,4,0,1,1,0,1,12
45757290,941,1811,5,516,2010,4,1,5,4.6,260771,8,0,0,1,0,1,0
45802873,46621,765,4,733,2015,4,1,1,2,90000,4,0,1,1,0,14,4
45774177,11290,1429.8433516297,6,373,2000,9,1,5,2,160000,8,2,2,1,0,1,8
45802118,17923,862,4,526,2011,10,1,1,2.5,189347,4,0,1,1,0,7,4
45808905,13297,530,1,162,2013,3,1,5,1.6,87753,4,0,1,1,0,7,4
45809364,22502,501,3,425,2014,3,1,5,1.5,111400,4,0,1,1,0,12,4
45804092,14385,836,4,817,2010,4,1,1,2,50132,4,0,1,1,0,1,4
45789120,392,781,7,268,2012,9,1,2,2.5,116413,4,0,1,1,0,12,12
45807342,15367,919,6,201,2012,9,1,5,3,209224,6,0,0,1,0,1,12
45621664,30107,1053,6,361,2014,9,1,1,3.5,331144,6,0,2,1,0,1,12
45814389,16308,645,4,387,2011,9,1,5,1.8,0,4,2,1,1,0,7,12
44094737,17249,582.788167938931,7,643,2010,3,0,5,1.8,184717,4,0,1,1,0,12,12
45696622,14113,625.709923664122,1,317,2012,9,0,5,1.4,57600,4,2,1,1,0,12,8
45733051,9252,765,4,748,2015,9,1,4,2,495466,4,0,1,1,0,8,4
45809144,29965,1055,2,794,2013,9,1,5,3.5,101093,4,0,1,1,0,1,4
45660209,34811,690,5,701,2016,4,1,2,3.5,0,6,0,1,1,0,7,12
45659052,2038,1172,6,605,2011,4,1,1,3.5,186542,6,0,0,1,0,14,12
45773781,784,891,4,817,2016,9,1,5,2,175912,4,0,1,1,0,14,0
45523682,10349,1079,7,220,2018,4,1,5,2,38712,4,0,1,1,0,14,12
45750657,1960,779,1,620,2013,9,1,5,2.5,0,4,0,1,1,0,12,12
45809714,48202,891,3,293,2016,9,1,5,2,34000,4,0,1,1,0,1,4
45680726,47042,940.695652173913,7,680,2016,4,0,5,2,91000,4,2,1,2,0,1,12
45774341,470,1820,7,535,2019,9,1,5,3.5,10670,6,0,0,1,0,3,12
45733401,47989,900,4,748,2015,9,1,5,2.4,81163,4,0,1,1,0,14,4
45802712,36137,639,4,733,2014,4,1,1,2,174261,4,0,1,1,0,12,4
45748976,17249,1434.33333333333,6,335,2002,9,1,1,2.2,259000,4,1,2,1,0,5,12
45732729,6837,891,4,748,2016,9,1,4,2,518650,4,0,1,1,0,8,4
45801466,11290,583,4,138,2011,9,1,5,1.6,42211,4,0,1,1,0,1,4
45732879,10349,765,4,748,2015,9,1,4,2,86280,4,0,1,1,0,12,4
45797955,16894,583,4,387,2011,9,1,5,1.6,104090,4,0,1,1,0,14,4
45656731,706,585,7,643,2013,3,1,2,1.8,105328,4,0,1,1,0,14,12
45382432,14069,1429.8433516297,6,862,2018,8,1,1,2.5,43000,8,0,0,1,0,2,0
45730989,19613,836,4,522,2010,1,1,5,2,104022,4,0,1,1,0,14,4
45644169,21012,540.146341463415,5,258,2012,3,1,2,1.5,158000,4,0,1,1,0,14,10
45729313,15677,872.02838865217,7,148,2013,3,0,2,1.5,115000,4,0,1,1,1,12,7
45769143,188,1185,2,409,2009,4,1,2,2.5,196682,4,0,1,1,0,1,0
45668515,29166,1701.21052631579,6,605,2009,4,0,5,3.7,208000,6,2,0,1,0,1,0
43088253,14426,585,7,665,2013,3,0,2,1.8,260089,4,0,1,1,0,3,4
45647005,3293,1823,5,694,2018,4,1,5,3.5,8618,6,0,1,1,0,1,12
45766883,5645,872.02838865217,7,290,2000,1,1,5,1.8,203000,4,1,1,0,1,12,4
45733366,12544,765,4,748,2015,9,1,4,2,128965,4,0,1,1,0,8,4
45809188,42845,765,1,289,2015,4,1,1,2,16285,4,0,1,1,0,14,4
44753713,21639,475,1,853,2012,3,1,6,1.4,123000,4,2,1,1,0,12,12
45285505,32929,629,4,817,2015,4,0,5,1.6,64000,4,2,1,1,0,1,8
45764290,188,1659,7,822,2014,4,1,5,2,101928,8,0,0,1,0,1,12
45809849,16879,584,1,317,2014,9,1,5,1.8,81819,4,0,1,1,0,14,4
45434094,10976,1429.8433516297,6,709,2002,9,1,1,3.2,350000,6,2,2,1,0,12,0
45804505,22947,642,4,817,2012,4,1,1,2,146526,4,0,1,1,0,14,4
45809023,22840,765,1,289,2015,4,1,1,2,91751,4,0,1,1,0,12,4
45804769,36733,770,4,817,2016,4,1,1,1.7,129800,4,0,1,1,0,14,4
45763078,22580,1172,7,535,2011,4,1,5,3.5,368064,6,0,0,1,0,7,12
45595979,17249,1507.30769230769,6,837,2005,2,0,1,2.2,282000,4,1,2,0,0,14,2
45815207,1646,1017,6,201,2017,1,1,5,2,63987,4,0,0,0,0,1,12
45792987,11133,1429.8433516297,6,357,2001,9,1,5,3.2,214500,6,2,2,1,0,2,6
45802392,9888,1024,4,526,2010,7,1,1,2.5,351108,4,0,1,1,0,12,4
45804201,25591,707,4,817,2011,4,1,1,2,151144,4,0,1,1,0,14,4
45768946,1568,1493,6,361,2016,9,1,1,3.5,77205,6,0,2,1,0,7,12
44552442,25089,855,0,863,2010,3,0,1,2,274000,4,1,2,1,0,1,6
45816620,1333,697,4,387,2015,9,1,5,1.8,64723,4,0,1,1,0,11,12
45809774,12980,583,1,317,2011,9,1,5,1.6,148765,4,0,1,1,0,7,4
45797504,42171,1091,4,526,2016,10,1,1,2.5,102338,4,0,1,1,0,12,4
43002422,50,582.788167938931,7,643,2010,3,0,5,1.8,150000,4,0,1,1,0,7,4
45647814,25089,915,0,871,2014,4,1,1,3,141384,6,0,0,1,0,2,0
45646488,1098,394,7,268,2014,9,1,2,2.5,398069,4,0,1,1,0,1,12
45772959,2509,781,1,10,2018,1,1,5,1.4,29763,4,0,0,1,0,12,12
45732868,10036,639,4,748,2014,9,1,4,2,421703,4,0,1,1,0,12,4
45801681,19121,530,4,387,2013,9,1,5,1.6,78633,4,0,1,1,0,7,4
45701150,13485,1267,7,145,2013,3,0,2,1.5,100211,4,0,1,1,1,15,8
45656739,8154,1750,5,696,2008,4,1,2,3.3,224629,6,0,0,1,0,12,12
45737750,21326,582.788167938931,7,643,2012,3,0,2,1.8,191200,4,3,1,1,0,14,8
45809522,27093,765,1,289,2015,4,1,1,2,102555,4,0,1,1,0,14,4
45757578,15053,1429.8433516297,6,606,2003,4,1,0,3.7,170000,6,2,0,1,0,1,10
45815648,14069,1292,6,252,2016,9,1,5,3,35000,6,0,0,1,0,1,0
45115222,9408,1111,7,145,2012,3,0,2,1.3,80000,4,3,1,1,1,1,2
45730733,18240,687,4,387,2010,9,1,5,1.6,123594,4,0,1,1,0,12,4
45800749,9095,1599.33333333333,3,425,2005,9,0,5,1.3,20000,4,0,1,1,1,14,4
45793107,5959,1527,6,174,1995,9,0,0,1.8,128965,4,1,2,1,0,2,5
45804820,33908,639,4,817,2014,4,1,1,2,121189,4,0,1,1,0,1,4
45732867,10036,639,4,748,2014,9,1,4,2,389854,4,0,1,1,0,12,4
45786361,16308,473,1,317,2014,9,0,5,1.4,152000,4,2,1,1,0,14,6
45716976,17500,970.867153989687,2,416,2008,4,0,2,2.3,186254,4,3,0,1,0,13,4
45813517,470,1308,0,118,2012,1,1,5,4.4,0,8,0,2,0,0,2,12
45732563,33378,694,4,733,2014,4,1,1,2.2,51905,4,0,1,1,0,14,4
45810262,27770,765,1,620,2015,9,1,1,2,133988,4,0,1,1,0,14,4
45797358,15053,878,7,643,2009,9,0,2,1.8,195000,4,0,1,1,0,14,8
45810912,14269,579,5,381,2017,9,1,2,2.5,88336,4,0,1,1,0,14,12
45642840,8311,502,3,293,2013,9,1,2,1.5,144872,4,0,1,1,0,14,0
45760109,12000,1701.21052631579,6,605,2003,4,1,5,3.7,220000,6,2,0,2,0,1,10
45755003,3607,585,7,665,2013,7,1,2,1.8,178314,4,0,1,1,0,14,12
45733300,11917,639,4,748,2014,9,1,4,2,354648,4,0,1,1,0,12,4
45635227,392,779,7,268,2013,9,1,2,2.5,232032,4,0,1,1,0,12,12
45801729,18240,583,4,387,2011,9,1,5,1.6,119921,4,0,1,1,0,7,4
45774800,15053,1533.25,2,799,2002,6,0,1,2,15000,4,1,1,1,0,12,4
45808725,4547,1055,5,694,2013,4,1,5,3.5,258784,6,0,0,1,0,7,12
44906353,20385,1051,4,748,2016,9,0,5,2.4,72000,4,2,1,1,0,1,12
45506364,17876,749,4,748,2014,9,1,5,2.4,172800,4,2,1,1,0,14,8
45733147,11604,639,4,748,2014,9,1,4,2,291437,4,0,1,1,0,12,4
45804882,30,888.488372093023,7,643,2009,9,1,2,1.5,3200,5,0,1,2,0,14,6
45637930,15367,761,7,643,2010,3,0,2,1.8,114000,4,3,1,1,0,12,8
45813985,4861,1104,6,211,2015,9,1,5,3,29469,6,0,0,1,0,14,12
45758106,549,2455,5,517,2008,4,1,5,2,0,8,0,0,1,0,14,0
45732894,13642,765,4,748,2015,9,1,4,2,43000,4,0,1,1,0,12,4
45797089,15336,629,4,387,2015,9,1,5,1.6,37509,4,0,1,1,0,14,4
45759887,706,1646,5,516,2015,4,1,5,4.6,102907,8,0,0,1,0,1,0
45733717,49751,891,4,748,2016,9,1,5,2,25970,4,0,1,1,0,7,4
45734195,64290,1327,7,268,2018,9,1,5,2.5,12000,4,2,1,1,0,1,12
45642720,392,333,2,465,2014,9,1,2,2,0,4,0,1,1,0,12,0
45802285,44542,1249,4,526,2017,10,1,1,2.5,100856,4,0,1,1,0,12,4
45766979,18817,1429.8433516297,6,357,2007,9,1,1,3,385000,4,0,2,1,0,12,6
45805832,10976,640,2,465,2013,9,1,5,2,160000,4,2,1,1,0,3,8
45811213,251,779,7,680,2013,4,1,5,2.5,104776,4,0,0,1,0,7,12
45452122,21796,586,5,258,2012,3,1,2,1.8,105000,8,0,1,1,0,14,12
45645953,784,394,7,268,2014,9,1,2,2.5,102397,4,0,1,1,0,1,12
45797499,43905,639,6,227,2014,9,1,5,2,85000,4,2,0,1,0,14,10
45732846,11290,891,4,748,2016,9,1,4,2,258906,4,0,1,1,0,12,4
45765457,61154,1104,0,96,2015,9,1,1,3,80000,6,0,2,1,0,1,12
45797106,36834,1091,4,526,2016,7,1,1,2.5,135884,4,0,1,1,0,12,4
45775829,24775,1024,7,685,2010,4,1,5,2.5,110571,4,2,1,1,0,1,10
45732553,51517,891,4,733,2016,4,1,1,2,123898,4,0,1,1,0,14,4
45775187,12231,986,7,268,2010,9,1,2,2.4,132000,4,2,1,1,0,6,12
45805098,16788,707,4,817,2011,4,1,1,2,185706,4,0,1,1,0,14,4
45732838,10036,891,4,748,2016,9,1,4,2,128965,4,0,1,1,0,8,4
45792287,15053,1515,6,184,2006,9,1,5,2.5,233000,6,2,2,1,0,1,6
45768829,627,503,3,293,2012,9,1,2,1.5,272189,4,0,1,1,0,12,0
45803116,9879,765,4,748,2015,9,1,4,2,52000,4,0,1,1,0,12,4
45778029,14113,741.884259259259,3,425,2013,9,0,5,1.3,113000,4,3,1,1,1,14,4
45681812,13172,741.884259259259,3,425,2011,3,0,2,1.3,128000,4,3,1,1,1,1,6
45732069,22693,836,4,733,2010,4,1,1,2,153997,4,0,1,1,0,12,4
45812681,20385,779,7,268,2013,9,0,5,2.5,10000,6,2,1,1,0,14,15
45780048,21326,781,7,268,2012,9,1,5,2.5,90000,4,0,1,1,0,12,6
45806580,28225,1055,7,268,2013,9,1,5,3.5,142000,6,2,1,1,0,1,8
45812770,4234,1327,7,268,2018,9,1,5,2.5,105235,4,0,1,1,0,2,12
45804362,43880,770,4,817,2016,4,1,1,1.7,99881,4,0,1,1,0,1,4
45810169,12861,790,1,575,2009,9,1,5,1.6,163560,4,0,1,1,0,7,4
45810609,25,741.884259259259,3,425,2010,9,0,5,1.3,101000,4,3,1,1,1,11,6
45808446,1725,1017,2,452,2017,9,1,5,2,105157,4,0,1,1,0,14,12
44932093,11760,988,7,643,2007,3,0,2,1.5,79030,4,0,1,1,0,7,6
45809623,37238,595,3,425,2015,3,1,5,1.5,37606,4,0,1,1,0,1,4
45815774,30,529.21686746988,3,560,2010,9,1,2,1.3,145000,4,3,1,1,0,14,12
45796614,7840,645,7,643,2011,3,0,2,1.8,182400,4,0,1,1,0,11,12
45757147,314,259,1,853,2014,3,1,2,1.4,131893,4,0,1,1,0,3,0
45621745,784,1301,0,871,2014,9,1,5,4.4,247877,8,0,0,1,0,1,0
45797459,10381,893,4,387,2008,9,1,5,1.6,133749,4,0,1,1,0,2,4
45793348,9405,362,1,768,2014,9,1,5,1,31114,4,0,1,1,0,1,4
44339079,100,1271.22222222222,7,268,2008,9,1,2,2.4,150000,6,0,1,1,0,1,8
45660048,314,1399,5,701,2010,4,1,2,3.5,382746,6,0,0,1,0,12,12
45312343,48610,1018,6,487,2011,4,1,1,3,122000,6,2,0,1,0,1,12
45811203,1098,552,3,255,2011,3,1,2,1.5,129123,4,0,1,1,0,11,12
45805422,20385,595.03007518797,2,465,2014,9,0,5,2.5,189000,4,2,1,1,0,14,12
45694851,16935,502,7,651,2013,3,1,2,1.5,168000,4,3,1,1,0,7,10
45773847,3607,1018,0,871,2011,4,1,1,3,332243,6,0,0,1,0,1,12
45646063,5018,779,7,268,2013,9,1,2,2.5,190549,4,0,1,1,0,1,12
45803598,17405,1017,4,748,2017,9,1,4,2,263823,4,0,1,1,0,12,4
45815524,25089,753,4,817,2012,4,1,5,2.4,159000,6,0,1,0,0,1,10
45767957,2038,353,7,643,2015,4,1,2,1.8,104795,4,0,1,1,0,14,12
45593732,50,1429.8433516297,6,786,2002,2,0,1,2.2,240000,4,1,2,1,0,14,2
45813918,28852,765,6,201,2015,9,1,5,2,54739,4,0,2,1,0,14,12
45621693,7056,915,0,871,2014,4,1,1,3,141384,6,0,0,1,0,2,0
45645667,862,394,7,268,2014,9,1,2,2.5,130478,4,0,1,1,0,14,12
45769645,125,1324,7,535,2010,9,1,2,3.3,316912,6,0,0,1,0,2,12
45677411,8500,1236,3,425,2011,3,0,2,1.3,116048,4,2,1,1,1,2,4
45398403,17249,753,4,748,2012,9,1,5,2.4,123869,4,2,1,1,0,14,12
45764607,314,1053,6,361,2014,9,1,1,3.5,149486,6,0,0,1,0,12,12
45788993,17249,595.03007518797,2,465,2012,10,1,5,2,156800,4,2,1,1,1,14,8
45814834,1568,934,7,268,2015,9,1,5,2.5,173101,4,0,1,1,0,12,12
45815486,549,1399,5,694,2010,4,1,5,3.5,296466,6,0,0,1,0,12,12
45766112,1568,1172,6,361,2011,1,1,1,3.5,226251,6,0,2,0,0,1,12
45767445,125,1324,7,535,2010,9,1,2,3.3,316912,6,0,0,1,0,2,12
45809686,16383,642,7,145,2012,3,1,5,2,92400,4,0,1,1,0,11,4
45803267,6586,765,4,748,2015,9,1,4,2,505900,4,0,1,1,0,8,4
45798508,23521,1528,2,799,2007,6,0,1,2.4,245090,4,1,2,1,0,14,3
45802986,33409,640,4,733,2013,4,1,1,2,207187,4,0,1,1,0,1,4
45784335,14113,751,1,623,2013,9,1,2,2.4,117000,4,2,1,1,0,9,12
45766448,26030,540.146341463415,5,258,2012,3,1,2,1.8,326400,4,2,1,1,0,12,10
45747500,7527,862,0,73,1996,9,0,5,2,44444,6,1,2,1,0,2,2
45804164,27065,836,4,817,2010,4,1,1,2,80118,4,0,1,1,0,14,4
45804686,36564,891,4,817,2016,4,1,1,2,47090,4,0,1,1,0,14,4
45776468,13172,586,7,643,2012,3,0,2,1.8,150400,4,0,1,1,0,14,6
45656070,941,1058,5,701,2012,4,1,2,3.5,232357,6,0,0,1,0,1,12
44044771,15681,810,1,317,2016,9,1,5,1.8,53000,4,2,1,1,0,14,6
45815526,24148,779,7,279,2013,9,1,2,2.5,201600,4,0,1,1,0,1,0
45810373,17719,639,1,620,2014,9,1,1,2,38710,4,0,1,1,0,3,4
45804363,23602,1185,5,549,2009,9,1,5,2.5,126715,4,0,1,1,0,14,4
45812606,470,585,4,387,2013,9,1,5,1.8,227853,4,0,1,1,0,3,12
45772546,55195,1823,5,694,2018,9,1,5,3.5,15744,6,0,0,1,0,14,12
45655921,11917,586,7,643,2012,3,0,2,1.8,102000,4,0,1,1,0,1,8
45803631,27755,1024,4,526,2010,7,1,1,2.5,72364,4,0,1,1,0,1,4
45802701,14069,1077,4,733,2019,4,1,1,2,56000,4,0,1,1,0,7,4
45793451,28225,757.14552238806,7,268,2012,9,1,2,2.5,156816,4,3,1,1,0,2,12
45810131,11992,966,1,575,2009,9,1,1,2,155025,4,0,1,1,0,1,4
45771575,392,1327,7,680,2018,9,1,5,2.5,53611,4,0,0,1,0,11,11
45641368,862,394,7,268,2014,9,1,2,2.5,130478,4,0,1,1,0,14,12
45767991,188,308,7,643,2014,4,1,2,1.8,187334,4,0,1,1,0,14,12
45522623,25089,382,7,651,2017,3,0,2,1.5,144000,4,0,1,1,0,14,8
41672497,45,1599.33333333333,3,425,2007,3,0,5,1.3,98000,4,0,1,1,1,1,4
45732841,11604,639,4,748,2014,9,1,4,2,402881,4,0,1,1,0,12,4
45714918,19444,595.03007518797,2,465,2014,9,1,5,2,115000,4,2,1,1,0,4,10
45809968,19823,503,7,145,2012,3,1,5,1.5,63000,4,0,1,1,0,1,4
44875335,2822,1211,2,465,2010,9,1,5,3,150000,6,0,1,1,0,14,8
45759869,17562,1356,5,517,2014,4,1,5,4.6,146218,8,0,0,1,0,1,0
45811801,7683,1662.33333333333,0,57,2002,9,1,5,2.5,126000,6,2,2,1,1,12,6
45776435,65858,1429.8433516297,6,246,2012,9,1,1,3.5,207000,6,0,0,1,0,7,0
45797182,16091,836,4,522,2010,1,1,5,2,100000,4,0,1,1,0,7,4
45808241,73698,517,7,535,2014,4,1,2,3.5,100000,6,2,0,1,0,14,12
45813250,11447,934,2,465,2015,9,0,5,2.5,96000,4,2,1,1,0,12,10
45733577,62697,880,4,748,2018,9,1,5,1.6,32000,4,0,1,1,0,7,4
45813060,188,585,4,387,2013,9,1,5,1.8,139125,4,0,1,1,0,14,12
45815410,627,781,7,268,2012,9,1,2,2.5,151195,4,0,1,1,0,7,12
45776501,9095,1529,0,30,2003,9,0,5,2,0,4,2,2,1,1,2,6
45799199,33556,442,7,643,2017,9,0,2,1.8,90652,4,0,1,1,0,12,10
45788973,58018,862,5,694,2015,4,1,5,3.5,360125,6,2,0,1,1,14,12
45782192,23521,862,7,680,2011,4,0,5,2.5,172800,4,0,1,1,0,1,12
45810512,17449,642,1,639,2012,4,1,1,2,152595,4,0,1,1,0,7,4
45761530,22580,779,7,268,2013,9,1,5,2.5,125000,4,2,1,1,0,1,12
45755519,392,1080,1,559,2014,9,1,5,3.6,0,6,0,1,1,0,12,12
45524734,10349,1079,7,220,2018,4,1,5,2,38712,4,0,1,1,0,14,12
45481458,21000,1411.91666666667,6,492,2006,4,1,4,4.5,181000,6,0,0,1,0,1,6
45804669,7997,1994.5,3,312,2002,4,0,5,2,158000,4,0,0,1,1,12,8
45812812,6429,1325,7,268,2019,9,1,5,2.5,4565,4,0,1,1,0,7,12
45790224,8781,1429.8433516297,6,718,2003,9,1,5,2,300000,8,2,2,1,0,1,12
45656511,188,1172,5,701,2011,4,1,2,3.5,101816,6,0,0,1,0,1,12
45733303,7119,836,4,748,2010,9,1,4,2,81248,4,0,1,1,0,14,4
45801378,12231,1304,0,128,2006,9,1,5,2,249600,8,0,2,1,0,1,12
45127630,18817,455.705882352941,7,651,2012,3,1,2,1.5,112000,4,0,1,1,0,1,10
43328333,19444,530,4,392,2013,3,1,1,1.6,58000,4,2,1,1,0,14,8
45803094,39226,640,4,733,2013,4,1,1,2,139488,4,0,1,1,0,1,4
45769136,5802,1055,6,361,2013,9,1,1,3.5,107800,6,0,2,1,0,7,12
44200570,24932,1017,2,383,2017,4,0,5,2,15052,4,0,0,1,0,14,9
45755701,627,397,5,258,2016,3,1,2,1.8,85320,4,0,1,1,0,11,0
45781510,16621,862,6,374,2003,9,1,5,2,125000,8,0,2,1,0,14,12
45803039,37564,891,4,733,2016,4,1,1,2,151193,4,0,1,1,0,7,4
45775311,7527,872.02838865217,7,824,2003,7,1,0,2,210000,4,0,2,1,1,1,8
45803204,12544,765,4,748,2015,9,1,4,2,128965,4,0,1,1,0,8,4
45769678,627,1058,6,361,2012,9,1,1,3.5,318285,6,0,0,1,0,1,12
45797245,21395,730,4,387,2016,9,1,4,1.6,138241,4,0,1,1,0,7,4
45758183,784,781,2,409,2012,4,1,2,2.5,95349,4,0,1,1,0,2,0
45659914,4077,1363,5,516,2012,4,1,5,4.6,150909,8,0,0,1,0,1,0
45797046,9722,1236,3,438,2011,3,0,2,1.3,100000,4,2,1,1,1,15,2
42447185,12544,569.666666666667,1,766,2013,3,0,5,1.8,160000,4,1,1,1,0,2,6
45755091,10192,505,2,465,2018,9,1,2,2,28813,4,0,1,1,0,2,12
45786951,32929,587.148148148148,6,191,2012,9,1,5,1.8,99000,4,0,2,1,0,11,12
45805867,5331,1681,0,35,2003,9,0,5,2.2,144000,6,2,2,1,1,2,6
45763375,251,1493,3,642,2016,4,1,5,3.5,43664,6,0,0,1,0,7,12
45642826,862,394,7,268,2014,9,1,2,2.5,130478,4,0,1,1,0,14,12
45740925,17562,779,7,268,2013,9,0,2,2.5,75000,4,0,1,1,0,7,12
45651843,13328,1399,5,701,2010,4,1,2,3.5,186005,6,0,0,1,0,12,12
45785504,45473,1091,7,680,2016,4,0,5,2.5,60800,4,0,0,1,0,1,12
45733586,65052,1079,4,748,2018,9,1,5,2,27448,4,0,1,1,0,1,4
45769677,4861,1324,7,535,2010,4,1,2,3.3,264877,6,0,0,1,0,14,12
45809316,7213,924,7,832,2011,4,1,5,2.7,108398,4,0,0,1,0,12,12
45801987,49143,891,4,522,2016,1,1,5,2,112032,4,0,1,1,0,14,4
45805608,21953,1211,6,201,2010,9,1,5,3,118000,6,2,2,1,0,1,12
45771902,2509,761,7,643,2010,4,1,2,1.8,256966,4,0,1,1,0,2,12
45744911,15681,1429.8433516297,6,357,2004,9,1,0,3.2,290000,6,2,0,1,0,13,10
45776697,8467,1429.8433516297,6,343,2000,9,0,0,2.4,256000,6,2,2,1,0,2,6
45773275,627,475,1,853,2012,4,1,2,1.4,188419,4,0,1,1,0,11,0
45810888,1019,769,1,530,2011,4,1,5,2.2,126765,4,0,1,1,0,1,12
45025833,24148,872.02838865217,7,664,2012,3,1,2,1.8,80000,4,0,1,1,0,12,8
45293221,15053,584,7,298,2014,9,1,5,1.8,85500,4,2,1,1,0,11,12
45625944,8154,919,0,871,2012,4,1,1,3,103458,6,0,0,1,0,14,0
45781064,19444,562,1,317,2015,9,1,5,1.4,88000,4,0,1,2,0,14,12
45814905,10506,777,7,268,2014,9,1,5,2.5,372202,4,0,1,1,0,2,12
45809654,5018,697,3,293,2015,9,1,5,1.8,64522,4,0,1,1,0,7,12
45805126,17948,707,4,817,2011,4,1,1,2,191490,4,0,1,1,0,7,4
45273740,13172,612.4,2,448,2012,3,0,5,1.6,88000,4,0,1,1,0,10,6
45776459,12544,819.6,3,293,2008,1,1,5,1.8,222680,4,0,1,0,0,11,6
45815882,8154,1111,3,425,2012,3,0,2,1.3,99000,4,0,1,1,1,12,4
45798208,9095,1018,2,409,2011,4,1,5,3,70000,6,2,0,1,0,7,8
45549874,9408,2084,2,799,1998,2,0,1,2.5,228000,4,1,2,0,0,14,2
45434417,14069,1360,5,516,2013,4,1,5,4.6,83680,8,2,0,1,0,14,12
45789034,21482,595.03007518797,2,465,2017,9,1,5,2.5,98000,4,2,1,1,0,1,8
45775558,15053,475,1,317,2012,9,0,5,1.4,115200,4,2,1,1,0,4,8
45795866,21326,1399,6,361,2010,9,1,5,3.5,140000,6,0,2,1,0,2,8
45788161,6272,1026.00733117836,3,313,1998,4,0,0,2,20000,4,0,0,1,0,12,5
45766772,3293,419,1,768,2013,3,1,5,1.2,149896,4,0,1,1,0,2,12
45797186,35005,1091,4,526,2016,7,1,1,2.5,113293,4,0,1,1,0,14,4
45793133,3293,565,1,626,2007,9,1,5,0.8,134863,4,0,1,1,0,5,4
45776700,11604,1533.25,2,799,2000,6,0,1,2,0,4,1,1,0,0,14,2
45768766,188,308,7,643,2014,4,1,2,1.8,187334,4,0,1,1,0,14,12
45755793,24148,757.14552238806,7,268,2012,9,1,5,2.5,160800,6,2,1,1,0,1,12
45796801,2195,612.4,2,448,1998,9,0,5,1,0,4,1,1,0,0,2,2
45792175,6899,460,7,298,2020,9,1,2,1.8,7467,4,0,1,1,0,2,12
45652848,4077,753,4,748,2012,9,1,2,2.4,259934,4,0,1,1,0,11,0
45667773,22894,1086,1,264,2012,1,0,5,3.6,131200,6,2,2,0,0,1,0
45437474,51746,798.780396435111,4,557,2014,4,1,1,2,50000,4,2,0,1,0,4,8
45481134,21953,585,4,393,2013,3,1,5,1.8,118400,4,2,1,1,0,14,6
45770027,19130,1292,6,502,2016,4,1,5,3,49499,6,0,0,1,0,12,0
42039212,45160,838.669960474308,4,733,2014,4,1,1,2,69000,4,2,0,1,0,12,10
45813980,10663,586,7,643,2012,3,0,2,1.8,87000,4,0,1,1,0,2,7
45647001,5018,779,7,268,2013,9,1,2,2.5,190549,4,0,1,1,0,1,12
45791449,10000,1533.25,2,799,2004,6,0,5,2.4,1000,6,1,2,0,0,14,2
45774019,28225,2711,1,791,2019,9,1,5,2,19901,8,0,1,1,0,1,12
45773011,4077,1714,6,502,2017,4,1,5,3.5,39814,6,0,2,1,0,1,0
45732621,10249,639,4,748,2014,9,1,4,2,390966,4,0,1,1,0,14,4
45774312,9095,934,5,549,2015,9,1,5,2.5,101280,6,0,2,1,0,14,12
45791671,10036,888.488372093023,7,643,2005,9,0,2,1.5,21245,4,3,1,1,0,5,4
45779180,19444,1533.25,2,799,2008,6,0,1,2.4,214000,4,1,2,1,0,8,2
45756973,706,1646,5,516,2015,4,1,5,4.6,102907,8,0,0,1,0,1,0
45644686,5018,779,7,268,2013,9,1,2,2.5,190549,4,0,1,1,0,1,12
45660756,941,1055,5,701,2013,4,1,2,3.5,361603,6,0,1,1,0,1,12
45815826,8000,875,7,849,2012,3,0,5,1,18000,3,3,1,1,1,14,2
45797426,10976,893,4,547,2008,9,1,5,1.6,136935,4,0,1,1,0,12,4
45807441,7213,891,6,201,2016,9,1,5,2,76218,4,0,0,1,0,1,12
45805610,18817,757.14552238806,7,268,2010,9,0,2,2.4,80000,4,0,1,1,0,5,8
45803194,15681,891,4,748,2016,9,1,4,2,301827,4,0,1,1,0,12,4
45733040,9252,765,4,748,2015,9,1,4,2,431626,4,0,1,1,0,8,4
45809609,14069,831,3,293,2018,3,1,5,1.5,2000,4,0,1,1,0,1,4
45803336,9252,765,4,748,2015,9,1,4,2,455579,4,0,1,1,0,8,4
45644999,9879,1058,7,535,2012,4,1,2,3.5,157211,6,0,0,1,0,14,12
45732649,12544,765,4,748,2015,9,1,4,2,128965,4,0,1,1,0,8,4
45803382,10349,639,4,748,2014,9,1,4,2,128965,4,0,1,1,0,14,4
45695027,13015,781,7,268,2012,9,0,2,2.5,118882,4,2,1,1,0,11,12
45025127,14069,1493,6,502,2016,4,1,5,3.5,45000,6,2,2,1,0,7,12
45642835,2352,503,3,293,2012,4,1,2,1.5,146403,4,0,1,1,0,14,0
45293747,75266,1020.57819905213,0,871,2015,4,1,5,3,53638,6,2,0,1,0,7,12
45798415,22894,582.788167938931,7,643,2013,9,1,2,1.8,145000,4,0,1,1,0,14,0
45155817,8000,875,7,849,2012,3,0,5,1,195000,3,3,1,1,1,12,2
45645674,941,1646,5,516,2015,4,1,5,4.6,188078,8,0,0,1,0,1,0
43278948,9000,1268,3,462,2012,7,0,2,1.5,83000,4,0,1,1,1,14,4
45732611,54458,694,4,733,2014,4,1,1,2.2,83126,4,0,1,1,0,14,4
45438005,16621,765,2,459,2015,9,0,5,2,79000,4,2,1,1,0,5,8
45796870,14069,1943.5,5,574,2013,4,1,5,2,78400,8,2,0,1,0,1,12
45805946,21326,455.705882352941,7,651,2012,3,1,5,1.5,162000,4,0,1,1,0,12,0
45797102,37066,1091,4,526,2016,7,1,1,2.5,91804,4,0,1,1,0,12,4
38427452,19800,1823,0,588,2002,1,1,5,3.2,213866,6,1,2,0,0,1,10
45802234,36567,1091,4,526,2016,7,1,1,2.5,104112,4,0,1,1,0,14,4
45813584,2195,915,0,94,2014,9,1,1,3,110270,6,0,2,1,0,7,12
45802455,23301,1292,4,525,2016,9,1,4,3,31045,4,0,1,1,0,1,4
45651273,5018,779,7,268,2013,9,1,2,2.5,190549,4,0,1,1,0,1,12
45732121,46919,696,4,733,2013,4,1,1,2.2,138742,4,0,1,1,0,7,4
45809268,5134,447,3,425,2013,3,1,2,1.3,151715,4,0,1,1,0,2,4
45815386,627,1363,5,516,2012,4,1,5,4.6,150909,8,0,0,1,0,1,12
45769225,40142,1811,5,517,2010,4,1,5,4.6,357246,8,0,0,1,0,7,0
45803325,10036,891,4,748,2016,9,1,4,2,514781,4,0,1,1,0,8,4
43795894,21953,781,7,268,2012,9,1,5,2.5,110000,4,2,1,1,0,11,10
45801016,32615,582.788167938931,7,643,2016,9,0,2,1.8,239680,4,0,1,1,0,7,0
45160943,27911,757.14552238806,7,268,2012,9,1,2,2.5,122000,6,0,1,1,0,7,0
45801454,17038,629,4,138,2015,9,1,1,1.6,43457,4,0,1,1,0,12,4
45768567,392,1514,5,517,2011,9,1,5,4.6,202048,8,0,0,1,0,14,0
45813147,8154,777,7,268,2014,9,1,5,2.5,53310,4,0,1,1,0,1,12
45776526,15524,1024,7,268,2010,9,0,2,2.5,184000,6,0,1,1,0,7,8
45751000,2430,528,4,827,2014,9,1,5,1.6,127870,4,0,1,1,0,1,12
45813460,627,1018,0,94,2011,9,1,5,3,143494,6,0,2,1,0,7,12
45805884,3400,1527,6,174,1995,9,0,5,1.8,333333,4,1,1,1,0,14,0
45480723,31361,1682.5,6,722,2006,9,1,5,2,225600,8,0,2,1,0,1,12
44730285,17092,872.02838865217,7,663,2010,3,0,2,1.8,164000,4,0,1,1,0,5,6
45644954,30577,1533.25,2,799,2006,2,0,1,2.4,197500,4,1,2,0,0,11,0
41218089,600,2959,7,576,2016,4,1,5,4.5,43000,8,0,0,1,0,0,0
45641328,392,781,7,268,2012,9,1,2,2.5,314373,4,0,1,1,0,7,12
45788494,13877,779,7,268,2013,9,0,5,2.5,176000,4,2,1,1,0,7,5
45803559,12544,765,4,748,2015,9,1,4,2,547405,4,0,1,1,0,8,4
45765402,7527,1599.33333333333,3,425,2005,9,0,5,1.3,239825,4,3,1,1,1,12,2
45342049,46728,1171.41025641026,7,535,2012,4,1,2,3.5,114000,4,0,0,1,0,14,12
45766320,220,1194,7,792,2013,4,1,5,4,239342,6,0,0,1,0,12,12
45801604,18679,530,4,387,2013,9,1,5,1.6,130000,4,0,1,1,0,14,4
45756959,27284,2959,7,576,2004,4,1,1,4.2,525000,6,1,0,1,0,1,4
45571864,11227,585,4,392,2013,3,0,5,1.8,75000,4,0,1,1,0,14,8
45813036,220,586,5,258,2012,3,1,2,1.8,149981,4,0,1,1,0,7,12
45491659,13485,843,7,643,2008,3,0,2,1.5,92000,4,3,1,1,0,7,16
45769321,125,1750,7,535,2008,9,1,2,3.3,287274,6,0,0,1,0,14,12
45769882,314,1172,6,361,2011,9,1,1,3.5,132630,6,0,2,1,0,12,12
45755514,392,784,2,465,2017,9,1,5,1.5,73909,4,0,1,1,0,1,12
45782122,16400,582.788167938931,7,643,2011,3,1,2,1.8,124000,4,3,1,1,0,7,12
45772163,3293,1659,7,822,2014,9,1,5,2,0,8,0,0,1,0,14,12
45803513,9252,765,4,748,2015,9,1,4,2,456867,4,0,1,1,0,8,4
45781633,16308,1533.25,2,799,2006,6,0,1,2,22500,4,1,1,1,0,14,2
45651907,1019,333,2,465,2014,9,1,2,2,0,4,0,1,1,0,12,0
45810156,10092,790,1,575,2009,9,1,5,1.6,96959,4,0,1,1,0,7,4
45797284,36068,777,4,526,2014,7,1,1,2.5,85933,4,0,1,1,0,12,4
45768115,4077,474,1,317,2013,9,0,5,1.4,100000,4,0,1,1,0,4,12
45649855,5018,779,7,268,2013,9,1,2,2.5,190549,4,0,1,1,0,1,12
45793489,10036,1599.33333333333,3,425,2009,3,0,5,1.3,185000,4,3,1,1,1,2,2
45809738,44047,697,3,293,2015,9,1,5,1.8,62137,4,0,1,1,0,12,4
45764147,15681,1811,5,516,2010,4,1,5,4.6,275240,8,0,0,1,0,12,0
45755979,7840,2078,0,46,2002,1,1,5,2.5,205000,6,2,2,0,0,12,6
45764460,1568,1493,6,361,2016,9,1,1,3.5,77205,6,0,2,1,0,7,12
45803367,20382,765,4,748,2015,9,1,5,2,36223,4,0,1,1,0,12,4
45762991,12074,1537,7,535,2009,4,1,2,3.3,420550,6,0,0,1,0,2,12
45802916,42717,891,4,733,2016,4,1,1,2,122409,4,0,1,1,0,2,4
45795311,10036,872.02838865217,7,852,2007,3,1,5,1.3,205000,4,0,1,1,1,4,4
45816160,2901,751,4,733,2013,4,1,5,2.4,150440,4,0,1,1,0,12,11
45812968,706,753,4,748,2012,9,1,2,2.4,243051,4,0,1,1,0,14,12
45798214,27598,1195,6,182,2009,9,0,1,2.2,278000,6,2,2,1,0,12,8
45664426,8154,919,0,871,2012,4,1,1,3,103458,6,0,0,1,0,14,0
45652372,549,1138,4,522,2013,1,1,5,3.8,93470,6,0,2,0,0,14,12
45816615,941,900,4,733,2015,4,1,5,2.4,107106,4,0,1,1,0,14,12
45520980,18189,1662.33333333333,0,57,2008,1,1,5,3,0,6,2,0,0,0,1,4
45768457,470,2225,5,516,2017,4,1,5,4.6,69918,8,0,0,1,0,14,0
38132502,50,741.884259259259,3,425,2012,9,0,2,1.5,80000,4,0,1,1,1,6,0
45804673,32409,770,4,817,2016,4,1,1,1.7,172858,4,0,1,1,0,14,4
45804389,15423,836,4,817,2010,4,1,1,2,138196,4,0,1,1,0,12,4
45761347,39829,1811,5,516,2010,4,1,5,4.6,155821,8,0,0,1,0,1,0
45803356,11290,891,4,748,2016,9,1,4,2,259733,4,0,1,1,0,12,4
45804900,26927,642,4,817,2012,4,1,1,2,88651,4,0,1,1,0,14,4
45799248,17249,562,1,317,2015,9,1,5,1.4,91200,4,0,1,1,0,1,6
45791824,6272,1026.00733117836,3,790,2001,7,0,5,1.7,1000,4,0,1,1,1,3,0
45786643,7683,1527,6,174,1999,9,0,0,1.8,250000,4,1,2,1,0,2,4
45015384,6272,586,1,317,2012,9,0,5,1.8,129023,4,0,1,1,0,14,12
45651206,549,1493,6,502,2016,4,1,5,3.5,91493,6,0,2,1,0,1,0
45760883,21639,377.528,1,853,2012,3,1,5,1.4,117000,4,0,1,1,0,11,8
45716078,47042,1325,7,680,2019,4,0,5,2.5,2565,4,0,0,1,0,14,8
45812801,14583,1249,7,268,2017,9,1,5,2.5,74029,4,0,1,1,0,2,12
45779082,24148,1018,0,84,2011,9,1,5,3,150000,6,2,2,1,0,2,12
45793261,13642,764,1,639,2015,4,1,5,2,31892,4,0,1,1,0,1,4
45813437,26343,1481,0,65,2017,1,1,5,3,71894,6,0,2,0,0,2,12
45804285,24415,707,4,817,2011,4,1,1,2,174308,4,0,1,1,0,7,4
45812719,28225,844.645161290323,2,409,2015,4,0,5,1.6,98000,4,2,1,1,0,12,8
45730906,17484,1324,4,522,2010,9,1,5,3.3,235729,4,0,1,1,0,12,4
45696279,40769,777,7,687,2014,4,0,5,2.5,20800,4,2,0,1,0,14,12
45752261,314,862,2,424,2004,9,1,5,4.6,0,8,0,2,1,0,11,12
45796884,17346,862,4,526,2011,10,1,1,2.5,220000,4,0,1,1,0,15,4
45815407,5018,779,7,268,2013,9,1,2,2.5,124184,4,0,1,1,0,12,12
45768806,220,574,3,560,2010,3,1,2,1.3,184250,4,0,1,1,0,7,0
45814893,5175,585,7,643,2013,3,1,2,1.8,492642,4,0,1,1,0,12,12
45793652,6115,1282,1,289,2007,4,1,1,2,75574,4,0,1,1,0,12,4
45729773,27654,629,4,387,2015,9,1,1,1.6,87521,4,0,1,1,0,14,4
45813378,5488,765,0,35,2015,9,1,5,2,87358,4,0,2,1,0,14,12
45793361,11604,488,1,768,2016,9,1,5,1,30901,4,0,1,1,0,14,4
45813244,392,934,7,268,2015,9,1,5,2.5,113053,4,0,1,1,0,2,12
45644219,14426,761,7,643,2010,9,0,2,1.8,170000,4,3,1,1,0,2,10
45773842,1882,1053,6,361,2014,9,1,5,3.5,146395,6,0,2,1,0,7,12
45770962,220,574,3,560,2010,3,1,2,1.3,184250,4,0,1,1,0,7,0
45806693,9408,831,7,268,2011,9,1,2,2.4,248178,4,2,1,1,0,14,10
45797275,35902,777,4,526,2014,7,1,1,2.5,117917,4,0,1,1,0,12,4
45732810,15850,836,4,748,2010,9,1,5,2,155573,4,0,1,1,0,12,4
45806058,125,2278,7,643,2008,3,1,2,1.5,147000,4,0,1,1,1,12,0
45415687,3920,574,3,560,2010,3,0,2,1.3,3333,4,3,1,1,0,11,8
45642461,706,394,7,268,2014,9,1,2,2.5,115312,4,0,1,1,0,7,12
45519139,14113,1429.8433516297,6,602,2003,4,1,5,3.2,141800,6,2,0,1,0,12,8
45748741,30,1599.33333333333,3,425,2006,3,0,5,1.3,0,4,0,1,1,1,14,4
45586204,4300,1701,3,462,2010,7,0,5,1.5,117000,4,0,1,1,1,1,4
45426971,39201,751,7,680,2013,4,0,5,2.4,92800,4,0,0,1,0,3,6
45805725,11917,1429.8433516297,6,602,2002,4,1,0,3.2,384000,6,2,0,1,0,1,12
45810993,26030,1811,5,516,2010,4,1,5,4.6,155821,8,0,0,1,0,1,12
43547179,11917,639,2,465,2014,9,1,5,2,105873,4,0,1,1,0,1,12
45801329,13799,888.488372093023,7,643,2007,3,0,2,1.6,182400,4,0,1,1,0,11,6
45804640,51689,831,4,817,2017,4,1,5,1.6,41551,4,0,1,1,0,1,4
45771009,36065,1405,6,509,2009,4,1,1,3,165000,6,0,0,1,0,1,8
45801833,15132,687,4,387,2010,9,1,5,1.6,103149,4,0,1,1,0,12,4
45809117,58391,722,2,630,2014,1,1,5,2.3,59340,4,0,1,1,0,11,4
44236195,31988,1482,6,492,2011,4,1,5,4.5,160000,8,2,0,1,0,0,12
45659845,941,1356,5,516,2014,4,1,5,4.6,200402,8,0,0,1,0,12,0
45797227,10976,528,4,387,2014,9,1,5,1.6,75000,4,0,1,1,0,12,4
45809407,25763,639,1,289,2014,4,1,1,2,98033,4,0,1,1,0,7,4
45767630,65858,1017,6,201,2017,9,1,5,2,71520,6,2,2,1,0,1,10
45651910,8781,431,2,465,2016,9,1,2,2,194974,4,0,1,1,0,1,0
45128251,10976,1528,7,268,2007,9,1,2,2.4,204000,4,0,1,1,0,1,8
45766315,19130,1194,7,792,2013,9,1,5,4,57554,6,0,0,1,0,12,12
45803323,9252,765,4,748,2015,9,1,4,2,389338,4,0,1,1,0,8,4
44802831,22580,308,7,643,2014,9,0,2,1.8,79000,4,0,1,1,0,12,12
45657089,8154,819.6,3,293,2005,3,0,5,1.7,160000,4,3,1,1,1,12,0
45810558,14740,1500.5,7,583,2001,4,0,0,2.7,247000,4,0,0,1,0,1,4
44069717,50178,1020.57819905213,0,871,2010,4,1,1,3,180000,6,2,0,1,0,1,8
45787121,10976,2078,0,46,2001,9,1,5,2.5,201000,6,1,2,1,0,0,6
45771842,4547,1850,6,361,2008,9,1,1,3.5,494317,6,0,0,1,0,1,12
45802705,28909,642,4,733,2012,4,1,1,2,120000,4,0,1,1,0,14,4
42305536,30,888.488372093023,7,643,2006,9,0,2,1.5,150000,4,0,1,1,0,14,0
45808861,14069,1156,2,421,2017,4,1,5,2.3,55000,4,0,1,1,0,1,4
45802096,8467,1082.27272727273,6,182,1999,9,0,1,2.2,1111,4,1,2,1,0,0,6
45787198,12388,761,7,643,2010,3,0,2,1.8,141000,4,0,1,1,0,1,12
45774298,2509,642,0,50,2012,9,1,5,2,237933,4,0,2,1,0,2,12
45631958,16935,765,2,465,2015,9,1,5,2,71454,4,0,1,1,0,1,0
45625981,157,1451,0,871,2011,9,1,5,4.4,139363,8,0,0,1,0,1,0
45798233,22580,377.528,1,853,2011,3,1,6,1.4,248000,4,0,1,1,0,7,0
45804675,33236,770,4,817,2016,4,1,1,1.7,175200,4,0,1,1,0,12,4
45803512,11604,639,4,748,2014,9,1,4,2,384418,4,0,1,1,0,12,4
45809508,20347,640,1,289,2013,4,1,1,2,170000,4,0,1,1,0,1,4
45801998,38737,765,4,522,2015,1,1,5,2,93000,4,0,1,1,0,14,4
45648181,392,781,7,268,2012,9,1,2,2.5,314373,4,0,1,1,0,7,12
45803715,24183,639,4,817,2014,4,1,1,2,42701,4,0,1,1,0,14,4
45796988,26306,1091,4,526,2016,10,1,1,2.5,199596,4,0,1,1,0,12,4
45650396,5645,1324,7,535,2010,4,1,2,3.3,264877,6,0,0,1,0,14,12
45803370,15367,640,4,748,2013,9,1,5,2,31381,4,0,1,1,0,14,4
45610548,14426,1429.8433516297,6,597,2003,4,1,1,2.7,210000,6,2,0,1,0,12,6
45768326,3293,645,7,643,2011,1,1,2,1.8,229461,4,0,1,1,0,1,12
45732856,10036,891,4,748,2016,9,1,4,2,128965,4,0,1,1,0,8,4
45801713,10976,1496.78125,6,174,2001,9,0,5,2,20000,4,1,2,1,0,2,8
45816571,1490,697,4,387,2015,9,1,5,1.8,178686,4,0,1,1,0,12,12
45763081,23521,1058,7,535,2012,4,1,5,3.5,140966,6,0,0,1,0,1,12
45813940,3136,919,6,605,2012,4,1,1,3,180251,6,0,0,1,0,14,12
45785819,10036,862,6,188,2002,9,1,4,2.6,300000,6,2,2,1,0,1,8
45733417,49751,891,4,748,2016,9,1,5,2,17996,4,0,1,1,0,14,4
45815465,2352,1273,5,553,2015,9,1,5,3.5,80856,6,0,0,1,0,1,12
45776565,2300,970.867153989687,2,310,1999,1,1,5,2.5,130000,6,1,1,0,0,12,6
45792365,3450,784,7,896,2017,3,1,5,1.5,67357,4,0,1,1,0,14,12
45812787,1646,777,7,268,2014,9,1,5,2.5,92891,4,0,1,1,0,14,12
45793035,6272,827,1,317,2010,9,1,5,2,67381,4,0,1,1,0,12,4
45774030,20698,831,3,312,2018,9,1,5,1.5,56261,4,0,0,1,0,2,12
45768297,470,645,7,643,2011,9,1,2,1.8,353606,4,0,1,1,0,7,12
45815435,862,891,5,548,2016,9,1,5,2,62938,4,0,2,1,0,1,12
45762429,5018,1292,0,871,2016,4,1,5,3,0,6,0,0,1,0,7,12
45771225,4861,1058,6,361,2012,9,1,1,3.5,128202,6,0,2,1,0,1,12
45648572,21639,1172,7,535,2011,9,1,2,3.5,368064,6,0,0,1,0,7,12
45815393,392,1273,7,792,2009,8,1,5,2.7,335291,4,0,2,1,0,14,12
45781952,15681,1429.8433516297,6,371,1996,9,1,4,4.2,125000,8,0,2,1,0,1,12
45781539,12544,741.884259259259,3,425,2010,3,0,5,1.3,127000,4,0,1,1,1,1,0
45815973,1254,642,4,387,2012,9,1,5,2,219773,4,0,1,1,0,2,12
45803628,12544,1024,4,526,2010,7,1,1,2.5,65283,4,0,1,1,0,12,4
45803202,15681,891,4,748,2016,9,1,4,2,257102,4,0,1,1,0,12,4
45815905,3450,765,4,387,2015,9,1,5,2,125890,4,0,1,1,0,3,12
45769476,1019,765,4,817,2015,4,1,5,2,0,4,0,1,1,0,1,0
45816522,47,639,4,387,2014,3,1,5,2,57590,4,0,1,1,0,7,12
45358427,22580,777,7,278,2014,9,1,5,2.5,95000,4,2,1,1,0,1,12
45803157,13172,891,4,748,2016,9,1,4,2,388495,4,0,1,1,0,8,4
45645351,26657,919,6,605,2012,4,1,1,3,271701,6,0,0,1,0,14,12
45801260,42337,1269,0,891,2009,4,1,5,3.5,133000,6,2,0,1,0,1,10
45770838,6272,722,6,746,2004,0,0,1,0.8,22000,3,2,2,0,0,1,2
45411069,53000,1327,7,268,2018,9,0,5,2.5,7000,4,2,1,1,0,12,12
45769214,627,1058,6,361,2012,9,1,1,3.5,318285,6,0,0,1,0,1,12
45771864,314,1172,6,361,2011,9,1,1,3.5,132630,6,0,2,1,0,12,12
45792280,37947,1714,6,502,2017,4,1,5,3.5,21178,6,0,0,1,0,1,12
45732140,41547,639,4,733,2014,4,1,1,2,133169,4,0,1,1,0,14,4
45797138,16549,707,4,522,2011,1,1,5,2,107005,4,0,1,1,0,7,4
45676650,18814,586,7,643,2012,9,0,2,1.8,193000,4,0,1,1,0,7,6
45814821,1725,1099,7,832,2010,4,1,5,2.7,176437,4,0,0,1,0,14,12
45803104,32412,640,4,733,2013,4,1,1,2,144000,4,0,1,1,0,12,4
45787400,6800,1338.90845620294,0,78,2000,9,0,5,2.5,157000,6,1,2,1,0,2,4
45718596,23521,781,7,268,2012,9,1,2,2.5,52000,4,3,1,1,0,12,12
45815301,13799,1429.8433516297,6,19,2002,9,0,1,2.7,354300,6,2,1,1,0,12,6
45777224,18189,585,6,198,2013,9,1,5,1.8,166400,4,2,2,1,0,1,12
45767415,470,761,7,643,2010,4,1,2,1.8,408997,4,0,1,1,0,14,12
45804147,27654,836,4,817,2010,4,1,1,2,100563,4,0,1,1,0,12,4
45804895,9095,1429.8433516297,6,709,1999,9,1,4,3.2,157000,6,2,2,1,0,14,8
45281242,8938,843,7,643,2008,9,0,2,1.5,133016,4,0,1,1,0,0,8
45732680,18817,891,4,748,2016,9,1,4,2,287140,4,0,1,1,0,14,4
45503627,13485,888.488372093023,7,643,2007,9,0,2,1.5,132000,4,3,1,1,0,7,11
45656699,2666,1018,6,605,2011,4,1,1,3,0,6,0,0,1,0,1,12
45804192,25889,836,4,817,2010,4,1,1,2,127105,4,0,1,1,0,12,4
45809837,18519,585,1,317,2013,9,1,5,1.8,61573,4,0,1,1,0,14,4
45651914,392,640,2,465,2013,9,1,2,2,215965,4,0,1,1,0,1,0
45653996,15500,1429.8433516297,6,359,2004,9,1,0,3.2,315994,4,0,0,1,0,12,8
45792000,10000,473,1,317,2014,9,0,5,1.4,87000,4,2,1,1,0,12,8
45283485,14069,1017,6,501,2017,4,1,5,2,28226,8,2,0,1,0,14,12
45765081,94,1017,6,355,2017,9,1,5,2,1600,4,0,2,1,0,1,12
45658584,8154,1750,5,693,2008,4,1,2,3.3,224629,6,0,0,1,0,12,12
45803333,11604,639,4,748,2014,9,1,4,2,386544,4,0,1,1,0,12,4
45757346,10349,790,1,162,2009,9,0,5,1.6,58000,4,0,1,1,0,4,7
45754923,16308,584,4,387,2014,9,0,5,1.8,110000,4,2,1,1,0,4,8
45769879,9722,1434.33333333333,6,335,2000,9,0,1,2.2,235000,4,1,2,1,0,2,6
45579304,8467,1236,3,425,2011,3,0,2,1.3,118000,4,3,1,1,1,14,4
45722798,10036,988,7,643,2007,9,1,2,1.5,170000,4,3,1,1,0,11,10
45806565,862,579,7,268,2017,9,1,2,2.5,174923,4,0,1,1,0,1,12
45767698,24775,940.695652173913,7,680,2011,4,0,5,2.5,105600,4,0,0,1,0,14,4
45813190,40769,1327,7,268,2018,9,1,5,2.5,31000,6,2,2,1,0,7,12
45782135,12544,765,2,452,2015,9,0,5,2,119000,4,1,1,1,0,12,12
45809094,26017,640,1,289,2013,4,1,1,2,99108,4,0,1,1,0,7,4
45797850,18826,531,4,387,2012,9,1,5,1.6,116891,4,0,1,1,0,14,4
45733658,57698,765,4,748,2015,9,1,5,2,32170,4,0,1,1,0,7,4
45769802,54568,1360,5,517,2013,4,1,5,4.6,202651,8,0,0,1,0,1,0
45644647,706,394,7,268,2014,9,1,2,2.5,115312,4,0,1,1,0,7,12
45809564,28592,501,3,425,2014,3,1,5,1.5,119130,4,0,1,1,0,1,4
45647860,5018,779,7,268,2013,9,1,2,2.5,190549,4,0,1,1,0,1,12
45621479,9700,364,7,849,2012,3,0,5,1,135000,4,3,1,1,0,14,2
45476706,40,1599.33333333333,3,425,2005,3,0,5,1.3,100000,4,3,1,1,1,14,4
45654474,5018,1399,5,701,2010,4,1,2,3.5,167222,6,0,0,1,0,1,12
45769084,26971,1820,7,792,2019,9,1,5,3.5,18555,6,0,0,1,0,1,12
45809250,32973,640,1,289,2013,4,1,1,2,62707,4,0,1,1,0,14,4
45767271,20385,1598,0,50,2009,9,1,5,3,162000,6,2,2,1,0,12,10
45813784,18189,1271.22222222222,7,268,2009,9,1,2,2.4,16320,4,3,1,1,0,12,9
45656553,11917,690,5,701,2016,4,1,2,3.5,59858,6,0,1,1,0,12,12
45648876,1098,394,7,268,2014,9,1,2,2.5,398069,4,0,1,1,0,1,12
45766620,46101,1325,7,268,2019,9,1,5,2.5,25816,4,0,1,1,0,1,12
45653120,784,448,3,560,2012,3,1,2,1.3,321269,4,0,1,1,0,11,0
45760264,20385,831,7,268,2011,9,1,2,2.4,150000,4,3,1,1,0,12,12
45733467,44134,891,4,748,2016,9,1,5,2,62621,4,0,1,1,0,1,4
45776998,26657,1017,4,387,2017,9,0,5,2,70000,4,0,1,1,0,1,6
45721094,11290,741.884259259259,3,425,2013,3,0,2,1.3,180000,4,3,1,1,1,12,2
45803479,9252,765,4,748,2015,9,1,4,2,534501,4,0,1,1,0,8,4
45488448,20698,1271.22222222222,7,268,2008,9,1,2,2.4,268800,4,3,1,1,0,14,12
45814850,39201,1429.8433516297,6,602,2009,4,1,1,3,120345,6,2,0,1,0,1,8
45773689,3763,518,7,268,2016,4,1,2,2.5,39741,4,0,1,1,0,1,12
45112342,7527,875,7,640,2012,3,0,5,1,118000,3,3,1,1,1,12,2
45652836,706,751,4,748,2013,9,1,2,2.4,0,4,0,1,1,0,14,0
45717982,21012,640,2,215,2013,9,1,2,2,160008,5,0,1,1,0,0,10
45680666,39201,940.695652173913,7,680,2015,4,0,5,2.5,88000,4,2,0,2,0,10,12
45758293,862,2455,5,517,2008,4,1,5,2,263190,8,0,0,1,0,14,0
43678074,10500,1090.33333333333,2,805,2009,2,0,1,1.8,215000,4,1,1,1,0,8,4
45477514,20071,582.788167938931,7,643,2012,3,0,2,1.8,171200,4,0,1,1,0,12,9
45602856,37633,985.7,5,549,2015,9,1,5,2.5,90000,4,2,2,2,0,12,8
45721228,30,1599.33333333333,3,425,2003,3,0,5,1.3,0,4,0,1,1,1,11,4
40132311,6272,1268,3,425,2012,3,1,2,1.5,141302,4,3,1,1,1,13,2
41244276,19444,1338.90845620294,0,106,2005,9,1,5,4.4,220000,8,2,2,1,0,14,10
45656397,34811,919,0,871,2012,4,1,1,3,70994,6,0,0,1,0,1,0
45789463,14426,475,1,317,2012,9,1,5,1.4,108800,4,2,1,1,0,4,0
45702018,29479,642,0,865,2012,4,1,5,2,102400,4,2,0,1,0,2,12
44960266,26657,798.780396435111,4,163,2013,9,1,5,3.3,93000,6,2,1,1,0,1,12
45769187,784,781,2,409,2012,4,1,2,2.5,95349,4,0,1,1,0,2,0
45642008,3450,607,7,268,2019,9,1,2,2.5,9626,4,0,1,1,0,1,12
45809046,14069,1053,2,424,2014,9,1,5,3.5,91193,4,0,1,1,0,14,4
45759866,61154,1646,5,517,2015,4,1,5,4.6,273493,8,0,0,1,0,12,0
45700731,15681,777,7,268,2014,9,1,5,2.5,115000,4,2,1,1,0,7,12
45804831,32245,639,4,817,2014,4,1,1,2,114406,4,0,1,1,0,1,4
45809113,21683,732,3,425,2018,3,1,5,1.3,10970,4,0,1,1,0,12,4
45700610,17876,586,4,387,2012,9,1,5,1.8,80000,4,2,1,1,0,14,6
45789119,12544,574,3,560,2010,9,0,2,1.3,173000,4,0,1,1,0,1,8
45798087,9408,1529,0,30,2002,1,0,5,2,222000,4,1,2,0,0,12,6
45802329,34419,1249,4,526,2017,10,1,1,2.5,184189,4,0,1,1,0,12,4
45803363,25716,891,4,748,2016,9,1,4,2,57491,4,0,1,1,0,11,4
45805637,8781,1848,6,335,1998,9,0,1,2.2,0,4,1,2,1,0,2,4
45731418,34108,777,4,526,2014,7,1,1,2.5,97010,4,0,1,1,0,7,4
45787163,3450,1660.25983796296,2,799,1986,6,0,1,2.5,99999,4,1,2,1,0,2,0
45772078,3763,832,7,792,2014,4,1,5,2.7,64994,4,0,2,1,0,7,12
45780832,6586,939.882352941176,7,849,1999,3,0,5,1,0,4,0,1,1,1,11,2
45462026,43905,1338.90845620294,0,90,2010,3,1,1,3,165000,6,0,0,1,0,12,12
45781095,21953,308,7,643,2014,9,1,2,1.8,111000,4,3,1,1,0,11,14
45790271,35438,639,4,733,2014,4,1,5,2,15000,4,2,1,0,0,3,12
44677990,24000,1829,7,220,2019,4,0,5,1.2,84000,4,2,1,1,1,4,8
42866369,20228,891,4,396,2016,9,1,5,2,25077,4,0,1,1,0,11,8
45766422,2195,1091,7,268,2016,9,1,5,2.5,114389,4,0,1,1,0,2,12
45733596,69502,1079,4,748,2018,9,1,5,2,28750,4,0,1,1,0,7,4
45812925,9722,583,2,448,2011,9,0,5,1.6,216000,4,0,1,1,0,2,4
45709681,15994,673.483990147783,4,387,2013,9,0,5,1.8,45000,4,0,1,1,0,12,8
45812804,470,1249,7,268,2017,9,1,5,2.5,63083,4,0,1,1,0,1,12
45795874,40769,917,6,605,2013,4,1,1,3,244800,6,0,0,1,0,14,8
45797107,13796,836,4,522,2010,1,1,5,2,170000,4,0,1,1,0,1,4
45756988,14426,1841,6,347,2002,9,1,1,2.7,350000,5,2,2,1,0,2,4
45732045,53154,891,4,733,2016,4,1,1,2,102313,4,0,1,1,0,14,4
45784613,33086,798.697674418605,0,50,2014,9,1,5,2,127000,4,2,2,1,0,1,10
45781085,14426,761,7,643,2010,9,0,5,1.8,225600,4,0,1,1,0,7,8
45802956,14583,911,4,733,2010,4,1,1,2.2,61146,4,0,1,1,0,14,4
45816075,8467,1533.25,2,799,2000,6,0,1,2,376000,4,1,1,1,1,14,4
45802046,21953,673.483990147783,4,387,2016,9,1,5,1.8,69000,4,0,1,1,0,12,16
45341587,6272,629,2,448,2015,9,0,5,1.6,93500,4,0,1,1,0,12,10
45731043,40183,1091,4,526,2016,10,1,1,2.5,92003,4,0,1,1,0,1,4
45810297,22567,640,1,620,2013,9,1,5,2,201612,4,0,1,1,0,14,4
45813093,5959,1527,6,174,1996,9,0,0,1.8,280000,4,1,2,1,0,14,2
45809239,13310,527,3,425,2015,3,1,5,1.3,101920,4,0,1,1,0,12,4
45655506,4391,308,7,643,2014,3,1,2,1.8,151923,4,0,1,1,0,14,12
45813279,40000,1091,7,680,2016,4,0,5,2.5,70400,4,0,0,1,0,1,10
45637904,25086,582.788167938931,7,643,2015,3,0,2,1.8,0,4,0,1,1,0,12,12
45789710,12544,586,1,317,2012,9,0,5,1.8,216000,4,1,1,1,0,12,6
45804852,25597,639,4,817,2014,4,1,1,2,220240,4,0,1,1,0,7,4
45801968,18503,730,4,387,2016,9,1,4,1.6,29864,4,0,1,1,0,12,4
45802024,10349,836,4,522,2010,1,1,5,2,125126,4,0,1,1,0,1,4
45793362,12544,888.488372093023,7,643,2008,9,0,5,1.5,200000,4,0,1,1,0,12,6
45811587,1882,1694,6,483,2016,4,1,5,4,74990,8,0,0,1,0,14,12
45809126,29075,1234,2,630,2011,1,1,5,3.7,142016,4,0,1,1,0,1,4
45764129,52059,1363,5,516,2012,4,1,5,4.6,229334,8,0,0,1,0,1,0
42372005,10100,1266,7,145,2014,3,0,2,1.5,50000,4,0,1,1,1,14,4
45454613,12544,645,4,387,2011,9,1,5,1.8,163200,4,0,1,1,0,4,12
45660608,314,1399,5,701,2010,4,1,2,3.5,382746,6,0,0,1,0,12,12
45654111,470,1018,6,605,2011,4,1,1,3,275862,6,0,0,1,0,12,12
45775869,4500,2084,2,799,1996,2,0,1,2.5,11000,4,1,2,1,0,2,1
37526422,35124,1682.5,6,722,2007,9,1,5,2,225000,8,2,2,1,0,1,12
45749619,11447,1711.27272727273,0,871,2001,4,1,4,3,250000,6,0,0,1,0,12,12
45810035,59827,1077,3,293,2019,9,1,5,2,8115,4,0,1,1,0,7,4
38794452,13799,761,7,643,2010,3,0,2,1.8,182860,4,0,1,1,0,9,10
45732707,15681,891,4,748,2016,9,1,4,2,285486,4,0,1,1,0,12,4
45760108,251,645,5,258,2011,3,1,2,1.8,95590,4,0,1,1,0,14,0
45774348,549,751,4,748,2013,9,1,5,2.4,149123,4,0,1,1,0,2,12
45787838,8154,1599.33333333333,3,425,2007,3,0,5,1.3,190000,4,3,1,1,1,7,4
45651207,220,1399,5,701,2010,4,1,2,3.5,317470,6,0,0,1,0,7,12
45813610,3293,481,2,465,2017,9,1,2,2,235150,4,0,1,1,0,14,12
45772743,4861,1058,6,361,2012,9,1,1,3.5,128202,6,0,2,1,0,1,12
45798315,18503,730,4,387,2016,9,1,4,1.6,31151,4,0,1,1,0,12,4
45801041,16308,872.02838865217,7,584,1997,4,0,5,2.7,213700,4,0,0,0,1,6,2
45773887,22580,1017,6,355,2017,9,1,5,2,50930,4,0,2,1,0,1,12
45683988,12231,1552,7,145,2015,10,0,2,1.5,1000,4,0,1,1,1,12,2
45808587,549,761,7,298,2010,9,1,5,1.8,305237,4,0,1,1,0,12,12
45772842,627,586,5,258,2012,3,1,2,1.8,142394,4,0,1,1,0,14,0
45344643,8467,1599.33333333333,3,425,2005,3,0,5,1.3,178000,4,3,1,1,1,12,4
45803901,23414,836,4,817,2010,4,1,1,2,118129,4,0,1,1,0,7,4
45760174,862,2455,5,517,2008,4,1,5,2,280354,8,0,0,1,0,14,0
44730542,17500,1711.27272727273,0,871,2004,4,1,5,4.4,194000,8,2,0,1,0,2,10
45816127,31361,1172,6,510,2011,4,1,5,3.5,185600,6,2,0,1,0,1,10
45814734,31988,691.5,7,279,2012,9,1,2,2.5,85000,4,0,1,1,0,1,6
45797515,20266,531,4,387,2012,9,1,5,1.6,83198,4,0,1,1,0,1,4
45773952,9252,781,7,268,2012,9,1,2,2.5,361035,4,0,1,1,0,1,12
45802388,23772,781,4,526,2012,7,1,1,2.5,54595,4,0,1,1,0,7,4
45604020,15053,781,7,268,2012,9,0,2,2.5,142735,4,2,1,1,0,1,12
45801534,11917,531,4,387,2012,9,1,5,1.6,130658,4,0,1,1,0,14,4
45768742,941,986,7,268,2010,9,1,2,2.4,390533,4,0,1,1,0,12,12
45648797,706,394,7,268,2014,9,1,2,2.5,115312,4,0,1,1,0,7,12
45792024,21012,521,1,853,2011,9,0,2,1.4,304000,4,0,1,1,0,12,0
45794120,80,757.14552238806,7,268,2014,9,0,2,2.4,0,6,0,1,1,0,1,6
45794542,11917,741.884259259259,3,425,2013,3,0,2,1.3,130000,4,3,1,1,1,14,4
45804479,24123,836,4,817,2010,4,1,1,2,135720,4,0,1,1,0,1,4
45813567,32302,1301,0,594,2014,9,1,5,4.4,84341,8,0,2,1,0,8,12
45768242,13485,1096.58823529412,2,794,2014,9,1,4,3.8,338000,6,0,0,1,0,7,6
45794683,7213,819.6,3,293,2001,3,0,5,1.5,210000,4,3,1,1,1,12,2
45591470,14113,645,7,643,2011,3,0,5,1.8,174890,4,0,1,1,0,7,6
45810117,12570,761,1,575,2010,9,1,5,1.8,135702,4,0,1,1,0,1,4
45627071,18817,650,1,317,2016,9,0,5,1.4,52000,4,2,1,1,0,14,12
45539804,30734,1399,6,361,2010,9,1,5,3.5,16000,6,2,0,1,0,1,12
45805823,20385,769,2,799,2011,6,0,1,2.2,318000,4,1,2,0,0,14,2
45729595,28241,528,4,387,2014,9,1,5,1.6,73628,4,0,1,1,0,12,4
45809906,31819,308,7,145,2015,10,1,2,1.5,44272,4,0,1,1,0,6,4
45783848,7840,1338.90845620294,0,49,2000,1,1,5,2.5,240000,6,2,2,0,0,12,0
45765618,14583,834,7,792,2013,4,1,5,2.7,265558,4,0,2,1,0,14,12
44828493,4234,1429.8433516297,6,11,1989,9,0,5,2,0,4,1,2,1,0,14,0
45801485,13589,531,4,387,2012,9,1,5,1.6,218000,4,0,1,1,0,7,4
45784718,21169,582.788167938931,7,643,2012,9,1,2,1.8,95000,4,0,1,1,0,12,16
45602657,26030,1429.8433516297,6,202,2012,9,1,5,3,160000,6,2,0,1,0,1,12
45804345,22947,707,4,817,2011,4,1,1,2,163008,4,0,1,1,0,7,4
45629880,16935,765,2,465,2015,9,1,5,2,71454,4,0,1,1,0,1,0
45815920,1960,900,4,733,2015,4,1,5,2.4,143864,4,0,1,1,0,7,12
45808870,7514,531,1,162,2012,3,1,5,1.6,62145,4,0,1,1,0,14,4
45802934,43216,891,4,733,2016,4,1,1,2,153000,4,0,1,1,0,1,4
45778320,9095,1599.33333333333,3,425,2008,9,0,5,1.3,180000,4,0,2,1,1,1,7
45373583,19800,586,7,643,2012,3,1,2,1.8,170000,4,0,1,1,0,12,12
45422964,18189,1451.8,7,680,2006,4,0,5,2.4,190000,4,0,0,1,0,12,6
45772575,22580,1017,6,355,2017,9,1,5,2,50930,4,0,2,1,0,1,12
45781509,23207,1429.8433516297,6,602,2007,4,1,1,3.2,320000,6,0,0,1,0,1,8
45767170,37633,1091,7,271,2016,9,0,5,2.5,17200,4,2,1,1,0,2,12
45766232,30734,1053,6,361,2014,9,1,1,3.5,200179,6,0,0,1,0,1,12
45763347,3763,751,4,817,2013,4,1,5,2.4,53717,4,0,0,1,0,12,0
45732139,41547,765,4,733,2015,4,1,1,2,68515,4,0,1,1,0,7,4
45803390,11604,639,4,748,2014,9,1,4,2,352050,4,0,1,1,0,12,4
45465216,5488,1077,7,220,2019,4,1,5,2,78424,4,0,1,1,0,11,12
45788882,5331,1527,6,174,1996,9,0,5,1.8,290000,6,0,2,1,0,12,4
45594804,13485,584,1,317,2014,9,0,5,1.8,64111,4,2,1,1,0,1,8
45787407,18189,765,2,460,2015,9,0,5,2,59342,4,0,1,1,0,14,12
45797710,19914,1347,4,526,2008,7,1,1,2.5,42442,4,0,1,1,0,12,4
43487083,80,1888,0,87,2007,9,1,5,2.5,100000,6,0,2,1,0,2,6
45801868,14069,687,4,387,2010,9,1,5,1.6,129055,4,0,1,1,0,1,4
45812629,13172,1429.8433516297,6,357,2003,9,1,4,3.2,220000,6,2,1,1,0,14,8
45797984,16543,687,4,387,2010,9,1,5,1.6,79995,4,0,1,1,0,12,4
45796992,30085,777,4,526,2014,7,1,1,2.5,196654,4,0,1,1,0,14,4
45816585,706,810,4,387,2016,9,1,5,1.8,92981,4,0,1,1,0,14,12
45730873,15991,707,4,522,2011,1,1,5,2,112387,4,0,1,1,0,7,4
45728307,12231,173,0,904,2014,3,1,2,0.7,107926,2,0,2,1,0,12,12
45801007,15053,1521.27188940092,6,769,1998,6,0,1,3.5,128965,4,1,2,1,0,15,2
45802310,40688,1091,4,526,2016,10,1,1,2.5,135206,4,0,1,1,0,14,4
45758509,1254,1211,2,409,2010,4,1,5,3,358370,6,0,0,1,0,12,12
45770456,29479,917,0,97,2013,9,1,5,3,93493,6,2,2,1,0,2,12
45729851,27065,730,4,387,2016,9,1,4,1.6,71000,4,0,1,1,0,14,4
45806460,784,1493,3,638,2016,9,1,5,3.5,203338,6,0,1,1,0,7,12
45744972,22894,832.188679245283,2,409,2009,4,1,2,2.5,169000,4,0,2,1,0,14,12
45809851,12334,501,7,145,2014,3,1,5,1.5,121324,4,0,1,1,0,14,4
45775889,23521,1249,7,285,2017,9,1,5,2.5,153000,4,2,1,1,0,1,12
45781242,14426,1026.00733117836,3,440,2011,3,0,5,1.5,112000,4,2,1,1,1,1,5
45803035,42337,1017,4,733,2017,4,1,1,2,29853,4,0,1,1,0,14,4
45802103,30326,777,4,526,2014,10,1,1,2.5,245603,4,0,1,1,0,1,4
45777598,15053,642,4,748,2012,9,1,4,2,67017,4,0,1,1,0,12,4
45797852,10036,1024,4,526,2010,7,1,1,2.5,60517,4,0,1,1,0,15,4
44680685,20385,1271.22222222222,7,268,2009,9,1,5,2.5,152000,4,3,1,1,0,1,4
45813786,941,639,0,50,2014,9,1,1,2,250491,4,0,2,1,0,14,12
45770840,9722,584,7,568,2002,3,0,5,1.5,1000,4,0,1,1,1,3,2
45809887,17663,87,7,145,2012,3,1,5,0,118000,4,0,1,1,0,7,4
44816443,20385,585,3,293,2013,9,0,0,1.8,120000,4,0,1,1,0,14,6
45804369,20610,1024,5,549,2010,9,1,5,2.5,149218,4,0,1,1,0,12,4
45797349,28523,1514,4,522,2011,9,1,5,4.6,118432,4,0,1,1,0,1,4
45770544,8700,862,3,405,2004,7,0,5,3,323000,6,0,1,0,1,7,4
44454075,15053,704.859649122807,2,452,2014,9,0,5,2,33000,4,2,1,1,0,4,10
45808898,25089,777,7,268,2014,9,0,5,2.5,166400,4,2,1,1,0,12,10
45816074,2587,639,4,733,2014,4,1,5,2,174664,4,0,1,1,0,14,12
45789817,14069,1304,0,594,2013,1,1,5,4.4,79500,8,2,2,1,0,1,12
45810041,63152,784,3,293,2017,9,1,5,1.5,7176,4,0,1,1,0,2,4
44968279,11290,531,4,827,2012,9,1,5,1.6,136000,4,2,1,1,0,15,8
45803067,54186,891,4,733,2016,4,1,1,2,95131,4,0,1,1,0,1,4
45773738,30734,1053,6,361,2014,9,1,1,3.5,200179,6,0,0,1,0,1,12
45764470,9879,1018,6,361,2011,9,1,1,3,273186,6,0,2,1,0,14,12
45316133,21012,308,7,643,2014,3,0,2,1.8,112000,4,0,1,1,0,14,12
45803463,15060,765,4,748,2015,9,1,4,2,160717,4,0,1,1,0,12,4
45764827,314,1624,6,361,2009,9,1,1,3.5,266061,6,0,0,1,0,1,12
45776029,18817,749.991967871486,7,145,2014,9,0,2,1.5,64000,4,0,1,1,0,8,8
45656442,1019,917,0,871,2013,4,1,1,3,137802,6,0,0,1,0,1,0
45803495,7527,836,4,748,2010,9,1,4,2,89181,4,0,1,1,0,12,4
45646950,862,394,7,268,2014,9,1,2,2.5,130478,4,0,1,1,0,14,12
45793136,4234,789,1,317,2009,9,1,5,1.6,45256,4,0,1,1,0,14,4
45732796,16443,640,4,748,2013,9,1,5,2,162000,4,0,1,1,0,7,4
45760893,17249,1684.925,6,361,2006,9,1,5,3.7,245000,6,2,2,1,0,12,12
45732543,54807,891,4,733,2016,4,1,1,2,59000,4,0,1,1,0,7,4
45758445,16308,584,4,387,2014,9,0,5,1.8,110000,4,2,1,1,0,7,4
45790483,15681,585,4,387,2013,9,0,5,1.8,102675,4,0,1,1,0,1,0
45772590,314,1017,6,355,2017,9,1,5,2,26802,4,0,2,1,0,1,12
45642721,8781,431,2,465,2016,9,1,2,2,194974,4,0,1,1,0,1,0
45756797,31361,1429.8433516297,6,194,2013,9,1,5,1.8,185000,4,2,2,1,0,14,10
45801457,13454,528,4,138,2014,9,1,1,1.6,49248,4,0,1,1,0,12,4
45637397,8450,1527,6,174,1999,9,0,5,1.8,218374,4,1,2,1,0,12,12
45646338,392,779,7,268,2013,9,1,2,2.5,232032,4,0,1,1,0,12,12
45751267,1568,749,1,407,2014,4,1,5,2.4,251514,4,0,1,1,0,1,12
45761846,37633,779,7,680,2013,4,0,5,2.5,128965,4,2,0,1,0,6,8
45809595,30906,501,3,425,2014,3,1,5,1.5,52800,4,0,1,1,0,8,4
45804777,38060,891,4,817,2016,4,1,1,2,71826,4,0,1,1,0,14,4
45228982,55,872.02838865217,7,653,2013,3,1,2,1.5,65000,4,0,1,1,0,7,2
45781978,21953,738,1,317,2017,9,0,5,1.4,16000,4,2,1,1,0,11,12
45809297,5300,447,3,425,2013,3,1,2,1.3,97536,4,0,1,1,0,14,4
45769034,1882,1053,6,361,2014,9,1,5,3.5,146395,6,0,2,1,0,7,12
45810040,33494,595,7,145,2015,3,1,5,1.5,29000,4,0,1,1,0,12,4
45725137,15524,586,7,643,2012,3,0,2,1.8,260000,4,0,1,1,0,2,8
45816465,7213,858,1,575,2005,9,0,5,1.6,200000,4,1,1,1,0,12,2
45771391,314,2410,6,361,2010,9,1,5,2,274771,8,0,2,1,0,14,12
45764555,22580,1172,7,535,2011,4,1,5,3.5,368064,6,0,0,1,0,7,12
45127563,38260,1682.5,6,722,2007,9,1,5,2,148000,8,2,2,1,0,1,12
45673185,19130,738,1,321,2017,9,0,5,1.4,104000,6,0,1,1,0,12,8
45651691,157,1172,6,605,2011,4,1,1,3.5,220323,6,0,0,1,0,1,12
45789780,3136,565,1,626,2007,9,1,5,0.8,103486,3,0,1,1,0,14,4
45773702,627,1172,6,361,2011,9,1,1,3.5,230696,6,0,0,1,0,1,12
45773270,627,1341,7,298,2006,9,1,5,1.8,479998,4,0,1,1,0,12,12
45465978,10976,843,7,643,2008,3,1,2,1.5,147000,4,0,1,1,0,6,6
45759105,61154,1646,5,517,2015,4,1,5,4.6,273493,8,0,0,1,0,12,0
45801671,19121,531,4,387,2012,9,1,5,1.6,180000,4,0,1,1,0,7,4
45784458,10976,878,2,805,2009,2,0,1,1.8,170000,4,1,1,2,0,14,2
45234323,21639,1711.27272727273,0,871,2004,4,1,1,3,246000,6,2,0,1,0,1,12
45733393,67404,765,4,748,2015,9,1,5,2,43628,4,0,1,1,0,14,4
45806576,10349,1079,7,70,2018,4,1,5,2,78579,4,0,1,1,0,10,12
45810047,11290,2084,2,799,1997,6,0,1,2.5,0,4,1,2,1,0,14,2
45766313,188,1185,2,409,2009,4,1,2,2.5,196682,4,0,1,1,0,1,0
45767648,549,585,7,643,2013,9,1,2,1.8,298248,4,0,1,1,0,14,12
45793634,6272,1282,1,289,2007,4,1,1,2,78972,4,0,1,1,0,12,4
45813857,1176,777,2,465,2014,9,1,5,2.5,128965,4,0,1,1,0,14,12
45647918,314,779,7,268,2013,9,1,2,2.5,225510,4,0,1,1,0,14,12
41217940,40,1599.33333333333,3,425,2003,3,0,5,1.5,150000,4,0,1,1,1,7,6
45804442,35570,1624,5,694,2009,4,1,5,3.5,82343,4,0,1,1,0,14,4
45810543,21181,640,1,639,2013,4,1,1,2,143894,4,0,1,1,0,7,4
45771974,392,862,2,420,2007,4,1,5,2,280429,8,0,1,1,0,7,12
45767920,862,447,3,560,2013,3,1,2,1.3,143597,4,0,1,1,0,12,0
45767425,5802,1055,6,361,2013,9,1,1,3.5,107800,6,0,2,1,0,7,12
45758186,314,862,2,409,2011,4,1,2,2.5,130306,4,0,0,1,0,6,0
45789002,36065,2366.56363636364,5,517,2004,4,1,4,2,197000,8,0,0,1,0,7,10
45655579,706,761,7,643,2010,3,1,2,1.8,73402,4,0,1,1,0,14,12
45089354,45473,639,0,84,2014,9,1,5,2,70000,4,2,2,2,0,1,10
45770379,14740,529.21686746988,3,560,2010,3,0,4,1.3,320000,4,0,1,1,0,14,4
45332088,14740,1119.75,7,298,2007,9,0,5,1.4,241000,4,1,1,1,0,2,4
45802159,30085,777,4,526,2014,7,1,1,2.5,196654,4,0,1,1,0,14,4
45656657,188,490,3,560,2011,3,1,2,1.3,216858,4,0,1,1,0,7,0
45790477,15681,586,4,387,2012,9,0,5,1.8,127226,4,0,1,1,0,2,0
45783289,15053,810,4,387,2016,9,0,5,1.8,80000,4,2,1,1,0,7,12
45805620,13172,888.488372093023,7,643,2007,9,0,2,1.5,200000,4,0,1,1,0,14,4
45805495,34497,1018,0,871,2011,4,1,1,3,250000,6,2,0,1,0,7,10
45802134,68223,1327,4,526,2018,10,1,1,2.5,27406,4,0,1,1,0,15,4
45682336,41710,798.697674418605,0,50,2012,9,1,5,2,183000,4,2,2,1,0,12,12
45789109,470,456,7,268,2015,9,1,2,2.5,154312,4,0,1,1,0,1,12
45805903,51746,1384,6,251,2014,9,1,5,2,124893,8,2,0,1,0,1,12
45759910,24775,1429.8433516297,6,246,2005,1,1,5,3.5,92800,6,2,1,1,0,12,12
45766618,314,2410,6,361,2010,9,1,1,2,274771,8,0,2,1,0,14,12
45264871,16621,1018,2,409,2011,4,1,5,3,104000,6,0,0,2,0,1,6
45732037,53154,891,4,733,2016,4,1,1,2,119240,4,0,1,1,0,2,4
45786947,15681,1058,6,361,2012,9,1,5,3.5,70000,6,0,2,1,0,14,11
45775973,14740,658,3,560,2009,9,0,2,1.3,156000,4,3,1,1,0,1,4
45803016,15470,769,4,733,2011,4,1,1,2.2,75054,4,0,1,1,0,14,4
45815229,3058,784,7,896,2017,9,1,5,1.5,102322,4,0,1,1,0,14,12
45763942,16308,1701.21052631579,6,605,2004,4,1,0,3.7,279752,6,2,0,1,0,7,10
45809503,38182,595,3,425,2015,3,1,5,1.5,60539,4,0,1,1,0,1,4
45773189,5488,1553,1,156,2013,9,1,5,2,186448,8,0,1,1,0,1,12
42597264,13172,1026.00733117836,3,256,2010,1,0,2,1.5,185000,4,2,1,0,0,2,8
45662057,31,490,3,560,2011,3,1,2,1.3,198891,4,0,1,1,0,7,0
45789185,14069,891,5,691,2015,1,1,5,3.5,86000,6,2,0,0,0,7,16
45757771,18189,777,7,268,2014,9,1,5,2.5,12000,4,2,1,1,0,14,6
45776653,47042,2606,0,591,2010,9,1,5,2,94000,10,1,2,1,0,1,12
45647869,470,1018,6,605,2011,4,1,1,3,275862,6,0,0,1,0,12,12
45810478,32973,640,1,639,2013,4,1,1,2,37106,4,0,1,1,0,7,4
45796920,34692,1249,4,526,2017,10,1,1,2.5,188000,4,0,1,1,0,12,4
45790388,7997,1429.8433516297,6,602,2000,4,1,0,3.2,111111,6,2,0,1,0,7,12
45816187,7213,1429.8433516297,6,357,1998,9,1,5,3.2,253000,6,0,2,1,0,12,6
45801012,10400,1267,7,145,2013,3,0,2,1.5,135000,4,0,1,1,1,7,4
45778049,23521,1399,0,57,2010,9,1,5,3.5,94000,6,2,2,1,0,14,6
45659025,157,1172,6,605,2011,4,1,1,3.5,220323,6,0,0,1,0,1,12
45728350,4704,518,7,157,2016,9,1,2,2.5,31387,4,0,1,1,0,12,12
45761391,23521,781,7,680,2012,4,0,5,2.5,98000,4,2,1,1,0,1,10
45649719,1019,1055,5,701,2013,4,1,2,3.5,138038,6,0,1,1,0,14,12
43156754,13956,642,2,217,2012,3,1,6,2,199348,4,0,1,1,0,6,8
45795192,9095,761,2,805,2010,2,1,1,1.8,160000,4,1,1,0,0,12,4
45805377,13799,585,4,387,2013,9,0,5,1.8,130000,6,0,1,1,0,14,2
45768954,9879,1018,6,361,2011,9,1,1,3,273186,6,0,2,1,0,14,12
45782041,3450,1507.30769230769,6,837,2000,7,0,5,2.3,70300,4,1,1,1,1,12,8
44098271,55823,765,6,498,2015,4,1,5,2,63000,4,2,0,1,0,1,14
45732365,71647,1077,4,733,2019,4,1,1,2,47778,4,0,1,1,0,7,4
45732787,12858,640,4,748,2013,9,1,5,2,52668,4,0,1,1,0,1,4
45776831,13500,1429.8433516297,6,131,1997,6,0,1,2.9,111000,1,1,2,1,0,4,1
45769827,392,585,7,643,2013,9,1,2,1.8,114526,4,0,1,1,0,14,12
45806681,8781,1338.90845620294,0,52,1995,1,0,5,3.1,177000,6,1,2,0,0,11,0
45797040,34406,777,4,526,2014,7,1,1,2.5,115417,4,0,1,1,0,12,4
45758145,50,888.488372093023,7,643,2008,3,1,2,1.5,145579,4,0,1,1,0,12,8
45806200,8467,584,7,568,2005,3,0,5,1.3,138000,4,0,1,1,1,14,4
45809283,13397,447,3,425,2013,3,1,5,1.3,131200,4,0,1,1,0,1,4
45797925,18240,583,4,387,2011,9,1,5,1.6,161518,4,0,1,1,0,14,4
45786795,9400,988,7,643,2007,3,0,2,1.5,200000,4,0,1,1,0,12,8
45724333,11604,629,4,827,2015,3,0,5,1.6,62000,4,2,1,0,0,2,12
45770932,392,585,7,643,2013,4,1,2,1.8,114526,4,0,1,1,0,14,12
45803723,35269,1017,4,817,2017,4,1,1,2,150563,4,0,1,1,0,1,4
45731490,18669,862,4,526,2011,7,1,1,2.5,65564,4,0,1,1,0,12,4
45801419,21652,730,4,138,2016,9,1,1,1.6,107393,4,0,1,1,0,14,4
45797240,44533,1413,4,522,2016,9,1,5,3.3,33705,4,0,1,1,0,7,4
45803246,15681,891,4,748,2016,9,1,4,2,285486,4,0,1,1,0,12,4
45809531,19306,501,7,145,2014,3,1,5,1.5,71000,4,0,1,1,0,1,4
45756857,470,382,2,465,2015,9,1,2,2,149048,4,0,1,1,0,14,0
45811033,17876,394,5,379,2014,9,1,2,2.5,113002,4,0,1,1,0,1,12
45816495,22894,1429.8433516297,6,614,2005,4,1,5,2,200000,8,2,0,1,0,12,12
45809167,32311,1053,2,794,2014,9,1,5,3.5,154587,4,0,1,1,0,1,4
45732975,9252,765,4,748,2015,9,1,4,2,128965,4,0,1,1,0,8,4
45769599,6429,2225,7,822,2017,9,1,5,4.6,190875,8,0,0,1,0,14,12
45803943,16480,707,4,817,2011,4,1,1,2,245312,4,0,1,1,0,12,4
45793557,12544,1185,2,465,2009,9,1,2,2.5,264000,4,0,1,1,0,1,8
45390454,27284,777,7,268,2014,9,1,5,2.5,113600,4,0,1,1,0,12,8
45645924,392,779,7,268,2013,9,1,2,2.5,232032,4,0,1,1,0,12,12
45802891,41547,639,4,733,2014,4,1,1,2,133169,4,0,1,1,0,14,4
45812670,4704,738,1,317,2017,9,1,5,1.4,150453,4,0,1,1,0,14,12
45621627,13172,1793,6,361,2011,9,1,1,2,325811,8,0,0,1,0,1,12
45795280,31988,1329.79585953434,5,518,2003,4,1,5,2,147200,8,0,0,1,0,7,0
45655596,314,586,7,643,2012,3,1,2,1.8,418667,4,0,1,1,0,14,12
45797053,34657,777,4,526,2014,7,1,1,2.5,154672,4,0,1,1,0,12,4
45809416,23659,691,3,425,2017,3,1,5,1.3,49000,4,0,1,1,0,1,4
45809917,40954,382,7,145,2017,10,1,2,1.5,6589,4,0,1,1,0,6,4
45794085,15681,1711.27272727273,0,871,2001,4,1,1,3,111111,6,2,2,1,0,12,0
45810989,33243,2225,5,516,2017,4,1,5,4.6,69918,8,0,0,1,0,14,12
45787212,16308,582.788167938931,7,643,2010,3,0,2,1.8,185000,4,3,1,1,0,12,6
45813955,470,1481,6,370,2017,1,1,5,3,36866,6,0,2,0,0,12,12
45801904,19736,730,4,387,2016,9,1,1,1.6,37405,4,0,1,1,0,14,4
45792744,7370,530,1,162,2012,9,1,5,1.6,83244,4,0,1,1,0,1,4
45764911,54568,1363,5,516,2012,4,1,5,4.6,255406,8,0,0,1,0,1,0
45813603,1098,431,2,465,2016,9,1,2,2,287178,4,0,1,1,0,7,12
45730019,22894,673.483990147783,4,387,2014,9,1,5,1.8,112000,4,2,1,1,0,7,10
45730806,19601,629,4,387,2015,9,1,4,1.6,35607,4,0,1,1,0,14,4
45792605,20071,582.788167938931,7,643,2012,3,1,2,1.8,150000,4,3,1,1,1,12,8
45793930,7213,720.051834985287,1,318,2003,3,0,5,1.3,160000,4,0,1,1,1,11,2
45788825,15053,474,1,317,2013,9,1,5,1.4,16800,4,2,1,1,0,2,10
45510310,51746,2959,7,576,2008,4,1,5,2,138000,8,0,0,2,0,1,10
45788463,21326,1211,0,54,2010,9,1,5,3,94000,6,2,0,1,0,13,0
45732623,9164,765,4,748,2015,9,1,4,2,384212,4,0,1,1,0,8,4
45732551,31361,862,0,50,2013,9,1,5,2.8,108800,4,2,2,1,0,14,4
45646198,22894,1273,6,605,2015,4,1,1,3.5,79080,6,0,0,1,0,7,12
45788496,5331,1017.83783783784,6,355,1989,9,0,5,3,367000,6,0,2,1,0,7,0
41249712,70,673.483990147783,4,387,2013,9,1,5,1.8,120000,4,0,1,1,0,4,8
45809956,54822,1017,3,293,2017,9,1,5,2,28899,4,0,1,1,0,1,4
45802993,13360,707,4,733,2011,4,1,1,2,52876,4,0,1,1,0,12,4
45721222,30,1599.33333333333,3,425,2005,3,0,5,1.3,0,4,0,1,1,1,12,4
45802267,28423,777,4,526,2014,7,1,1,2.5,190000,4,0,1,1,0,14,4
45768343,18817,582.788167938931,7,643,2011,3,1,5,1.8,139300,4,0,1,1,0,14,6
45603421,12544,1434.33333333333,6,335,2004,9,0,1,2.2,259000,4,2,2,1,0,12,10
45729878,26770,629,4,387,2015,9,1,5,1.6,97896,4,0,1,1,0,2,4
45804909,31653,891,4,817,2016,4,1,1,2,41674,4,0,1,1,0,7,4
45416515,35438,1269,0,891,2009,4,1,5,4.4,128965,8,2,0,1,0,12,12
45803771,35846,877,4,817,2017,4,1,1,1.7,114886,4,0,1,1,0,14,4
45773734,29793,1053,6,361,2014,9,1,1,3.5,219030,6,0,0,1,0,1,12
45814977,3,1429.8433516297,6,482,2020,4,1,4,1.8,1212,12,1,0,2,0,10,0
45732786,20165,765,4,748,2015,9,1,5,2,14368,4,0,1,1,0,1,4
45808574,549,586,7,643,2012,3,1,2,1.8,297496,4,0,1,1,0,11,12
45810451,27924,891,1,639,2016,4,1,4,2,114058,4,0,1,1,0,14,4
45656512,941,1055,5,701,2013,4,1,2,3.5,361603,6,0,1,1,0,1,12
45763754,46728,1811,5,516,2010,4,1,5,4.6,260771,8,0,0,1,0,1,0
45582737,15681,586,7,665,2012,3,0,2,1.8,129202,4,0,1,1,0,2,10
45766234,12388,1399,6,361,2010,9,1,1,3.5,189530,6,0,0,1,0,1,12
45786938,25089,1429.8433516297,6,609,2008,4,1,4,3.5,151000,6,2,0,1,0,14,8
45763250,20385,455.705882352941,7,651,2012,3,0,2,1.5,177120,4,0,1,1,0,11,12
45775574,17249,455.705882352941,7,651,2014,3,0,2,1.5,120000,6,0,1,1,0,14,6
45807762,15500,1521.27188940092,6,769,1998,6,0,1,2.9,0,5,1,2,0,0,2,0
45812674,470,780,1,317,2019,9,1,5,1.4,17507,4,0,1,1,0,3,12
45781922,36065,518,7,268,2016,9,0,2,2.5,45000,5,0,1,1,0,2,12
45809374,26491,595,7,145,2015,3,1,5,1.5,67971,4,0,1,1,0,14,4
45393713,10663,1268,7,145,2012,3,0,2,1.5,128000,4,0,1,1,1,1,6
45809253,10569,271,3,425,2014,3,1,2,1.5,97512,4,0,1,1,0,2,4
45622667,7527,1111,3,425,2012,3,0,5,1.3,62000,4,2,1,1,1,14,6
45804627,38894,891,4,817,2016,4,1,1,2,116887,4,0,1,1,0,1,4
45793549,7840,961,1,289,2009,4,1,1,2,76559,4,0,1,1,0,1,4
45813055,392,761,7,643,2010,3,1,2,1.8,454699,4,0,1,1,0,1,12
45645014,549,1750,7,535,2008,4,1,2,3.3,260053,6,0,0,1,0,12,12
45709651,24462,474,1,853,2013,3,0,6,1.4,106000,4,0,1,1,0,1,10
44714840,26186,730,4,818,2016,4,0,5,1.6,52294,4,0,0,1,0,12,10
45757712,13015,640,2,465,2013,9,0,5,2,91779,4,0,1,1,0,12,0
45733575,41161,891,4,748,2016,9,1,5,2,77462,4,0,1,1,0,1,4
45809086,8467,308,7,145,2015,3,1,2,1.5,138513,4,0,1,1,0,14,4
45804340,23207,642,4,817,2012,4,1,1,2,122603,4,0,1,1,0,7,4
45793042,6272,760,1,317,2010,9,1,5,1.8,74806,4,0,1,1,0,1,4
45768206,1333,585,5,258,2013,9,1,2,1.8,0,4,0,1,1,0,11,0
45769239,69935,1646,5,517,2015,4,1,5,4.6,273493,8,0,0,1,0,12,0
45768938,26657,1429.8433516297,6,709,2001,9,1,5,3.2,270000,6,2,2,1,0,1,12
45766796,2195,645,4,387,2011,9,1,5,1.8,308501,4,0,1,1,0,2,12
45619733,11133,765,6,498,2015,4,1,5,2,99542,4,0,0,1,0,14,0
45797812,19121,531,4,387,2012,9,1,5,1.6,121362,4,0,1,1,0,1,4
45796313,18817,639,2,465,2014,9,1,5,2,151846,4,0,1,1,0,7,0
45773559,26657,1301,0,107,2014,9,1,5,4.4,84909,8,0,2,1,0,1,0
45797115,14062,966,4,522,2009,1,1,5,2,119021,4,0,1,1,0,7,4
45787434,13172,645,4,387,2011,9,0,5,1.8,150000,4,2,1,1,0,13,6
45733436,47694,765,4,748,2015,9,1,5,2,51115,4,0,1,1,0,7,4
45794565,13172,765,2,452,2015,3,0,5,2,217600,4,0,1,1,0,14,8
45813003,20385,650,1,317,2016,9,0,5,1.4,13120,4,2,1,1,0,14,12
45758230,12858,1363,5,516,2012,4,1,5,4.6,255406,8,0,0,1,0,1,0
43802990,14069,917,6,488,2013,4,1,1,3,99000,6,2,0,1,0,7,12
45782797,16935,1711.27272727273,0,871,2006,4,1,4,3,260000,6,2,0,1,0,7,10
44958482,8154,1515,6,184,2003,1,1,4,1.8,160000,4,0,2,0,0,5,6
45814017,15210,586,7,643,2012,3,1,2,1.8,72288,4,0,1,1,0,11,7
44114616,43592,377.528,1,853,2016,3,1,6,1.5,84000,4,0,1,1,0,12,12
45772336,1411,1624,6,361,2009,9,1,1,3.5,266061,6,0,0,1,0,1,12
45656841,6586,746,7,643,2009,3,1,2,1.5,173213,4,0,1,1,0,14,12
45656930,22894,1273,6,605,2015,4,1,1,3.5,79080,6,0,0,1,0,7,12
45769329,12074,1537,7,535,2009,4,1,2,3.3,420550,6,0,0,1,0,2,12
45806696,9722,761,7,643,2010,9,1,2,1.8,400000,4,3,1,1,0,4,8
45656245,188,308,7,643,2014,3,1,2,1.8,146019,4,0,1,1,0,14,12
45769860,9408,645,2,805,2011,2,0,1,1.8,219123,4,1,1,1,0,12,8
45730971,23207,1324,4,522,2010,9,1,5,3.3,194404,4,0,1,1,0,1,4
45649865,784,1646,5,516,2015,4,1,5,4.6,129931,8,0,0,1,0,1,0
45803125,13297,707,4,748,2011,9,1,5,2,149000,4,0,1,1,0,12,4
45766581,12544,645,4,387,2011,9,0,5,1.8,152000,4,0,1,1,0,12,8
45771196,21953,781,7,268,2012,9,0,5,2.5,102088,4,0,1,1,0,7,0
45814031,6,1681,0,35,2001,1,0,5,2.5,128965,6,1,2,0,0,14,0
45813075,941,639,4,387,2014,9,1,5,2,122566,4,0,1,1,0,12,12
45802223,42218,1091,4,526,2016,7,1,1,2.5,48800,4,0,1,1,0,12,4
45787352,17000,1195,6,837,2008,7,0,1,2.2,198700,4,1,2,0,0,14,6
45803347,15053,765,4,748,2015,9,1,4,2,128965,4,0,1,1,0,11,4
45768024,470,761,7,643,2010,4,1,2,1.8,408997,4,0,1,1,0,14,12
45465004,17876,1077,7,220,2019,4,1,5,2,29541,4,0,1,1,0,2,12
45787361,3136,970.867153989687,2,629,1995,3,0,0,1.6,250000,4,1,1,1,0,12,2
45804108,28830,707,4,817,2011,4,1,1,2,144166,4,0,1,1,0,1,4
45793892,32929,757.14552238806,7,268,2016,9,0,2,2.5,140000,4,0,1,1,0,2,12
45759243,39201,1811,5,516,2010,4,1,5,4.6,155821,8,0,0,1,0,1,0
44479385,14069,1020.57819905213,0,871,2014,4,1,1,2,260000,4,2,0,1,0,1,12
45758116,282,2455,5,517,2008,4,1,5,2,218126,8,0,0,1,0,1,0
45408895,10349,1267,7,145,2013,3,0,2,1.5,129000,4,3,1,1,1,14,4
40132377,23521,1083,1,265,2013,1,0,5,3.6,155253,6,1,2,0,0,1,12
45604631,10976,473,1,317,2014,9,0,5,1.4,147200,4,1,1,1,0,11,8
45786906,23834,1803.84615384615,5,696,2007,4,1,2,3.3,14000,6,0,0,1,0,1,10
45786523,30420,924,7,301,2017,9,1,5,1.8,12865,4,2,1,1,0,0,12
32608049,50,749.991967871486,7,145,2013,3,0,2,1.5,150000,6,0,2,1,1,14,0
45465157,549,1077,7,220,2019,4,1,5,2,24339,4,0,1,1,0,2,12
45803075,41055,891,4,733,2016,4,1,1,2,123178,4,0,1,1,0,2,4
45788855,11604,843,7,643,2008,3,1,2,1.5,198000,4,3,1,1,0,1,6
45629962,2666,382,2,465,2015,9,1,2,2,100747,4,0,1,1,0,6,0
45537422,15994,1429.8433516297,6,331,2005,9,1,0,1.8,187323,4,0,2,1,0,12,6
45094349,23521,1024,7,685,2010,4,1,5,2.5,109534,4,2,0,1,0,14,10
45763626,314,862,2,409,2011,4,1,2,2.5,130306,4,0,0,1,0,6,0
45113358,7840,843,7,643,2008,3,1,2,1.5,204000,4,0,1,1,0,5,8
45765604,31675,1817,7,792,2020,9,1,5,3.5,1669,6,0,0,1,0,1,12
45648885,5018,779,7,268,2013,9,1,2,2.5,190549,4,0,1,1,0,1,12
45809661,41538,749,3,293,2014,1,1,5,2.4,58000,4,0,1,1,0,1,4
45655151,4077,1363,5,516,2012,4,1,5,4.6,150909,8,0,0,1,0,1,0
45764631,549,1190,7,792,2014,9,1,5,4,238203,6,0,0,1,0,7,12
45763008,20385,1211,6,201,2010,9,0,5,3,146000,6,2,0,1,0,14,0
45787448,23521,585,7,643,2013,3,1,2,1.8,161600,4,0,1,1,0,11,16
45797470,44843,1091,4,526,2016,10,1,1,2.5,133687,4,0,1,1,0,7,4
45732384,43815,640,4,733,2013,4,1,1,2,156000,4,0,1,1,0,3,4
45809547,25396,595,7,145,2015,3,1,5,1.5,52959,4,0,1,1,0,15,4
45774106,3293,1202,4,748,2017,9,1,5,2.4,97614,4,0,1,1,0,2,12
45804281,44545,877,4,817,2017,4,1,1,1.7,130039,4,0,1,1,0,14,4
45813365,28225,1172,6,361,2011,9,1,5,3.5,92500,6,0,2,1,0,1,12
45804296,24123,836,4,817,2010,4,1,1,2,164578,4,0,1,1,0,7,4
45504594,17562,582.788167938931,7,643,2010,3,1,5,1.8,111111,4,3,1,1,0,1,4
45791941,48610,725.166666666667,0,84,2014,9,1,5,2,80000,6,2,2,1,0,12,0
45807153,24148,530,2,409,2013,4,1,5,1.6,97396,4,2,0,1,0,1,12
45380598,17876,584,7,304,2014,9,1,5,1.8,66239,4,0,1,1,0,14,8
45816166,13799,1275,4,733,2019,9,1,5,2.4,22832,4,0,0,1,0,2,12
45765939,44000,1429.8433516297,6,35,2009,9,1,1,3,223000,6,2,0,1,0,1,12
45447775,100,757.14552238806,7,268,2016,9,1,5,2.5,4000,6,0,0,1,0,1,6
45650106,1098,394,7,268,2014,9,1,2,2.5,398069,4,0,1,1,0,1,12
45792845,20068,843,1,289,2015,4,1,1,2.2,63116,4,0,1,1,0,12,4
45745245,21639,1058,6,363,2012,9,1,5,3.5,149000,6,0,0,1,0,2,6
45758540,32615,1077,6,130,2019,9,1,5,2,15235,4,0,2,1,0,2,12
45787171,6272,1342.66873449132,6,837,1999,7,0,1,2.3,128965,4,1,1,0,0,14,1
45799873,73698,1338.90845620294,0,111,2013,9,1,5,3,130000,6,2,2,1,0,14,0
45523705,15681,1077,7,220,2019,4,1,5,2,18950,4,0,1,1,0,1,12
45801643,4704,819.6,3,293,2000,3,0,5,1.5,185000,4,3,1,1,1,10,2
45655681,941,308,7,643,2014,3,1,2,1.8,270410,4,0,1,1,0,14,12
45661448,941,1850,5,696,2008,4,1,2,3.5,364523,6,0,0,1,0,1,12
45768762,392,521,1,853,2011,3,1,2,1.4,140171,4,0,1,1,0,12,12
45780592,22580,844.645161290323,2,409,2010,4,0,2,2.5,150000,4,3,0,1,0,14,12
45759875,5700,1429.8433516297,6,132,2001,9,0,5,1.6,0,4,0,1,1,1,1,4
45644439,18817,609,7,268,2018,9,1,2,2.5,35058,4,0,1,1,0,14,12
45801321,17559,1017,4,387,2017,9,1,5,2,66000,4,0,1,1,0,12,12
45650457,2666,1018,6,605,2011,4,1,1,3,0,6,0,0,1,0,1,12
45803210,19914,1017,4,748,2017,9,1,4,2,238025,4,0,1,1,0,14,4
45548747,20385,640,2,409,2013,4,1,5,2,111000,4,0,1,1,0,4,10
45761360,15681,1811,5,516,2010,4,1,5,4.6,275240,8,0,0,1,0,12,0
45648799,5018,1399,5,701,2010,4,1,2,3.5,167222,6,0,0,1,0,1,12
45805850,10976,1451.8,7,680,2002,4,1,0,2,200000,4,0,0,1,0,14,4
45793152,1900,1599.33333333333,3,425,2003,3,0,5,1.3,161000,4,3,1,1,1,14,2
45809689,35567,751,3,293,2013,1,1,5,2.4,103929,4,0,1,1,0,2,4
45774077,3136,784,2,465,2017,9,1,5,1.5,77368,4,0,1,1,0,5,12
45768602,13350,749.991967871486,7,145,2013,9,0,2,1.5,1000,4,0,1,1,1,14,6
45803282,10036,639,4,748,2014,9,1,4,2,349773,4,0,1,1,0,12,4
45765325,9252,919,6,361,2012,9,1,1,3,171221,6,0,2,1,0,1,12
45777353,14069,1275,3,312,2019,9,0,5,2.4,0,4,3,0,1,0,12,6
45748707,11290,888.488372093023,7,643,2006,9,1,2,1.5,168000,4,0,1,1,0,1,2
45796912,12522,1024,4,526,2010,7,1,1,2.5,134990,4,0,1,1,0,15,4
45800241,13172,888.488372093023,7,643,2008,3,1,2,1.5,156000,4,3,1,1,0,14,6
45720618,30,1599.33333333333,3,425,2002,3,0,5,1.5,0,4,0,1,1,1,12,4
45794643,14113,582.788167938931,7,643,2010,9,0,2,1.8,243200,4,0,1,1,0,12,6
45816505,6272,1250.66666666667,2,452,2004,2,0,1,1.8,200000,4,1,1,1,0,12,4
41337510,40,1599.33333333333,3,425,2005,3,0,5,1.5,150000,4,0,1,1,1,7,4
45793415,5488,1282,1,289,2007,4,1,1,2,68417,4,0,1,1,0,12,4
45733624,55343,891,4,748,2016,9,1,5,2,41891,4,0,1,1,0,7,4
45164508,16621,781,7,279,2012,9,0,2,2.5,177000,4,2,1,1,0,1,10
42963119,21012,582.788167938931,7,643,2013,3,0,2,1.8,55000,4,0,1,1,0,7,12
44525342,37633,1286.07692307692,7,740,2010,7,1,5,3.5,184960,6,2,1,1,0,6,10
45646378,3607,781,7,268,2012,9,1,2,2.5,156518,4,0,1,1,0,14,12
45262066,19444,891,4,398,2016,9,0,5,2,44293,8,0,1,1,0,12,8
45647856,1098,394,7,268,2014,9,1,2,2.5,398069,4,0,1,1,0,1,12
45790788,10036,761,7,643,2010,3,0,2,1.8,119000,4,0,1,1,0,11,8
45810007,24239,502,7,145,2013,3,1,5,1.5,63000,4,0,1,1,0,2,4
45463504,20385,582.788167938931,7,643,2010,9,1,2,2.4,157846,6,3,1,1,0,3,6
45432915,6899,1446.97098646035,3,312,1998,4,0,5,2,282099,4,0,1,1,0,1,0
45799448,42337,2959,7,576,2006,4,1,0,4.5,190000,6,0,0,1,0,12,11
45804491,39891,770,4,817,2016,4,1,1,1.7,137445,4,0,1,1,0,1,4
45805837,13485,888.488372093023,7,643,2008,3,0,5,1.5,291200,4,0,1,1,0,14,8
45644991,1490,1058,7,535,2012,4,1,2,3.5,363059,6,0,0,1,0,14,12
45776405,8300,1681,0,35,2003,9,0,5,2.2,158000,6,2,2,1,1,12,4
45801905,21639,831,4,387,2017,9,1,5,1.6,16687,4,0,1,1,0,7,4
45571827,49550,1055,6,605,2013,4,1,5,3.5,97400,6,2,0,1,0,1,12
45760748,251,753,4,748,2012,9,1,2,2.4,259184,4,0,1,1,0,12,12
45804638,38229,877,4,817,2017,4,1,1,1.7,150377,4,0,1,1,0,14,4
45812551,10349,2467,0,56,2003,9,1,5,3,280000,6,2,2,1,0,12,8
45649893,470,1058,6,361,2012,1,1,5,3.5,161808,6,0,2,0,0,1,12
45802038,16088,836,4,522,2010,1,1,5,2,100000,4,0,1,1,0,7,4
41494638,90,673.483990147783,4,387,2013,9,1,5,1.8,100000,6,0,1,1,0,5,8
45767848,47042,1058,5,694,2012,4,1,5,3.5,11700,6,2,0,1,0,1,16
44782401,31361,1624,6,361,2009,1,1,5,3.5,87985,6,2,2,0,0,14,12
45625974,627,1405,0,871,2009,9,1,5,3,171382,6,0,0,1,0,1,0
45765131,40769,1711.27272727273,0,871,2008,4,1,1,3,162000,6,0,0,1,0,1,0
43526115,250,1500.5,7,583,2019,4,0,1,3,0,6,0,0,1,0,14,12
45807605,18817,779,7,268,2013,9,1,5,2.5,176000,6,2,1,1,0,1,6
45765716,188,1659,7,822,2014,4,1,5,2,101928,8,0,0,1,0,1,12
45766747,470,761,7,643,2010,4,1,2,1.8,408997,4,0,1,1,0,14,12
45812727,4077,1055,2,421,2013,4,1,5,3.5,122128,6,0,1,1,0,7,12
45509281,17249,888.488372093023,7,643,2009,9,0,2,1.8,380800,4,3,1,1,0,1,8
45759185,21326,308,7,643,2014,9,1,2,1.8,74000,4,0,1,1,0,7,6
45788301,16621,530,4,827,2013,9,1,5,1.6,114000,4,2,1,0,0,1,8
43767061,35850,1690.85714285714,6,769,2006,6,1,1,2.7,37440,5,2,2,0,0,15,2
45801693,18826,531,4,387,2012,9,1,5,1.6,120334,4,0,1,1,0,12,4
45732337,32904,640,4,733,2013,4,1,1,2,224077,4,0,1,1,0,14,4
45667292,18503,473,1,317,2014,9,1,5,1.4,91200,4,0,1,1,0,14,12
45810447,28423,730,1,639,2016,4,1,1,1.6,66603,4,0,1,1,0,14,4
45795052,18817,1338.90845620294,0,126,2003,9,1,5,4.5,224000,8,2,2,1,0,1,8
45810658,6272,1446.97098646035,3,312,1998,4,0,5,2,111111,4,0,0,1,1,6,2
45656637,706,585,7,643,2013,3,1,2,1.8,105328,4,0,1,1,0,14,12
45773886,7840,828,3,293,2020,9,1,5,1.5,4494,4,0,1,1,0,7,12
45771216,7840,1515,6,184,1999,9,1,0,2.3,300000,4,0,2,1,0,12,4
45761332,30734,2151,5,517,2009,4,1,5,2,264339,8,0,0,1,0,1,0
45769134,11290,2377,7,822,2016,4,1,5,2,54875,8,0,2,1,0,7,12
45757927,13485,1888,0,87,2004,9,1,5,3,199200,6,2,2,1,0,1,5
45720197,8467,994,7,643,2008,3,1,2,1.8,0,4,0,1,1,0,7,10
45787300,17249,741.884259259259,3,425,2012,3,1,5,1.5,125000,4,3,1,1,1,1,4
45796672,13172,888.488372093023,7,643,2007,9,0,2,1.5,108000,4,3,1,1,0,11,4
45794099,18817,832.188679245283,2,409,2007,4,1,2,2.3,180000,4,3,0,1,0,7,12
45792573,15681,1662.33333333333,0,57,2009,1,1,5,3,185000,6,2,0,0,0,14,6
45763970,862,2455,5,517,2008,4,1,5,2,263190,8,0,0,1,0,14,0
45793070,7527,583,1,317,2011,9,1,5,1.6,43221,4,0,1,1,0,14,4
45765778,17249,1994.5,3,312,2006,4,0,5,2.4,117000,4,0,0,1,0,12,6
45769419,1568,1493,6,361,2016,9,1,1,3.5,77205,6,0,2,1,0,7,12
45661262,8154,1750,5,693,2008,4,1,2,3.3,224629,6,0,0,1,0,12,12
45809315,24302,640,1,289,2013,4,1,1,2,118103,4,0,1,1,0,7,4
44489708,6500,1268,7,145,2012,3,0,2,1.5,382000,4,0,1,1,1,14,2
45766633,1725,1091,2,465,2016,9,1,5,2.5,70344,4,0,1,1,0,14,12
45788525,9408,1446.97098646035,3,312,1999,4,0,5,2,1700,4,0,0,1,1,14,3
45772161,5018,431,4,748,2016,9,1,2,2,71218,4,0,1,1,0,1,0
45792382,4861,1024,7,680,2010,4,1,5,2.5,320704,4,0,1,1,0,12,12
45796787,13589,1347,4,526,2008,10,1,1,2.5,252000,4,0,1,1,0,15,4
45207807,12231,761,2,805,2010,2,0,1,1.8,208000,4,1,1,1,0,8,2
45799164,16621,1507.30769230769,6,837,2006,7,0,1,2.2,188000,4,1,2,1,1,14,2
45813358,4704,1082.27272727273,6,182,1994,9,0,0,2.2,0,4,1,2,1,0,1,2
45810144,11099,966,1,575,2009,9,1,1,2,158267,4,0,1,1,0,14,4
45631977,862,333,2,465,2014,9,1,2,2,186048,4,0,1,1,0,1,0
45526373,54882,1306.25,6,252,2012,9,1,5,2,100000,8,2,2,1,0,1,12
44000201,7683,1599.33333333333,3,425,2003,3,0,5,1.3,186000,4,0,1,1,1,12,5
44387510,22580,1500.5,7,583,2001,4,0,1,3,434000,4,1,0,1,0,14,2
45808610,21012,308,7,651,2015,3,0,2,1.5,114000,4,0,1,1,0,14,12
45732160,37476,891,4,733,2016,4,1,1,2,185011,4,0,1,1,0,14,4
45812584,2195,585,4,387,2013,9,1,5,1.8,141603,4,0,1,1,0,2,12
45798609,21953,781,7,268,2012,9,1,5,2.5,114000,4,2,1,1,0,12,12
45769695,6586,259,1,853,2014,3,1,2,1.4,112123,4,0,1,1,0,12,0
45666824,21953,1411.91666666667,6,492,2006,4,1,5,2,198400,8,2,0,1,0,1,0
45762458,706,503,3,425,2012,4,1,5,1.5,277856,4,0,1,1,0,14,0
45642658,392,779,7,268,2013,9,1,2,2.5,232032,4,0,1,1,0,12,12
45654694,157,353,7,643,2015,3,1,2,1.8,104978,4,0,1,1,0,7,12
45018601,10036,843,7,643,2008,3,1,2,1.5,67000,4,3,1,1,0,12,10
44911391,3900,1429.8433516297,6,709,2000,9,1,5,3.2,200000,6,2,2,1,1,5,10
45004072,17562,832.188679245283,2,409,2008,4,1,2,2.3,240000,4,0,0,1,0,1,4
45648730,392,779,7,268,2013,9,1,2,2.5,232032,4,0,1,1,0,12,12
45803147,10349,836,4,748,2010,9,1,5,2,90000,4,0,1,1,0,7,4
45810163,9800,790,1,575,2009,9,1,5,1.6,219236,4,0,1,1,0,1,4
45341640,6429,819.6,3,293,2001,3,0,5,1.4,220000,4,1,1,0,0,5,2
45732367,14069,1176,4,733,2019,4,1,1,2.2,69852,4,0,1,1,0,7,4
45653994,282,1399,5,701,2010,4,1,2,3.5,311949,6,0,1,1,0,12,12
45760873,392,986,7,268,2010,9,1,2,2.4,277840,4,0,1,1,0,14,12
45813261,45787,1714,5,552,2017,9,1,5,3.5,21261,6,0,0,1,0,7,12
41710029,150,1429.8433516297,6,785,2014,6,1,1,2.7,150000,5,1,2,2,0,12,2
45766454,6115,1249,7,268,2017,9,1,5,2.5,89064,4,0,1,1,0,14,12
45765077,7840,896.105072463768,0,84,1997,9,1,5,2.8,455855,6,1,2,1,0,1,6
45804836,29586,639,4,817,2014,4,1,1,2,153935,4,0,1,1,0,1,4
45770825,6899,1451.8,7,680,2004,4,0,5,1.5,200000,4,0,0,1,1,5,12
45802871,48108,765,4,733,2015,4,1,1,2,119038,4,0,1,1,0,7,4
45770448,10663,1236,7,849,2011,3,1,5,1.3,150000,4,0,1,1,1,14,12
45793465,12544,529.21686746988,3,560,2012,9,1,2,1.5,45000,4,0,1,1,1,1,6
45762950,125,1750,7,535,2008,4,1,2,3.3,287274,6,0,0,1,0,14,12
45656399,1019,1104,0,871,2015,4,1,1,3,196614,6,0,0,1,0,1,0
45814873,392,761,7,643,2010,3,1,2,1.8,454699,4,0,1,1,0,1,12
45804864,31248,640,4,817,2013,4,1,1,2,89461,4,0,1,1,0,7,4
45809592,24176,501,7,145,2014,3,1,5,1.5,28000,4,0,1,1,0,2,4
45789509,21326,779,7,268,2013,9,1,5,2.5,121600,4,0,1,1,0,2,6
45708484,15500,2266,7,145,2018,3,0,2,1.5,7000,4,0,1,1,1,14,6
45771344,188,289,2,409,2008,9,1,2,0.4,209843,4,0,1,1,0,7,0
45813896,1019,765,6,227,2015,9,1,5,2,74939,4,0,1,1,0,7,12
45802181,10349,762.888888888889,7,896,2006,3,0,5,1,192000,3,0,1,1,0,7,2
45768394,50178,1478,0,107,2007,9,1,5,2,158400,10,2,2,1,0,1,12
45772797,627,1058,6,361,2012,9,1,1,3.5,318285,6,0,0,1,0,1,12
45814853,47042,1500.5,7,583,2008,4,1,1,3,170000,6,2,0,0,0,12,12
45769292,18817,582.788167938931,7,643,2010,3,1,2,1.8,156000,4,3,1,1,0,7,10
45789392,17700,1533.25,2,799,2007,6,0,1,2.2,231000,4,1,1,0,0,14,1
45793823,18817,333,2,465,2014,9,1,2,2,204800,5,0,1,1,0,7,6
45814838,251,345,7,651,2016,3,1,2,1.5,296104,4,0,1,1,0,1,12
45813911,784,1211,6,201,2010,9,1,5,3,202914,6,0,2,1,0,7,12
45802479,14454,583,4,547,2011,3,1,5,1.6,188244,4,0,1,1,0,14,4
45769227,40142,1811,5,517,2010,4,1,5,4.6,357246,8,0,0,1,0,7,0
45733422,53580,1017,4,748,2017,9,1,5,2,30930,4,0,1,1,0,14,4
45799286,14426,749.991967871486,7,145,2012,3,0,5,1.5,140000,4,0,1,1,1,13,4
45733390,67699,880,4,748,2018,9,1,5,1.6,35950,4,0,1,1,0,1,4
45802775,15063,836,4,733,2010,4,1,1,2,57700,4,0,1,1,0,14,4
45774455,28225,639,0,50,2014,9,1,5,2,56000,4,2,2,1,0,14,0
45803399,15367,765,4,748,2015,9,1,4,2,312519,4,0,1,1,0,12,4
44986804,34184,802.125,2,799,2013,2,0,1,2.2,147000,4,1,1,1,0,14,4
45809767,65817,831,3,293,2018,1,1,5,1.5,12812,4,0,1,1,0,14,4
45642657,392,781,7,268,2012,9,1,2,2.5,314373,4,0,1,1,0,7,12
41246840,7370,1599.33333333333,3,425,2004,3,0,5,1.3,136000,4,0,1,1,1,13,5
45809624,29445,502,7,145,2013,3,1,5,1.5,112200,4,0,1,1,0,14,4
45783956,15681,792.627815866797,4,748,2011,9,0,5,2.4,161210,6,2,1,1,0,2,4
45816599,28225,1711.27272727273,0,871,2007,4,1,1,3,221500,6,2,0,1,0,12,6
42822781,10036,1268,7,145,2012,3,1,2,1.5,160000,4,0,1,1,1,8,2
45783714,22580,779,7,268,2013,9,1,5,2.5,108000,4,0,1,1,0,12,12
45610411,21326,1108,2,631,2014,0,0,5,3.7,111431,6,0,2,0,0,7,10
45768592,470,2225,5,516,2017,4,1,5,4.6,69918,8,0,0,1,0,14,0
45524827,784,1079,7,220,2018,4,1,5,2,25850,4,0,1,1,0,7,12
45656047,220,1399,5,701,2010,4,1,2,3.5,317470,6,0,0,1,0,7,12
45778560,37633,1018,6,605,2011,4,1,1,3,111000,6,2,0,1,0,7,12
45785209,8624,1496.78125,6,174,2002,9,0,5,2,200000,4,1,2,1,0,2,4
45770039,1646,1750,7,535,2008,4,1,2,3.3,269162,6,0,0,1,0,12,12
45760083,11447,308,5,258,2014,3,1,2,1.8,132563,4,0,1,1,0,11,0
45801028,40,455.705882352941,7,651,2013,3,0,5,1.5,123000,4,0,1,1,0,14,2
45757381,3136,690,1,620,2016,9,1,5,1.5,238784,4,0,1,1,0,1,12
45812769,1568,934,7,268,2015,9,1,5,2.5,173101,4,0,1,1,0,12,12
45769039,1646,1399,6,361,2010,9,1,5,3.5,205968,6,0,0,1,0,14,12
45651221,39201,1714,6,502,2017,4,1,5,3.5,95541,6,0,2,1,0,1,0
45807575,16465,455.705882352941,7,651,2012,3,0,2,1.5,129788,4,3,1,1,0,7,0
45804127,28241,642,4,817,2012,4,1,1,2,162300,4,0,1,1,0,1,4
45768843,2587,530,2,465,2013,9,1,5,1.6,209602,4,0,1,1,0,11,12
45766884,3058,919,0,94,2012,9,1,5,3,218429,6,0,0,1,0,1,12
45809817,13438,584,1,317,2014,9,1,5,1.8,149621,4,0,1,1,0,12,4
45803867,28328,639,4,817,2014,4,1,1,2,138451,4,0,1,1,0,14,4
45660327,62722,690,5,701,2016,4,1,2,3.5,59858,6,0,1,1,0,12,12
45740698,24000,919,0,871,2012,4,1,5,3,147718,12,0,0,1,0,7,12
45788720,24462,777,7,268,2014,9,1,5,2.5,74000,4,2,1,1,0,7,0
45816066,20071,345,7,651,2016,3,0,2,1.5,131200,4,0,1,1,0,12,6
45804918,23935,640,4,817,2013,4,1,1,2,170062,4,0,1,1,0,1,4
45523390,10976,639,2,452,2014,9,0,5,2,54000,4,0,1,1,0,7,4
45798336,9408,1599.33333333333,3,425,2006,3,0,5,1.5,140000,4,3,1,1,1,1,4
45646864,10349,915,0,871,2014,4,1,1,3,0,6,0,0,1,0,1,0
45651238,706,1172,5,694,2011,4,1,5,3.5,192338,6,0,0,1,0,1,12
45809759,25387,595,3,425,2015,3,1,5,1.5,87573,4,0,1,1,0,1,4
45806778,1960,481,3,141,2017,9,1,2,2,45770,4,0,1,1,0,1,12
45792530,8154,1681,0,35,2002,9,0,5,2.2,217777,6,2,2,1,1,12,4
42875802,14113,1429.8433516297,6,239,2005,1,1,4,3,111000,6,2,2,0,0,12,6
45808570,627,1017,3,293,2017,9,1,5,2,69088,4,0,1,1,0,2,12
45732363,71983,1077,4,733,2019,4,1,1,2,10120,4,0,1,1,0,7,4
45801358,9095,1599.33333333333,3,425,2005,9,0,5,1.5,148000,4,3,1,1,0,6,2
45655956,11917,1493,5,694,2016,4,1,5,3.5,59858,6,0,1,1,0,12,12
45773448,392,779,7,268,2013,9,1,2,2.5,124184,4,0,1,1,0,12,12
45694904,11920,1026.00733117836,3,439,2008,3,0,5,1.5,147290,4,0,1,1,1,12,4
45797316,9314,893,4,547,2008,3,1,5,1.6,62337,4,0,1,1,0,1,4
44674675,30420,781,7,285,2012,9,1,5,2.5,75000,4,2,1,1,0,14,12
45186120,24462,777,7,268,2014,9,1,5,2.5,108000,4,2,1,1,0,1,10
45785121,9408,832.188679245283,2,409,2001,4,1,5,3,175430,6,0,1,1,0,1,2
45801567,17562,779,7,268,2013,9,1,5,2.5,90000,4,0,1,1,0,4,12
45759277,12544,1338.90845620294,0,78,2003,9,1,5,2.5,25000,6,2,2,1,0,7,0
45781880,48610,1222.57819905213,6,361,2014,9,1,5,3.5,117700,6,2,0,1,0,1,8
45151658,14069,1017,0,89,2017,9,1,5,2,22500,4,2,2,1,0,7,12
45730017,25889,528,4,387,2014,9,1,1,1.6,147966,4,0,1,1,0,14,4
45755223,13485,843,7,643,2008,3,0,2,1.5,212000,4,3,1,1,0,12,8
45715120,9400,3008,2,799,2008,10,1,4,2,103000,4,0,2,1,1,14,4
45815011,392,777,7,268,2014,9,1,5,2.5,312786,4,0,1,1,0,7,12
45801941,17227,730,4,387,2016,9,1,4,1.6,49068,4,0,1,1,0,14,4
45783431,10036,1681,0,35,2001,1,0,5,2,164000,4,0,2,0,0,12,6
45816449,6115,1236,3,425,2011,3,0,2,1.3,158000,4,0,1,1,1,14,8
45801464,11143,583,4,138,2011,9,1,1,1.6,70560,4,0,1,1,0,14,4
45786771,17876,1440,0,84,2008,9,1,5,3,280000,6,2,0,1,0,14,12
45765106,5488,1338.90845620294,0,22,1994,1,0,5,2.5,240000,6,1,2,0,0,1,0
45797444,11422,790,4,387,2009,9,1,5,1.6,133207,4,0,1,1,0,1,4
45797264,34108,777,4,526,2014,7,1,1,2.5,97010,4,0,1,1,0,7,4
45757918,37006,798.697674418605,0,50,2014,9,1,5,2,54000,4,2,2,1,0,1,12
45775029,10820,1516,6,187,2004,9,1,5,1.8,197657,4,1,2,1,0,1,6
45733187,11290,891,4,748,2016,9,1,4,2,292837,4,0,1,1,0,12,4
45652893,470,753,4,748,2012,9,1,2,2.4,202864,4,0,1,1,0,2,0
45721579,16621,475,1,853,2012,9,0,2,1.4,100000,4,0,1,1,0,12,8
45809404,2430,919,6,605,2012,4,1,1,3,221312,6,0,0,1,0,2,12
45814973,6586,1685,6,177,1996,9,0,0,2,0,4,1,2,1,0,1,4
45809616,12720,586,1,317,2012,9,1,5,1.8,163063,4,0,1,1,0,14,4
45815366,23521,2084,2,799,1996,6,0,1,2.5,123000,4,1,2,1,0,14,2
45755962,9095,1528,7,268,2007,9,1,2,2.4,369600,4,2,2,1,0,12,12
45611161,14069,1357.33333333333,6,495,2015,4,1,5,2,174400,8,2,0,1,0,14,12
45797997,15718,687,4,387,2010,9,1,5,1.6,115528,4,0,1,1,0,1,4
45760717,6272,1018,0,871,2011,4,1,1,3,213195,6,0,0,1,0,3,12
45787436,10976,645,4,387,2011,9,0,5,1.8,128965,4,2,1,1,0,12,6
45761263,188,382,1,853,2017,3,1,2,1.5,125358,4,0,1,1,0,7,0
45654425,470,831,4,748,2011,4,1,2,2.4,278989,4,0,1,1,0,2,0
45801725,18531,583,4,387,2011,9,1,5,1.6,163693,4,0,1,1,0,7,4
45802483,21395,629,4,547,2015,3,1,1,1.6,170000,4,0,1,1,0,14,4
45810577,16894,642,1,639,2012,4,1,1,2,156802,4,0,1,1,0,5,4
45648741,5488,394,7,268,2014,9,1,2,2.5,109798,4,0,1,1,0,14,12
45771354,15994,455.705882352941,7,651,2012,3,0,2,1.5,2000,4,3,1,1,0,1,8
45757985,21953,1533.25,2,799,2007,6,0,1,2.5,200000,4,1,2,1,0,14,2
42200666,19757,765,2,474,2015,9,1,5,2,66196,4,0,1,1,0,12,8
42411958,15837,640,2,217,2013,3,1,2,2,72857,4,0,1,1,0,11,8
45797751,19089,583,4,387,2011,9,1,5,1.6,77483,4,0,1,1,0,12,4
45761898,65858,517,5,701,2014,4,1,2,3.5,43000,4,2,0,1,0,14,12
45773171,39201,749,3,312,2014,4,1,5,2.4,144000,4,2,0,1,0,14,10
45525245,784,1079,7,220,2018,4,1,5,2,25850,4,0,1,1,0,7,12
45699559,9600,939.882352941176,7,849,2008,9,0,5,1.3,141000,4,0,1,1,1,7,8
45802896,35344,639,4,733,2014,4,1,1,2,129927,4,0,1,1,0,1,4
45804354,21639,1172,5,379,2011,9,1,5,3.5,53467,4,0,1,1,0,12,4
45802709,32377,640,4,733,2013,4,1,1,2,195630,4,0,1,1,0,7,4
45803845,20786,642,4,817,2012,4,1,1,2,139000,4,0,1,1,0,14,4
45770188,1646,1399,6,361,2010,9,1,5,3.5,205968,6,0,0,1,0,14,12
44929665,50,749.991967871486,7,145,2014,9,1,2,1.5,10000,4,0,1,1,1,12,4
45675913,22894,582.788167938931,7,643,2014,9,1,2,1.8,37000,12,0,2,1,0,11,0
45789134,41397,1222.57819905213,6,361,2012,9,1,5,3.5,190000,6,2,2,1,0,1,8
45809848,12607,501,7,145,2014,3,1,5,1.5,123000,4,0,1,1,0,14,4
45768953,1882,442,7,643,2017,9,1,2,1.8,47672,4,0,1,1,0,14,12
45815750,12074,843,3,425,2008,3,0,5,1.5,200000,4,2,1,1,0,8,8
45778634,12231,730,4,827,2016,1,1,5,1.6,42000,4,1,1,1,0,11,0
45798272,12617,583,4,387,2011,9,1,5,1.6,75586,4,0,1,1,0,12,4
45761424,17876,582.788167938931,7,643,2010,9,1,2,1.8,141000,4,3,1,1,0,5,10
45816458,17249,862,3,405,2006,7,1,5,2.4,185792,4,0,1,1,1,14,0
45803048,38894,639,4,733,2014,4,1,1,2,147343,4,0,1,1,0,7,4
45801974,18503,730,4,387,2016,9,1,4,1.6,28332,4,0,1,1,0,12,4
45759516,627,586,5,258,2012,3,1,2,1.8,142394,4,0,1,1,0,14,0
45653581,157,919,6,605,2012,4,1,1,3,145227,6,0,0,1,0,7,12
45648994,314,779,7,268,2013,9,1,2,2.5,225510,4,0,1,1,0,14,12
45618046,1725,1172,6,361,2011,9,1,1,3.5,132630,6,0,2,1,0,12,12
45772848,16935,353,5,258,2015,3,1,2,1.8,94949,4,0,1,1,0,14,0
45799489,11917,761,1,317,2010,9,1,5,1.8,120000,4,2,1,1,0,1,6
45281776,9408,994,2,797,2008,2,0,1,1.8,121000,4,1,1,1,0,14,4
45701469,10349,1620,2,799,2006,6,0,1,2.2,171300,4,1,1,1,0,14,2
45689118,28225,757.14552238806,7,268,2013,9,0,2,2.4,126400,4,0,1,1,0,1,12
45804048,47537,877,4,817,2017,4,1,1,1.7,60646,4,0,1,1,0,7,4
45805320,14740,749.991967871486,7,145,2012,3,0,2,1.5,144000,4,0,1,1,1,14,8
45797903,18240,687,4,387,2010,9,1,5,1.6,100230,4,0,1,1,0,1,4
45772757,706,1850,6,361,2008,9,1,1,3.5,122874,6,0,2,1,0,1,12
45797808,19121,583,4,387,2011,9,1,5,1.6,123593,4,0,1,1,0,12,4
45796555,36692,908.2,0,65,2014,1,1,5,2,94950,4,2,2,0,0,1,12
45771231,1411,751,4,748,2013,9,1,5,2.4,145568,4,0,1,1,0,1,12
45441512,16308,503,7,651,2012,3,0,2,1.5,131200,4,3,1,1,0,11,8
45733168,21181,642,4,748,2012,9,1,5,2,118643,4,0,1,1,0,12,4
45803467,15060,765,4,748,2015,9,1,4,2,143522,4,0,1,1,0,12,4
45519468,20385,779,7,680,2013,4,0,5,2.5,94000,4,2,0,1,0,14,10
44537020,27000,595.03007518797,2,465,2014,9,1,6,2,68700,4,3,1,1,0,7,8
45783486,7840,1599.33333333333,3,425,2003,3,0,5,1.3,157000,4,3,1,1,1,11,2
45115449,15681,1017,4,387,2017,9,0,5,2,38000,4,0,1,1,0,14,8
45812750,627,862,2,409,2011,4,1,5,2.5,209814,4,0,0,1,0,8,12
45655182,314,1646,5,516,2015,9,1,5,4.6,102907,8,0,0,1,0,1,0
44670726,30,1599.33333333333,3,425,2003,3,0,5,1.3,126000,4,0,1,1,1,11,4
45793425,6241,1282,1,289,2007,4,1,1,2,60280,4,0,1,1,0,12,4
45645034,39201,517,7,535,2014,9,1,2,3.5,166560,6,0,0,1,0,1,12
45733145,15681,891,4,748,2016,9,1,4,2,255591,4,0,1,1,0,12,4
45771856,4861,1058,6,361,2012,9,1,1,3.5,128202,6,0,2,1,0,1,12
45803918,20814,642,4,817,2012,4,1,1,2,168462,4,0,1,1,0,1,4
45733737,47989,891,4,748,2016,9,1,5,2,43000,4,0,1,1,0,1,4
45756085,37006,757.14552238806,7,268,2016,9,0,2,2.4,101000,6,1,1,1,0,1,8
45635225,392,781,7,268,2012,9,1,2,2.5,314373,4,0,1,1,0,7,12
45816071,3293,1079,4,387,2018,9,1,5,2,47200,4,0,1,1,0,7,12
45815658,36065,1500.5,7,583,2005,4,0,5,2.7,167000,4,0,0,1,0,1,8
45764481,14269,1324,7,535,2010,4,1,2,3.3,300366,6,0,0,1,0,2,12
45806541,3920,353,7,643,2015,3,1,2,1.8,135042,4,0,1,1,0,1,12
45676159,21012,779,7,268,2013,9,1,5,2.5,111232,4,2,1,1,0,14,10
45660745,13956,603,5,701,2015,4,1,2,3.5,143619,6,0,0,1,0,1,12
45603420,40,455.705882352941,7,651,2014,3,0,2,1.5,115200,4,0,1,1,0,14,4
45732739,10036,639,4,748,2014,9,1,4,2,335782,4,0,1,1,0,12,4
43941335,31361,788.140435835351,4,817,2014,4,1,5,2.4,66413,4,2,1,1,0,14,12
45729059,16621,586,7,643,2012,3,0,2,1.8,220800,4,3,1,1,0,14,8
45773944,5802,1055,6,361,2013,9,1,1,3.5,107800,6,0,2,1,0,7,12
45808745,7000,1685,6,177,1995,9,0,5,2,0,4,1,2,1,0,2,6
45795049,17249,645,7,556,2010,7,0,4,1.8,170000,4,0,0,1,1,14,6
45787430,10349,1268,7,145,2012,3,0,2,1.5,161200,4,0,1,1,1,12,6
45797188,15825,836,4,522,2010,1,1,5,2,81384,4,0,1,1,0,14,4
45732890,7997,640,4,748,2013,9,1,4,2,82314,4,0,1,1,0,12,4
45765709,1568,1493,6,361,2016,9,1,1,3.5,77205,6,0,2,1,0,7,12
45797556,34419,1249,4,526,2017,10,1,1,2.5,184189,4,0,1,1,0,12,4
45804477,24123,642,4,817,2012,4,1,1,2,182000,4,0,1,1,0,7,4
45652518,1725,1363,6,605,2012,4,1,1,4.6,180659,8,0,0,1,0,1,12
45815978,1411,584,4,387,2014,9,1,5,1.8,207587,4,0,1,1,0,7,12
45758154,15681,585,4,387,2013,9,0,5,1.8,184874,4,0,1,1,0,1,8
45729828,27504,629,4,387,2015,9,1,5,1.6,47562,4,0,1,1,0,14,4
45805107,17117,707,4,817,2011,4,1,1,2,191000,4,0,1,1,0,14,4
45551308,20071,640,2,214,2013,3,1,6,2,105000,4,0,1,1,0,14,12
45763149,549,574,3,560,2010,3,1,2,1.3,245070,4,0,1,1,0,14,0
45760741,47,1017,6,498,2017,4,1,5,2,43651,4,0,1,1,0,12,0
45769606,1568,2018,7,822,2015,4,1,5,2,128000,8,0,0,1,0,14,12
45651201,7997,1850,5,696,2008,4,1,2,3.5,244731,6,0,1,1,0,1,12
45771995,157,640,2,465,2013,9,1,2,2,339920,4,0,1,1,0,14,0
45802081,18500,1024,4,526,2010,10,1,1,2.5,222784,4,0,1,1,0,7,4
45731800,17719,781,4,526,2012,7,1,1,2.5,52600,4,0,1,1,0,14,4
45779760,24148,844.645161290323,2,409,2010,4,1,2,2.5,160000,4,3,0,1,0,1,6
45768931,220,1273,2,421,2015,4,1,5,3.5,0,6,0,1,1,0,14,12
45812996,157,1051,4,748,2016,9,1,5,2.4,68941,4,0,1,1,0,7,12
45808555,1646,586,4,387,2012,9,1,5,1.8,199432,4,0,1,1,0,11,12
45794433,37633,872.02838865217,7,534,2010,6,0,5,2.7,190000,4,1,2,0,0,14,2
45797312,53518,1375,4,522,2015,9,1,5,3.8,60741,4,0,1,1,0,14,4
45808623,5645,1018,0,57,2011,1,1,5,3,143950,6,0,0,0,0,1,12
45765812,1882,1053,6,361,2014,9,1,1,3.5,146395,6,0,2,1,0,7,12
45765357,9565,397,5,258,2016,3,1,2,1.8,71904,4,0,1,1,0,14,0
45757294,6272,1360,5,517,2013,4,1,5,4.6,202651,8,0,0,1,0,1,0
44386119,7527,1429.8433516297,6,716,2000,9,1,5,4.3,123456,8,2,2,1,0,1,12
45803213,19914,1017,4,748,2017,9,1,4,2,208297,4,0,1,1,0,14,4
45771189,2744,1080,1,559,2014,9,1,5,3.6,143862,6,0,1,1,0,12,12
45648230,3607,781,7,268,2012,9,1,2,2.5,156518,4,0,1,1,0,14,12
45798496,17249,502,6,292,2013,2,0,1,1.5,267000,4,1,1,0,0,1,10
45809025,54458,765,2,421,2015,4,1,5,2,121956,4,0,1,1,0,14,4
45621634,3763,1850,6,361,2008,9,1,1,3.5,494317,6,0,0,1,0,1,12
45771954,2195,586,7,643,2012,9,1,2,1.8,430278,4,0,1,1,0,1,12
45809710,39559,584,3,293,2014,9,1,5,1.8,80000,4,0,1,1,0,14,4
45808434,3293,1080,1,407,2014,4,1,5,3.6,97106,6,0,0,1,0,12,12
45803705,34980,770,4,817,2016,4,1,1,1.7,99217,4,0,1,1,0,14,4
45648627,157,1172,6,605,2011,4,1,1,3.5,220323,6,0,0,1,0,1,12
45768877,18189,650,1,317,2016,9,0,5,1.4,100800,4,0,1,1,0,14,12
45761052,4704,1429.8433516297,6,11,1991,9,0,5,2,200000,4,1,1,1,0,11,4
45772003,470,382,2,465,2015,9,1,2,2,0,4,0,1,1,0,1,0
45766427,17249,586,4,387,2012,9,1,5,1.8,130000,4,0,1,1,0,1,8
45802928,36401,891,4,733,2016,4,1,1,2,146358,4,0,1,1,0,7,4
45534037,15681,832.188679245283,2,409,2008,4,1,2,2.3,146000,4,3,0,1,0,7,8
45801572,14113,1058,6,361,2012,9,1,5,3.5,130000,4,0,0,2,0,1,10
45767298,14069,1269,0,891,2012,4,1,1,3,224000,6,2,0,1,0,1,8
45797987,16308,531,4,387,2012,9,1,5,1.6,165294,4,0,1,1,0,12,4
45802749,27541,639,4,733,2014,4,1,1,2,8782,4,0,1,1,0,14,4
45702032,7213,872.02838865217,7,824,2003,7,0,0,2,154295,4,0,1,1,1,12,5
45806313,11917,888.488372093023,7,643,2008,3,0,2,1.5,183000,4,0,1,1,0,14,5
45732885,10349,765,4,748,2015,9,1,4,2,77418,4,0,1,1,0,12,4
45793795,8000,1994.5,3,312,2000,4,0,5,2,170000,4,1,0,1,1,12,4
45732774,14542,836,4,748,2010,9,1,5,2,104259,4,0,1,1,0,1,4
45786448,13485,704.859649122807,2,452,2013,9,0,5,2,145000,4,0,1,1,0,14,8
45810002,56431,1533,1,559,2016,9,1,5,3.6,34030,4,0,1,1,0,14,4
45773262,6586,259,1,853,2014,3,1,2,1.4,112123,4,0,1,1,0,12,0
45789154,8781,353,7,643,2015,3,0,2,1.8,198000,4,0,1,1,0,1,12
45804336,23207,836,4,817,2010,4,1,1,2,98713,4,0,1,1,0,7,4
45773509,314,259,1,853,2014,3,1,2,1.4,131893,4,0,1,1,0,3,0
45759871,549,2455,5,517,2008,4,1,5,2,0,8,0,0,1,0,14,0
45809174,44865,891,1,289,2016,4,1,1,2,70922,4,0,1,1,0,14,4
45798308,18503,730,4,387,2016,9,1,4,1.6,29864,4,0,1,1,0,12,4
45750972,1803,2073,1,745,2010,9,1,5,2,0,8,0,1,1,0,1,12
45776463,18817,455.705882352941,7,651,2012,3,0,2,1.5,108000,4,3,1,1,0,11,10
45761084,61154,1194,7,71,2013,4,1,5,4,112000,6,2,0,1,0,7,8
45769793,30734,2151,5,517,2009,4,1,5,2,264339,8,0,0,1,0,1,0
45654463,1568,639,0,50,2014,9,1,1,2,78194,4,0,0,1,0,1,12
45758904,17092,503,7,651,2012,9,0,2,1.5,108480,4,0,1,1,0,14,8
45731076,26306,1091,4,526,2016,10,1,1,2.5,199596,4,0,1,1,0,12,4
45813409,314,645,7,643,2011,3,1,2,1.8,371813,4,0,1,1,0,12,0
43104819,10976,1268,7,145,2012,3,0,2,1.5,0,4,3,1,1,1,8,2
45816323,282,1211,0,871,2010,4,1,5,3,268528,6,0,0,1,0,2,12
45732580,52696,971,4,733,2016,4,1,1,2.2,113321,4,0,1,1,0,12,4
45647611,251,607,7,268,2019,9,1,2,2.5,39552,4,0,1,1,0,1,12
45656766,188,308,7,643,2014,3,1,2,1.8,146019,4,0,1,1,0,14,12
45761487,13485,645,7,643,2011,9,0,2,1.8,281600,6,0,1,1,0,7,8
45805826,31361,587.148148148148,6,191,2014,9,1,5,1.8,150000,4,0,2,1,0,12,12
45349914,17249,765,4,392,2015,3,1,5,2,73335,4,0,1,1,0,7,8
45396170,25089,585,7,668,2013,3,0,2,1.8,65649,4,3,1,1,0,13,9
45081575,60840,518,7,683,2016,4,1,2,2.5,36063,4,0,0,1,0,1,12
45653908,10349,1018,0,871,2011,4,1,1,3,332243,6,0,0,1,0,1,0
45816123,450,1681,0,35,2004,9,1,5,1.6,10000,4,1,0,1,0,1,2
45801995,18500,707,4,522,2011,1,1,5,2,168315,4,0,1,1,0,1,4
45769665,16621,1172,6,361,2011,9,1,1,3.5,119379,6,0,0,1,0,12,12
44855951,23364,442,1,621,2017,9,0,2,1.8,39187,4,0,1,1,0,7,8
45792063,862,640,1,620,2013,9,1,5,2,114107,4,0,1,1,0,2,12
45798864,14740,582.788167938931,7,643,2010,9,0,5,1.8,165000,4,3,1,1,0,14,6
45794164,6272,1429.8433516297,6,235,2001,1,0,5,2.3,236687,4,1,2,0,0,1,2
45811320,4391,1018,0,871,2011,4,1,1,3,143134,6,0,0,1,0,3,12
45802948,23408,836,4,733,2010,4,1,1,2,177719,4,0,1,1,0,12,4
45743541,11290,888.488372093023,7,643,2006,3,0,2,1.5,199840,4,3,1,1,0,12,6
45738958,7840,1599.33333333333,3,425,2005,9,0,5,1.3,230000,4,3,1,1,1,14,6
45183615,12231,1994.5,3,312,2002,4,0,0,2,150000,4,0,0,1,1,12,4
45802967,42171,639,4,733,2014,4,1,1,2,177523,4,0,1,1,0,14,4
45766446,13956,1327,7,268,2018,9,1,5,2.5,56173,4,0,1,1,0,12,12
45437098,18817,582.788167938931,7,643,2013,9,1,2,1.8,136000,4,2,2,1,0,1,12
45803160,15681,891,4,748,2016,9,1,4,2,272772,4,0,1,1,0,12,4
45726977,16621,582.788167938931,7,643,2010,3,1,5,1.8,164000,4,0,1,1,0,11,10
45755924,21953,1507.30769230769,6,837,2004,7,0,1,2.2,0,4,1,1,1,0,14,4
45392987,68994,971.138888888889,6,201,2015,9,1,5,2,66000,4,2,0,1,0,1,12
45732944,11604,639,4,748,2014,9,1,4,2,418369,4,0,1,1,0,12,4
45803464,15060,765,4,748,2015,9,1,4,2,145744,4,0,1,1,0,11,4
44208094,17500,1503,6,174,2013,9,0,5,1.8,48000,4,2,2,1,1,14,6
45756953,17562,1356,5,517,2014,4,1,5,4.6,146218,8,0,0,1,0,1,0
45803091,50529,891,4,733,2016,4,1,1,2,116770,4,0,1,1,0,1,4
45770024,4704,1714,6,502,2017,4,1,5,3.5,59331,6,0,2,1,0,1,0
45804276,44545,770,4,817,2016,4,1,1,1.7,56331,4,0,1,1,0,1,4
45237349,39201,769.5,6,227,2014,9,1,5,2,65000,4,0,1,1,0,7,12
45797198,36068,1091,4,526,2016,7,1,1,2.5,112193,4,0,1,1,0,12,4
45779727,32929,656,7,157,2013,9,1,2,2.5,125000,4,2,1,1,0,14,9
45793988,5000,1429.8433516297,6,170,1998,9,0,5,1.8,23000,4,1,1,1,0,1,4
45689015,16308,582.788167938931,7,643,2010,3,0,2,1.8,1000,4,2,1,1,0,12,8
45624800,549,1750,7,535,2008,4,1,2,3.3,260053,6,0,0,1,0,12,12
45810895,392,502,7,643,2013,3,1,2,1.5,72240,4,0,1,1,0,7,12
45733581,64171,1079,4,748,2018,9,1,5,2,21122,4,0,1,1,0,14,4
45811009,72130,2364,5,516,2019,4,1,5,4.6,26138,8,0,0,1,0,14,10
45655760,13956,603,5,701,2015,4,1,2,3.5,143619,6,0,0,1,0,1,12
45815191,3293,761,7,298,2010,9,1,5,1.8,221627,4,0,1,1,0,11,12
45810903,392,308,7,643,2014,3,1,2,1.8,274381,4,0,1,1,0,7,12
45803842,24283,642,4,817,2012,4,1,1,2,140566,4,0,1,1,0,14,4
45129481,24148,1057.78571428571,7,274,2012,9,1,5,3.5,94000,6,2,1,1,0,1,10
45681669,45160,1017,7,220,2017,4,0,5,2,39400,4,2,1,1,0,1,12
45802209,38229,1091,4,526,2016,7,1,1,2.5,137134,4,0,1,1,0,14,4
45619576,46414,1053,6,361,2014,9,1,5,3.5,80640,6,2,1,1,0,1,0
45796851,22894,474,1,853,2013,3,0,6,1.4,144000,4,0,1,1,0,7,12
45772868,1646,1399,6,361,2010,9,1,5,3.5,205968,6,0,0,1,0,14,12
45413707,13172,749.991967871486,7,145,2014,9,0,2,1.5,16000,4,0,1,1,1,14,4
45762108,11917,1429.8433516297,6,358,2000,9,1,0,3.2,265000,6,2,0,1,0,12,8
45731829,7056,1018,4,525,2011,9,1,4,3,77538,4,0,1,1,0,12,4
42465691,14740,749.991967871486,7,145,2012,3,0,2,1.5,149000,4,3,1,1,1,12,2
30601481,150,1429.8433516297,6,721,2010,9,1,5,2,15000,8,2,0,1,0,1,12
45811715,6115,1329.79585953434,5,513,2002,9,1,0,3.5,190000,6,0,1,1,0,12,4
45563952,19130,582.788167938931,7,643,2013,9,1,2,1.8,71000,4,0,1,1,0,7,12
45808877,14069,1156,2,421,2017,4,1,5,2.3,80000,4,0,1,1,0,14,4
45661000,25716,915,0,871,2014,4,1,1,3,141384,6,0,0,1,0,2,0
45816595,3600,1429.8433516297,6,11,1992,9,0,5,1.8,0,4,1,1,1,0,1,2
45665853,29793,725.166666666667,0,84,2011,9,1,5,2,11000,4,2,2,1,0,7,8
45648126,1176,751,4,748,2013,9,1,2,2.4,216208,4,0,1,1,0,2,0
45732381,41701,640,4,733,2013,4,1,1,2,147470,4,0,1,1,0,1,4
45810353,30734,1578,0,118,2015,1,1,5,4.4,92213,8,0,2,0,0,14,12
45803231,15053,765,4,748,2015,9,1,4,2,314523,4,0,1,1,0,12,4
45782088,17876,585,5,258,2013,3,1,2,1.8,115000,4,2,1,1,0,14,12
45784716,15994,872.02838865217,7,284,2008,9,1,2,2.4,221000,4,2,1,1,0,12,10
45797143,18500,528,4,387,2014,9,1,5,1.6,179664,4,0,1,1,0,12,4
45730997,8500,1681,0,35,2004,9,0,5,2.2,13700,6,1,2,1,0,0,6
45757302,39201,1811,5,516,2010,4,1,5,4.6,155821,8,0,0,1,0,1,0
45784799,8781,1429.8433516297,6,240,2003,1,1,5,3.2,245000,6,2,2,0,0,12,6
45803128,16508,836,4,748,2010,9,1,5,2,133392,4,0,1,1,0,14,4
45733664,57698,1079,4,748,2018,9,1,5,2,36304,4,0,1,1,0,7,4
45807071,549,1292,6,506,2016,4,1,5,3,59099,6,0,0,1,0,14,12
45155294,15681,584,4,388,2014,9,0,5,1.8,120000,4,2,1,1,0,12,10
45785576,6899,1515,6,184,2005,9,1,1,2.2,233454,6,1,2,1,0,1,6
45649089,3136,781,7,268,2012,9,1,2,2.5,159379,4,0,1,1,0,14,12
45322212,12231,761,7,643,2010,3,0,2,1.8,198000,4,0,1,1,0,1,8
45802568,39559,891,4,733,2016,4,1,1,2,128994,4,0,1,1,0,14,4
45789051,28852,1079,0,863,2018,4,1,5,2,68126,4,0,0,1,0,14,12
45786455,10976,2467,0,56,2005,1,1,0,3,176000,6,2,2,0,0,2,4
45801595,20266,583,4,387,2011,9,1,5,1.6,125062,4,0,1,1,0,1,4
45768956,220,645,7,643,2011,3,1,2,1.8,128965,4,0,1,1,0,11,12
45815541,4234,1338.90845620294,0,74,1992,9,1,5,2,300000,6,1,2,1,0,6,2
45761428,17876,810,4,387,2016,9,0,5,1.8,132000,4,2,1,1,0,14,8
45529722,32302,934,7,268,2015,9,1,5,2.5,50000,4,2,1,1,0,14,12
45797094,36567,1091,4,526,2016,7,1,1,2.5,120000,4,0,1,1,0,1,4
45809425,16960,502,7,145,2013,3,1,5,1.5,86402,4,0,1,1,0,12,4
45767348,2038,353,7,643,2015,4,1,2,1.8,104795,4,0,1,1,0,14,12
45767292,7213,490,3,560,2011,3,1,2,1.3,195030,4,3,1,1,0,1,6
45804668,15524,707,4,817,2011,4,1,1,2,52249,4,0,1,1,0,7,4
45774549,7840,1429.8433516297,6,240,1998,1,1,0,3.2,111111,6,0,2,0,0,1,2
45647539,784,394,7,268,2014,9,1,2,2.5,102397,4,0,1,1,0,1,12
45816570,25089,943.727272727273,5,531,2011,9,1,2,2.5,86000,4,0,1,1,0,2,12
45698374,14113,1507.30769230769,6,837,2005,9,0,1,2.2,245000,4,2,2,0,0,14,5
45794098,13600,473,1,317,2014,9,1,5,1.4,71600,4,2,1,1,0,1,6
45802588,39226,765,4,733,2015,4,1,1,2,118926,4,0,1,1,0,14,4
45801711,18826,583,4,387,2011,9,1,5,1.6,87210,4,0,1,1,0,12,4
45740855,26343,757.14552238806,7,268,2013,9,1,5,2.5,152000,4,0,1,1,0,1,12
45798079,13476,687,4,387,2010,9,1,5,1.6,132967,4,0,1,1,0,7,4
45803008,69810,1077,4,733,2019,4,1,1,2,2730,4,0,1,1,0,7,4
45732123,16913,697,4,733,2012,4,1,1,2.2,70304,4,0,1,1,0,12,4
45814863,282,645,7,643,2011,3,1,2,1.8,230939,4,0,1,1,0,2,12
45813626,1176,1399,5,701,2010,4,1,2,3.5,0,6,0,0,1,0,12,12
45805799,13485,749.991967871486,7,145,2012,9,0,2,1.5,151000,4,0,1,1,1,14,4
45803224,9418,765,4,748,2015,9,1,4,2,42875,4,0,1,1,0,14,4
45793314,13642,551,1,768,2017,9,1,5,1,32637,3,0,1,1,0,14,4
45793177,10976,872.02838865217,7,173,2007,9,0,5,1.3,145000,4,0,1,1,0,12,2
45489951,8781,1268,7,145,2012,3,0,2,1.5,105000,4,0,1,1,1,12,2
43594106,19287,765,2,413,2015,4,0,5,2,106961,4,0,0,1,0,2,8
45776636,6899,1429.8433516297,6,231,1999,9,1,5,2,14566,8,0,2,0,0,2,12
45678426,19444,1690.85714285714,6,769,2001,6,0,1,2.2,269962,4,1,2,0,0,14,4
45768475,24148,582.788167938931,7,643,2015,3,0,2,1.5,160000,4,0,1,1,0,14,10
45730775,18346,629,4,387,2015,9,1,4,1.6,31891,4,0,1,1,0,7,4
45551473,6586,1236,3,425,2011,3,0,5,1.3,118000,4,3,1,1,1,1,2
45804292,23521,584,6,191,2014,9,1,5,1.8,64270,4,0,2,1,0,7,0
45642841,3450,607,7,268,2019,9,1,2,2.5,9626,4,0,1,1,0,1,12
45776785,6272,896.105072463768,0,84,1999,9,0,5,2.8,26000,6,1,2,1,0,1,6
45802590,38229,833,4,733,2015,4,1,1,2.2,172803,4,0,1,1,0,14,4
45766382,1019,862,7,268,2011,9,1,5,2.5,174790,4,0,1,1,0,1,12
45763908,73071,1646,5,516,2015,4,1,5,4.6,188078,8,0,0,1,0,1,0
42168731,14113,761,7,643,2010,3,0,2,1.8,95863,4,0,1,1,0,14,8
45809629,13877,639,1,317,2014,9,1,1,2,292097,4,0,1,1,0,14,4
45641365,3136,781,7,268,2012,9,1,2,2.5,159379,4,0,1,1,0,14,12
45791023,10036,448,3,560,2012,3,0,2,1.3,119000,4,2,1,1,0,7,8
45741373,20385,970.867153989687,2,812,2012,6,0,1,2.2,125000,4,1,1,1,0,14,1
45808452,1333,761,7,298,2010,9,1,5,1.8,116992,4,0,1,1,0,12,12
45794262,11917,1429.8433516297,6,602,2003,4,1,5,3.2,227200,6,2,0,1,0,1,5
45418086,12231,862,7,268,2011,9,0,5,2.5,150000,4,2,1,1,0,2,12
45802914,40026,891,4,733,2016,4,1,1,2,116365,4,0,1,1,0,1,4
42412373,15367,781,1,816,2018,4,1,5,1.4,1405,4,0,0,1,0,1,8
45766701,314,1053,6,361,2014,9,1,1,3.5,149486,6,0,0,1,0,12,12
45810227,12544,862,7,566,2004,7,0,5,2.4,133000,4,0,1,1,1,14,5
45790496,18503,308,7,643,2014,3,0,2,1.8,112000,7,0,2,1,0,6,11
45656474,1019,1055,5,701,2013,4,1,2,3.5,138038,6,0,1,1,0,14,12
45787162,10976,888.488372093023,7,643,2008,3,0,2,1.1,220800,2,3,1,1,0,2,4
45434004,14069,1017,0,87,2017,9,1,5,2,42000,12,2,2,1,0,14,12
45671308,25089,798.780396435111,4,163,2014,9,1,5,3.3,50000,4,0,0,1,0,1,6
45720622,30,1599.33333333333,3,425,2003,3,0,5,1.5,0,4,0,1,1,1,14,4
45396586,25089,1411.91666666667,6,492,2012,4,1,5,4.5,9600,8,2,0,1,0,7,12
45772157,188,1659,7,822,2014,4,1,5,2,101928,8,0,0,1,0,1,12
45767237,22580,779,7,268,2013,9,1,2,2.5,126018,4,0,1,1,0,1,12
42199195,14269,642,2,218,2012,3,0,2,2,10084,4,0,1,1,0,6,8
45731154,31581,777,4,526,2014,7,1,1,2.5,175342,4,0,1,1,0,7,4
45451618,24775,779,7,269,2013,9,0,2,2.5,119000,4,2,1,1,0,2,12
45794583,31988,1429.8433516297,6,331,2012,9,1,5,2,120000,4,2,2,1,0,2,12
45428815,13799,642,0,50,2012,9,1,5,2,126000,4,2,2,1,0,13,12
45809745,51526,891,3,293,2016,9,1,5,2,57000,4,0,1,1,0,14,4
45799458,40,1599.33333333333,3,425,2004,3,0,5,1.3,229000,4,0,1,1,1,2,2
45815521,8781,574,3,293,2010,9,1,2,1.3,169000,4,0,1,1,0,14,6
45649809,15681,1811,5,516,2010,4,1,5,4.6,275240,8,0,0,1,0,12,0
45803400,8467,639,4,748,2014,9,1,4,2,464656,4,0,1,1,0,8,4
45803064,37476,891,4,733,2016,4,1,1,2,24526,4,0,1,1,0,14,4
43225846,25500,814.666666666667,6,769,2011,6,0,1,2.5,1000,4,1,2,1,0,14,2
45812777,220,1327,7,268,2018,9,1,5,2.5,47688,4,0,1,1,0,2,12
45775430,10976,1338.90845620294,0,78,2003,9,1,5,2.5,0,6,2,2,1,1,1,6
45759895,23521,862,7,419,2009,7,0,2,2.4,155000,4,0,0,1,1,12,0
45732541,56848,765,4,733,2015,4,1,1,2,83535,4,0,1,1,0,2,4
45624062,11290,843,7,643,2008,9,0,2,1.5,170000,4,3,1,1,0,1,8
45761465,39201,966.724137931034,0,94,2012,9,1,5,3,141000,6,0,2,1,0,2,12
45068462,9095,843,7,643,2008,3,0,2,1.5,102000,4,0,1,1,0,12,2
45656238,3450,585,7,643,2013,3,1,2,1.8,74838,4,0,1,1,0,14,12
45803326,10036,639,4,748,2014,9,1,4,2,347600,4,0,1,1,0,12,4
45766577,13642,1172,6,361,2011,9,1,1,3.5,64496,6,0,0,1,0,2,12
45789042,9408,1429.8433516297,6,341,1996,5,0,0,2.3,310000,4,1,2,1,0,12,2
45772275,1019,831,4,387,2017,9,1,5,1.6,25635,4,0,1,1,0,1,12
45767036,24462,1017,5,550,2017,9,1,5,2,36000,4,2,2,1,0,14,0
45805160,36366,1017,4,817,2017,4,1,1,2,148510,4,0,1,1,0,14,4
45732697,8467,639,4,748,2014,9,1,4,2,313922,4,0,1,1,0,15,4
45776757,17876,1024,6,191,2010,9,1,5,2.5,219000,6,2,2,1,0,14,8
45774213,2430,1598,6,361,2008,9,1,1,3,175614,6,0,2,1,0,1,12
45769551,314,1017,6,355,2017,9,1,5,2,26802,4,0,2,1,0,1,12
45774015,5018,1624,6,361,2009,9,1,1,3.5,109139,6,0,2,1,0,1,12
45759925,17249,582.788167938931,7,643,2010,3,0,2,1.8,131200,4,3,1,1,0,1,0
45290785,22000,777,7,268,2014,9,0,5,2.5,107000,4,0,1,1,0,7,12
45801823,7840,584,7,568,2004,9,0,5,1.3,11700,4,0,1,1,1,12,2
45373035,15994,584,4,387,2014,9,0,5,1.8,78000,4,2,1,1,0,7,8
44945653,20385,377.528,1,853,2012,3,0,6,1.4,165900,4,0,1,1,0,2,12
45184601,5500,1236,3,425,2011,3,0,5,1.3,50000,4,0,1,1,1,12,4
45797437,10406,1047,4,387,2007,9,1,5,1.6,51385,4,0,1,1,0,7,4
44991559,13013,749.991967871486,7,145,2012,3,0,2,1.5,147000,4,0,1,1,1,14,4
45802695,17813,836,4,733,2010,4,1,1,2,41124,4,0,1,1,0,14,4
45808886,9543,583,1,162,2011,9,1,5,1.6,193425,4,0,1,1,0,14,4
45803023,42337,1017,4,733,2017,4,1,1,2,27453,4,0,1,1,0,14,4
45808958,18973,530,1,162,2013,3,1,5,1.6,71309,4,0,1,1,0,1,4
45646493,5018,779,7,268,2013,9,1,2,2.5,190549,4,0,1,1,0,1,12
45606051,5500,1507.30769230769,6,837,2001,7,0,1,2.2,318000,2,1,2,0,0,14,6
45815251,5018,779,7,268,2013,9,1,2,2.5,225510,4,0,1,1,0,14,12
45802037,16323,836,4,522,2010,1,1,5,2,95510,4,0,1,1,0,12,4
45789834,5331,1288,1,289,2007,4,1,1,2,51258,4,0,1,1,0,1,4
45656090,941,1850,5,696,2008,4,1,2,3.5,364523,6,0,0,1,0,1,12
45784446,18189,738,1,317,2017,9,0,5,1.4,26000,4,0,1,1,0,12,8
45806750,28539,2715,1,745,2018,4,1,5,2,28890,8,0,1,1,0,11,12
45793159,6899,789,1,317,2009,9,1,5,1.6,145060,4,0,1,1,0,12,4
45777430,8154,1507.30769230769,6,837,2003,2,0,1,2.2,395000,4,1,1,1,0,14,2
45781878,16621,455.705882352941,7,651,2013,9,0,2,1.5,105000,4,0,1,1,0,2,0
45769088,314,1017,6,355,2017,9,1,5,2,26802,4,0,2,1,0,1,12
45809097,8985,308,7,145,2015,3,1,2,1.5,154540,4,0,1,1,0,12,4
45766635,54568,1360,5,517,2013,4,1,5,4.6,202651,8,0,0,1,0,1,0
45801736,7213,888.488372093023,7,643,2005,9,0,5,1.5,126000,4,0,1,1,0,12,4
45809214,12121,502,7,145,2013,3,1,2,1.5,105900,4,0,1,1,0,14,4
45815008,392,777,7,268,2014,9,1,5,2.5,0,4,0,1,1,0,14,12
45765403,470,645,5,258,2011,3,1,2,1.8,32974,4,0,1,1,0,12,0
45745226,22894,757.14552238806,7,268,2010,9,1,2,2.4,158400,8,0,1,1,0,12,0
45811945,39201,900,3,312,2015,4,1,5,2.4,50800,4,0,0,1,0,7,12
45773474,18817,585,7,643,2013,3,0,2,1.8,125000,4,0,1,1,0,14,8
45797833,18826,583,4,387,2011,9,1,5,1.6,173678,4,0,1,1,0,14,4
45787540,6272,1429.8433516297,6,20,1997,9,0,0,2.8,30000,6,0,2,1,0,2,4
45796987,21103,862,4,526,2011,10,1,1,2.5,232078,4,0,1,1,0,12,4
45764565,9565,1058,7,535,2012,4,1,5,3.5,285186,6,0,1,1,0,7,12
45813846,14583,1342,2,424,2017,8,1,5,2.7,118462,6,0,2,1,0,1,12
44793577,32615,934,7,268,2015,9,1,5,2.5,60000,4,2,1,1,0,1,12
45733141,15367,765,4,748,2015,9,1,4,2,339603,4,0,1,1,0,12,4
45797175,16327,836,4,522,2010,1,1,5,2,95510,4,0,1,1,0,12,4
45762787,11604,939.882352941176,7,849,2012,9,0,5,1,110000,3,0,1,1,1,14,6
45810110,5341,790,1,575,2009,9,1,5,1.6,94201,4,0,1,1,0,12,4
45813513,2000,1368,3,293,1995,9,0,5,1.4,210000,4,1,1,1,0,6,2
45802909,37633,891,4,733,2016,4,1,1,2,194067,4,0,1,1,0,1,4
45733701,49459,891,4,748,2016,9,1,5,2,49829,4,0,1,1,0,14,4
45796038,26657,757.14552238806,7,268,2013,9,0,2,2.5,152000,4,0,1,1,0,14,10
45648467,157,919,0,871,2012,4,1,1,3,296395,6,0,0,1,0,7,0
45787214,14740,562,1,317,2015,9,1,5,1.4,73000,4,0,1,1,0,14,12
45812788,20385,1690.85714285714,6,769,2005,6,0,1,2.2,1000,4,1,2,0,1,14,2
45800690,10663,1338.90845620294,0,79,2001,9,0,5,2.5,76550,6,2,2,1,1,7,6
45773692,392,779,7,268,2013,4,1,2,2.5,493571,4,0,1,1,0,1,12
45759110,17562,1356,5,517,2014,4,1,5,4.6,146218,8,0,0,1,0,1,0
45801982,15053,749.991967871486,7,145,2013,3,1,2,1.5,143000,4,0,1,1,1,2,6
45751566,1490,831,3,312,2011,4,1,5,2.4,272542,4,0,0,1,0,7,12
45689444,25089,691.5,7,279,2014,9,0,5,2.5,75000,4,2,1,1,0,1,12
45758982,24462,720.051834985287,1,854,2012,9,1,6,1.4,113600,4,3,1,1,0,1,12
45157923,34184,1702.77011494253,7,535,2008,4,1,2,3.3,157000,6,0,0,1,0,7,8
45651187,12858,765,6,498,2015,4,1,5,2,159928,4,0,1,1,0,1,0
45815009,94,777,7,268,2014,9,1,5,2.5,221688,4,0,1,1,0,7,12
45809847,44862,891,3,293,2016,9,1,5,2,36808,4,0,1,1,0,1,4
45771798,5802,1055,6,361,2013,9,1,1,3.5,107800,6,0,2,1,0,7,12
45804982,33230,639,4,817,2014,4,1,1,2,137469,4,0,1,1,0,1,4
45779485,3450,1527,6,174,1995,9,0,5,1.8,20000,4,1,2,1,0,2,2
45797068,32979,777,4,526,2014,7,1,1,2.5,122614,4,0,1,1,0,7,4
45776444,13500,1026.00733117836,3,463,2012,7,0,2,1.5,195000,4,3,1,1,1,1,6
45809419,21040,595,7,145,2015,3,1,5,1.5,67986,4,0,1,1,0,14,4
45797365,28423,777,4,526,2014,7,1,1,2.5,190000,4,0,1,1,0,14,4
45809032,14069,1058,2,424,2012,9,1,5,3.5,142930,4,0,1,1,0,7,4
45768138,251,1750,7,535,2008,4,1,2,3.3,318467,6,0,0,1,0,2,12
45641375,706,394,7,268,2014,9,1,2,2.5,115312,4,0,1,1,0,7,12
45676303,15053,777,7,268,2014,9,1,5,2.5,107000,4,0,1,1,0,1,12
45761695,3500,1429.8433516297,6,343,2002,10,0,5,2.4,20000,6,0,2,1,0,6,10
45781812,15681,562,1,317,2015,9,0,5,1.4,75000,4,2,1,1,0,14,10
45766227,17876,1690.85714285714,6,769,2005,6,0,1,2.2,267000,4,1,2,1,0,5,4
45124920,14426,584,1,317,2014,9,0,5,1.8,68000,4,1,1,1,0,1,6
45768539,627,1750,7,535,2008,9,1,2,3.3,277405,6,0,0,1,0,7,12
45813193,706,394,7,268,2014,9,1,2,2.5,381365,4,0,1,1,0,12,12
45792609,17249,475,7,651,2012,3,0,2,1.4,100000,4,0,1,1,0,14,6
45773334,2274,394,7,268,2014,9,1,2,2.5,128739,4,0,1,1,0,6,12
45660294,392,690,5,701,2016,4,1,2,3.5,27038,6,0,0,1,0,14,12
45793417,17562,673.483990147783,4,387,2012,9,0,5,1.8,13500,4,2,1,1,0,1,4
45784233,56450,1053,6,605,2014,4,1,1,3.5,190000,6,2,0,1,0,1,0
45761236,3763,259,1,853,2014,3,1,2,1.4,138491,4,0,1,1,0,1,0
45733171,18826,707,4,748,2011,9,1,5,2,117543,4,0,1,1,0,12,4
45813635,1646,441,4,748,2015,9,1,2,2.4,77830,4,0,1,1,0,7,12
45765216,1568,1172,6,361,2011,1,1,1,3.5,226251,6,0,2,0,0,1,12
45774913,11290,503,7,651,2012,3,0,2,1.5,139005,4,0,1,1,0,2,12
45799612,29793,1690.85714285714,6,769,2004,6,0,1,2.2,371500,4,1,0,1,0,14,2
45802067,17346,781,4,526,2012,10,1,1,2.5,230000,4,0,1,1,0,15,4
45732154,44724,971,4,733,2016,4,1,1,2.2,137986,4,0,1,1,0,12,4
45803958,17923,836,4,817,2010,4,1,1,2,173169,4,0,1,1,0,7,4
44609440,14069,1386.5,6,370,2017,1,1,5,3,6200,6,2,2,0,0,2,12
45810213,282,781,7,680,2012,4,1,5,2.5,73136,4,0,0,1,0,2,12
44298985,11604,1429.8433516297,6,348,2000,9,0,1,2.7,335000,5,2,2,1,0,12,6
45801654,19416,531,4,387,2012,9,1,5,1.6,143502,4,0,1,1,0,14,4
45811011,1725,259,1,853,2014,3,1,2,1.4,133195,4,0,1,1,0,1,12
45810787,20071,673.483990147783,4,387,2013,9,1,5,1.8,112000,4,2,1,1,0,7,12
43065776,45,1599.33333333333,3,425,2007,3,0,5,1.3,150000,4,0,0,1,1,7,4
45807597,11917,1429.8433516297,6,709,2000,9,1,0,3.2,210000,6,2,2,1,0,14,10
45719230,15053,738,1,317,2017,9,0,5,1.4,8960,4,2,1,1,0,14,10
45642931,28852,1017,4,387,2017,9,0,5,2,20000,4,2,1,1,0,1,12
45732098,48998,765,4,733,2015,4,1,1,2,104667,4,0,1,1,0,7,4
45732371,35962,640,4,733,2013,4,1,1,2,190000,4,0,1,1,0,7,4
45816249,17876,1301,0,891,2014,4,1,5,4.4,62192,8,0,0,1,0,1,12
45802435,13269,1018,4,525,2011,9,1,4,3,406000,4,0,1,1,0,12,4
45804827,33575,639,4,817,2014,4,1,1,2,87720,4,0,1,1,0,3,4
45776878,8467,1429.8433516297,6,357,1996,9,1,0,3.2,224643,6,1,2,1,0,12,6
45803092,31747,639,4,733,2014,4,1,1,2,20900,4,0,1,1,0,1,4
45438721,23521,609,7,270,2012,9,1,2,2.5,155000,4,0,1,1,0,1,10
45552110,11133,1268,3,425,2012,9,0,2,1.5,90000,4,2,1,1,1,14,2
45503993,24148,900,4,748,2015,9,0,5,2.4,120000,4,0,1,1,0,2,10
45809681,59834,690,3,293,2016,9,1,5,1.5,3785,4,0,1,1,0,7,4
45732663,8467,639,4,748,2014,9,1,4,2,128965,4,0,1,1,0,8,4
45664407,10349,915,0,871,2014,4,1,1,3,0,6,0,0,1,0,1,0
45816289,15994,919,0,871,2012,4,1,5,3,232789,6,0,0,1,0,7,12
45625938,78,1405,0,871,2009,4,1,1,3,229854,6,0,0,1,0,6,0
45732334,36865,639,4,733,2014,4,1,1,2,144009,4,0,1,1,0,12,4
44309318,15053,781,1,317,2018,9,0,5,1.4,37400,4,0,1,1,0,1,8
45797531,15681,966,1,575,2009,9,1,1,2,6500,4,0,1,1,0,14,8
45802318,36231,1091,4,526,2016,10,1,1,2.5,182541,4,0,1,1,0,12,4
45768396,1646,1750,7,535,2008,4,1,2,3.3,269162,6,0,0,1,0,12,12
45631358,31047,919,0,871,2012,4,1,1,3,70994,6,0,0,1,0,1,0
45760572,6899,1111,3,425,2012,3,0,5,1.3,146000,4,0,1,1,1,14,2
45794558,60213,1055,6,608,2014,4,1,5,3.5,107329,6,2,0,1,0,7,12
45621668,157,1172,6,361,2011,9,1,1,3.5,377379,6,0,0,1,0,12,12
45767337,31047,1053,6,361,2014,9,1,1,3.5,132349,6,0,0,1,0,7,12
45812811,314,934,7,268,2015,9,1,5,2.5,150259,4,0,1,1,0,14,12
45797223,23207,730,4,387,2016,9,1,1,1.6,33017,4,0,1,1,0,14,4
45525222,29793,1077,7,220,2019,4,1,5,2,4330,4,0,1,1,0,14,12
45797285,21395,629,4,547,2015,3,1,1,1.6,170000,4,0,1,1,0,14,4
45809559,60502,831,3,425,2018,3,1,5,1.5,8000,4,0,1,1,0,1,4
45675221,6899,1429.8433516297,6,729,1998,0,0,5,2.3,202000,4,0,2,0,0,12,0
45732583,46490,640,4,733,2013,4,1,1,2,90220,4,0,1,1,0,1,4
45805075,14122,707,4,817,2011,4,1,1,2,67630,4,0,1,1,0,12,4
45647807,8154,919,0,871,2012,4,1,1,3,103458,6,0,0,1,0,14,0
45764740,1490,586,5,258,2012,3,1,2,1.8,174106,4,0,1,1,0,14,0
45721609,19130,1429.8433516297,6,331,2006,9,1,1,2.2,270000,6,2,2,1,0,13,8
45155491,8000,1111,7,849,2012,3,0,5,1.3,193000,4,3,0,1,1,15,2
45803113,8467,765,4,748,2015,9,1,4,2,128965,4,0,1,1,0,8,4
45803524,11917,639,4,748,2014,9,1,4,2,354648,4,0,1,1,0,12,4
43857644,24148,455.705882352941,7,651,2015,9,1,5,1.5,47500,4,0,1,1,0,1,12
45815322,470,1493,7,792,2016,8,1,5,3.5,131882,6,0,2,1,0,7,12
45451163,21953,781,7,680,2012,4,0,5,2.5,109500,4,2,1,1,0,14,6
45755329,15367,612.4,2,448,2017,9,0,5,1.6,41000,4,0,1,1,0,14,6
45728320,7213,481,4,748,2017,9,1,2,2,138459,4,0,1,1,0,12,0
45800562,21012,582.788167938931,7,643,2013,9,0,2,1.8,145600,4,0,1,1,0,1,0
45732705,15681,891,4,748,2016,9,1,4,2,295970,4,0,1,1,0,12,4
45814880,25089,2736,7,822,2017,4,1,5,2,123862,8,0,0,0,0,14,12
45802804,51373,765,4,733,2015,4,1,1,2,63323,4,0,1,1,0,1,4
45814769,10663,1507.30769230769,6,837,2001,7,0,0,2.3,0,6,1,1,1,0,1,6
45797048,16766,1266,4,522,2011,1,1,5,3.8,114021,4,0,1,1,0,14,4
45770525,16308,1338.90845620294,0,78,2004,9,1,1,2.5,265000,5,2,2,1,0,1,8
45802982,28391,640,4,733,2013,4,1,1,2,45881,4,0,1,1,0,14,4
45761873,5331,1446.97098646035,3,312,1996,4,0,5,2,30000,4,0,1,1,1,2,2
45816587,220,810,4,387,2016,9,1,5,1.8,83106,4,0,1,1,0,1,12
45803459,13799,639,4,748,2014,9,1,4,2,185302,4,0,1,1,0,14,4
45730913,23828,1324,4,522,2010,9,1,5,3.3,238558,4,0,1,1,0,7,4
42008617,50,749.991967871486,7,145,2014,9,0,2,1.5,111000,4,0,2,1,1,1,0
45809653,62493,831,3,293,2018,1,1,5,1.5,8520,4,0,1,1,0,11,4
37822404,70,673.483990147783,4,387,2015,9,0,5,1.8,64000,6,2,1,1,0,12,6
45805525,21326,586,5,258,2012,3,1,2,1.8,95000,4,0,1,1,0,4,10
45782170,11604,645,7,643,2011,3,1,2,1.8,287100,4,2,1,1,0,5,12
45797493,16618,531,4,387,2012,9,1,5,1.6,115471,4,0,1,1,0,7,4
45767611,1882,746,7,643,2009,9,1,2,1.5,142426,4,0,1,1,0,14,12
45813933,470,1079,6,227,2018,3,1,5,2,15806,4,0,1,1,0,11,12
45810006,54954,1091,1,559,2016,9,1,5,2.5,63000,4,0,1,1,0,14,4
45776529,11290,746,7,643,2009,9,0,2,1.5,237872,4,0,1,1,0,3,8
45802364,22433,779,4,526,2013,7,1,1,2.5,69315,4,0,1,1,0,1,4
45816159,549,1017,4,387,2017,9,1,5,2,21246,4,0,1,1,0,14,12
45809560,54349,1017,3,293,2017,9,1,5,2,16000,4,0,1,1,0,7,4
39670229,149,1682.5,6,722,2009,9,1,5,2,90000,8,2,2,1,0,1,12
45646322,157,1172,6,605,2011,4,1,1,3.5,220323,6,0,0,1,0,1,12
45813434,1176,915,0,68,2014,1,1,5,3,90029,6,0,2,0,0,7,12
45809748,13172,1533.25,2,799,2006,6,0,1,2.2,128965,5,1,1,0,0,14,8
45689334,15681,1271.22222222222,7,268,2006,9,0,5,2.4,184000,4,0,1,1,0,1,6
45654734,549,259,1,853,2014,3,1,2,1.4,138491,4,0,1,1,0,1,12
45803245,15681,891,4,748,2016,9,1,4,2,258942,4,0,1,1,0,12,4
45757662,12858,779,2,465,2013,9,0,5,2.5,83718,4,0,1,1,0,14,0
45810865,15367,503,7,651,2012,3,0,2,1.5,132462,4,3,1,1,0,14,7
45809797,9261,707,1,317,2011,9,1,1,2,52715,4,0,1,1,0,7,4
45208985,39829,505,2,465,2018,9,1,2,2,39000,4,2,1,1,0,12,12
45803133,11604,1017,4,748,2017,9,1,4,2,319682,4,0,1,1,0,8,4
45769727,314,1017,6,355,2017,9,1,5,2,26802,4,0,2,1,0,1,12
45803736,31248,765,4,817,2015,4,1,1,2,108505,4,0,1,1,0,7,4
45816302,6586,1018,0,871,2011,4,1,5,3,117194,6,0,0,1,0,1,12
45797548,10663,1429.8433516297,6,357,2002,9,1,5,3.2,139000,6,2,2,1,1,12,8
45261880,11133,988,7,643,2007,9,0,2,1.5,107248,4,0,1,1,0,12,6
45801515,36426,880,4,387,2018,9,1,4,1.6,35643,4,0,1,1,0,14,4
45649151,18817,609,7,268,2018,9,1,2,2.5,35058,4,0,1,1,0,14,12
45802429,18500,919,4,525,2012,9,1,4,3,226843,4,0,1,1,0,12,4
45624660,18503,595.03007518797,2,465,2012,9,0,4,2.5,137103,4,2,1,1,0,12,6
45815149,251,1327,7,268,2018,9,1,5,2.5,60915,4,0,1,1,0,14,0
45812973,314,585,4,387,2013,9,1,5,1.8,157859,4,0,1,1,0,1,12
45769820,706,1646,5,516,2015,4,1,5,4.6,102907,8,0,0,1,0,1,0
45798081,39201,1429.8433516297,6,18,2012,9,1,5,1.8,74000,6,0,2,1,0,1,12
45810374,78,584,7,298,2014,9,1,5,1.8,87538,4,0,1,1,0,1,12
45767927,94,448,3,560,2012,3,1,2,1.3,0,4,0,1,1,0,12,0
45813927,470,1493,6,361,2016,9,1,5,3.5,73190,6,0,2,1,0,1,12
45792764,19601,582.788167938931,7,643,2011,3,0,5,1.8,137000,4,3,1,1,0,14,6
45523575,549,1079,7,220,2018,4,1,5,2,46733,4,0,1,1,0,12,12
41378450,17562,1185,2,409,2009,4,0,2,2.5,143000,4,0,0,1,0,1,12
45813973,470,1104,6,251,2015,9,1,5,3,110429,6,0,2,1,0,12,12
45810469,14959,642,1,639,2012,4,1,1,2,222303,4,0,1,1,0,12,4
45656253,282,753,4,748,2012,9,1,2,2.4,226814,4,0,1,1,0,1,0
45775251,17876,761,7,304,2010,9,0,5,1.8,119000,4,0,1,1,0,12,6
45792022,13956,781,1,317,2018,9,0,5,1.4,0,4,0,1,1,0,1,0
45784217,31361,397,7,643,2016,3,1,2,1.8,130000,4,0,1,1,0,14,8
45814847,16935,584,4,387,2014,9,0,5,1.8,105600,4,0,1,1,0,0,0
45798361,11604,843,7,643,2008,3,0,2,1.5,95500,4,0,1,1,0,12,12
45512493,13485,1271.22222222222,7,268,2009,9,1,2,2.4,0,4,2,1,1,0,14,12
45732901,9252,765,4,748,2015,9,1,4,2,530660,4,0,1,1,0,8,4
40047055,40,1599.33333333333,3,425,2006,3,1,5,1.3,128965,4,3,1,1,1,14,4
45809433,19579,595,7,145,2015,3,1,5,1.5,69000,4,0,1,1,0,14,4
45810294,22825,642,1,620,2012,9,1,5,2,114929,4,0,1,1,0,1,4
45804894,27591,707,4,817,2011,4,1,1,2,68047,4,0,1,1,0,1,4
45651997,34811,690,5,701,2016,4,1,2,3.5,0,6,0,1,1,0,7,12
45731428,35902,777,4,526,2014,7,1,1,2.5,169109,4,0,1,1,0,15,4
45780603,13172,872.02838865217,7,649,2007,3,1,5,1.5,269638,4,0,1,1,0,3,4
45802907,34406,891,4,733,2016,4,1,1,2,185011,4,0,1,1,0,14,4
45801519,16480,528,4,387,2014,9,1,5,1.6,140765,4,0,1,1,0,12,4
45810346,19384,642,1,620,2012,9,1,5,2,162069,4,0,1,1,0,12,4
45770919,1568,1493,6,361,2016,9,1,1,3.5,77205,6,0,2,1,0,7,12
45784207,29793,966.724137931034,0,94,2011,9,1,5,3,185000,6,2,0,1,0,1,12
45769095,3763,832,7,792,2014,4,1,5,2.7,64994,4,0,2,1,0,7,12
45782014,32145,757.14552238806,7,268,2015,9,0,5,2.5,108000,8,2,2,1,0,14,12
45754589,10036,1268,7,145,2012,3,0,2,1.5,123000,4,0,1,1,1,1,2
45788773,48610,1053,6,361,2014,9,1,5,3.5,142400,6,2,2,1,0,14,12
45656231,3293,761,7,643,2010,3,1,2,1.8,159382,4,0,1,1,0,14,12
45802768,28225,639,4,733,2014,4,1,1,2,39138,4,0,1,1,0,14,4
44096238,10349,1266,3,425,2014,3,0,2,1.5,136000,4,3,1,1,1,12,6
45813350,31,502,7,643,2013,3,1,2,1.5,0,4,0,1,1,0,12,12
45617831,7997,1018,6,361,2011,9,1,1,3,273186,6,0,2,1,0,14,12
45649304,120,911,6,835,2010,7,1,5,2.2,180000,4,0,2,1,0,12,4
45803177,8467,639,4,748,2014,9,1,4,2,128965,4,0,1,1,0,8,4
45792574,21953,1429.8433516297,6,604,2005,4,1,1,3.2,260000,6,2,0,2,0,3,12
45802055,6586,1486.83333333333,0,118,2002,9,1,5,4.4,123456,8,0,2,1,0,12,0
45732096,49798,765,4,733,2015,4,1,1,2,93555,4,0,1,1,0,14,4
45786847,18817,2084,2,799,1998,6,0,1,2.5,111111,6,1,2,1,0,2,2
45802841,51965,891,4,733,2016,4,1,1,2,49515,4,0,1,1,0,14,4
45590631,627,1368,3,293,1996,3,0,5,1.6,3445,4,1,1,1,0,6,0
45815218,5175,1211,6,201,2010,9,1,5,3,108517,6,0,0,1,0,14,12
45775390,7840,919,0,121,1995,9,1,5,3,0,8,0,2,1,0,6,6
45649397,13172,843,7,643,2008,3,1,2,1.5,166800,4,3,1,1,0,12,8
45726880,11917,531,4,827,2012,1,1,5,1.6,79000,4,2,1,0,0,12,10
45633846,31047,919,0,871,2012,4,1,1,3,70994,6,0,0,1,0,1,0
45803608,24004,862,4,526,2011,7,1,1,2.5,72302,4,0,1,1,0,12,4
45772872,1490,586,5,258,2012,3,1,2,1.8,174106,4,0,1,1,0,14,0
45802947,24327,769,4,733,2011,4,1,1,2.2,126799,4,0,1,1,0,12,4
45771478,12544,639,2,452,2014,3,0,5,2,156043,4,0,1,1,0,1,0
45809801,30891,697,3,293,2015,9,1,5,1.8,100658,4,0,1,1,0,12,4
45660992,6500,1338.90845620294,0,32,1997,9,0,5,1.8,284000,4,1,2,1,0,1,2
42902950,38574,639,0,84,2014,9,1,5,2,124000,4,2,2,1,0,12,10
45769749,10036,521,3,255,2011,3,0,2,1.4,140000,4,1,1,0,0,1,10
45791655,10349,888.488372093023,7,643,2008,3,0,2,1.5,0,4,0,1,1,0,14,8
45776767,4704,1025.35710856228,7,680,1996,4,0,5,2,0,4,0,0,0,1,2,4
45733412,50341,1017,4,748,2017,9,1,5,2,68009,4,0,1,1,0,1,4
45804027,49864,1077,4,817,2019,4,1,1,2,66500,4,0,1,1,0,7,4
45802213,39559,1091,4,526,2016,7,1,1,2.5,94000,4,0,1,1,0,7,4
45524839,21012,1077,7,220,2019,4,1,5,2,19834,4,0,1,1,0,12,12
45802199,32744,777,4,526,2014,7,1,1,2.5,107483,4,0,1,1,0,12,4
45617460,43278,1091,7,680,2016,4,0,5,2.5,78000,4,0,0,1,0,4,0
45810099,44752,1091,1,559,2016,9,1,5,2.5,120428,4,0,1,1,0,1,4
45764515,5802,1055,6,361,2013,9,1,1,3.5,107800,6,0,2,1,0,7,12
45730771,11604,583,4,387,2011,9,1,5,1.6,51211,4,0,1,1,0,1,4
45815352,549,1172,5,694,2011,4,1,5,3.5,181189,6,0,0,1,0,14,12
45756119,6899,1711.27272727273,0,871,2002,4,1,0,3,260000,6,0,0,1,0,14,6
45767180,62722,757.14552238806,7,268,2018,9,1,2,2.4,14000,6,2,0,1,0,2,12
45783583,7840,1429.8433516297,6,334,1997,9,0,5,2,0,4,1,2,1,0,2,4
45799305,29166,442,7,643,2017,3,0,2,1.8,95350,4,0,1,1,0,12,14
45815499,1568,1055,5,381,2013,9,1,5,3.5,204874,6,0,1,1,0,14,12
45797538,20005,531,4,387,2012,9,1,5,1.6,155964,4,0,1,1,0,7,4
43804615,52687,1055,7,535,2013,4,1,5,3.5,62102,6,2,0,1,0,9,12
45658615,314,1399,5,701,2010,4,1,2,3.5,382746,6,0,0,1,0,12,12
45809207,14831,609,3,425,2016,3,1,5,1.3,109839,4,0,1,1,0,2,4
45732992,23436,891,4,748,2016,9,1,4,2,88900,4,0,1,1,0,14,4
45779084,20385,781,7,268,2012,9,0,5,2.5,156800,4,2,1,1,0,6,8
45793906,24148,986,5,531,2010,9,1,2,2.4,93000,4,0,1,1,0,1,12
45813956,3450,1399,5,694,2010,4,1,5,3.5,136542,6,0,1,1,0,2,0
45669454,18189,582.788167938931,7,643,2012,9,0,2,1.8,112000,4,3,1,1,0,7,6
44528385,9408,1338.90845620294,0,33,2004,9,0,5,1.9,81000,4,2,2,1,1,2,6
45785521,12231,888.488372093023,7,643,2008,9,0,2,1.5,244800,4,0,1,1,0,6,6
45531003,14740,490,3,560,2011,3,1,2,1.3,246574,4,3,1,1,0,0,6
45804907,15053,639,4,387,2014,3,1,5,2,46000,4,2,1,1,0,1,12
43294188,17900,645,7,643,2011,9,0,2,1.8,0,4,0,1,1,0,14,12
45621739,157,1055,6,361,2013,9,1,1,3.5,237158,6,0,0,1,0,1,12
45767289,125,1172,6,361,2011,9,1,1,3.5,223472,6,0,0,1,0,1,12
45793378,9722,1429.8433516297,6,602,2001,4,1,5,3.2,215947,6,2,0,1,0,5,8
45771292,862,891,2,465,2016,9,1,5,2,145910,4,0,1,1,0,7,12
45813916,627,1018,6,201,2011,9,1,5,3,144078,6,0,2,1,0,7,12
45290978,9408,2078,0,46,2001,9,1,0,2.5,215000,6,2,2,1,1,1,6
45815048,21012,582.788167938931,7,643,2015,3,0,5,1.5,125000,4,0,1,1,0,14,7
45650024,9879,915,0,94,2014,9,1,1,3,98368,6,0,0,1,0,14,12
45787476,23521,777,7,268,2014,9,1,5,2.5,97000,4,0,1,1,0,7,8
45769778,1882,442,7,643,2017,9,1,2,1.8,47672,4,0,1,1,0,14,12
45788426,9408,819.6,3,293,2008,9,1,2,1.3,116000,4,3,1,1,0,2,6
45799885,6586,939.882352941176,7,849,2002,9,0,5,1.3,163000,4,0,1,1,1,3,4
45768002,9095,1994.5,3,312,2000,4,0,5,2,2222,4,0,0,1,1,12,8
45768237,47,1017,6,498,2017,4,1,5,2,43651,4,0,1,1,0,12,0
45757413,862,1024,2,409,2010,4,1,2,2.5,174926,4,0,1,1,0,7,0
45644549,392,779,7,268,2013,9,1,2,2.5,232032,4,0,1,1,0,12,12
45776044,10036,1338.90845620294,0,78,2001,9,0,5,2.5,195000,6,2,2,1,1,12,8
45755097,5645,382,2,465,2015,9,1,2,2,147885,4,0,1,1,0,7,12
45809741,45872,690,3,425,2016,3,1,5,1.5,35934,4,0,1,1,0,1,4
45764943,1490,1360,5,517,2013,4,1,5,4.6,154115,8,0,0,1,0,1,0
44831076,70,673.483990147783,4,387,2014,9,0,5,1.8,104000,4,2,1,1,0,12,8
45801535,13808,583,4,387,2011,9,1,5,1.6,52274,4,0,1,1,0,14,4
45814733,9400,1440,0,84,2000,9,1,4,2.8,0,6,2,2,1,0,1,6
45802800,21953,707,4,733,2011,4,1,1,2,166401,4,0,1,1,0,7,4
45740677,15994,1440,0,84,2009,9,1,5,3,184000,6,2,2,1,0,12,12
43424507,14069,798,6,596,2015,4,1,1,2.1,110000,4,2,0,1,0,14,12
45803594,11290,1888,0,87,2002,9,1,5,3,270000,6,2,2,1,0,12,6
45642847,9722,609,7,268,2018,9,1,2,2.5,127515,4,0,1,1,0,1,12
45807501,15053,625.709923664122,1,317,2011,9,0,5,1.8,108000,4,2,1,1,0,14,4
45793821,6115,1095,1,289,2008,4,1,1,2,48939,4,0,1,1,0,1,4
45806779,32302,917,0,94,2013,9,1,5,3,65600,6,2,2,1,0,7,12
45763551,862,1024,2,409,2010,4,1,2,2.5,174926,4,0,1,1,0,7,0
45802553,14069,1176,4,733,2019,4,1,1,2.2,29816,4,0,1,1,0,3,4
45761262,10349,1195,6,182,2001,9,0,1,2.2,250000,1,2,2,1,0,2,4
45635119,282,640,2,465,2013,9,1,2,2,174619,4,0,1,1,0,7,0
45791923,5175,749,4,748,2014,9,1,5,2.4,59744,4,0,1,1,0,12,12
45799454,8781,1527,6,174,1998,2,0,5,1.8,0,6,1,2,1,0,12,8
45808924,15464,530,1,162,2013,3,1,5,1.6,134372,4,0,1,1,0,7,4
45173067,10976,1429.8433516297,6,602,1999,4,1,4,3.2,184000,6,0,0,1,0,12,8
45804199,25889,642,4,817,2012,4,1,1,2,125000,4,0,1,1,0,12,4
45809107,23389,833,1,289,2015,4,1,1,2.2,68000,4,0,1,1,0,12,4
45740935,19757,704.859649122807,2,452,2016,9,0,5,2,32960,4,0,1,1,0,12,8
45798410,12858,585,4,585,2013,9,0,5,1.8,62000,4,0,1,1,0,14,8
45768387,69935,1646,5,517,2015,4,1,5,4.6,273493,8,0,0,1,0,12,0
45099637,45473,765,0,869,2015,4,1,5,2,60400,4,2,2,1,0,3,12
45761176,220,1185,2,409,2009,4,1,2,2.5,193614,4,0,1,1,0,14,0
45803234,21326,585,7,643,2013,9,0,2,1.8,89000,4,3,1,1,0,14,8
45808488,2430,753,1,407,2012,4,1,5,2.4,254838,4,0,0,1,0,14,12
45709373,18189,1026.00733117836,3,441,2012,3,0,2,1.5,118000,4,2,1,1,1,14,6
45802797,25810,697,4,733,2012,4,1,1,2.2,187274,4,0,1,1,0,1,4
45733505,40926,765,4,748,2015,9,1,5,2,25787,4,0,1,1,0,14,4
45624774,314,1750,7,535,2008,4,1,2,3.3,0,6,0,0,1,0,12,12
45593590,8467,585,1,317,2013,9,0,5,1.8,145000,4,1,1,1,0,2,4
45756189,7213,1090.33333333333,2,805,2006,2,0,1,1.8,400000,4,1,1,1,0,14,2
45647801,14583,919,0,871,2012,4,1,1,3,229966,6,0,0,1,0,1,0
45732570,58579,971,4,733,2016,4,1,1,2.2,111648,4,0,1,1,0,7,4
45814971,12858,761,7,643,2010,9,0,5,1.8,131000,4,0,1,1,0,5,0
45781970,19757,586,7,643,2012,3,0,2,1.8,181000,4,3,1,1,0,14,12
45732091,50037,891,4,733,2016,4,1,1,2,121902,4,0,1,1,0,1,4
45040861,22894,1429.8433516297,6,614,2006,4,1,5,2,236000,8,0,0,1,0,1,12
45798027,14834,687,4,387,2010,9,1,5,1.6,101387,4,0,1,1,0,12,4
45801957,16621,629,4,387,2015,9,1,5,1.6,135378,4,0,1,1,0,14,4
45801907,13495,531,4,387,2012,9,1,5,1.6,119595,4,0,1,1,0,14,4
45720106,23207,779,7,268,2013,9,1,5,2.5,126000,4,2,1,1,0,12,12
45801385,14740,2467,0,56,2003,9,0,5,3,150300,6,1,2,1,0,14,0
45759518,16935,353,5,258,2015,3,1,2,1.8,94949,4,0,1,1,0,14,0
45786053,10349,1521.27188940092,6,769,1997,6,1,1,2.9,3333,6,1,2,0,0,11,2
45732928,13172,891,4,748,2016,9,1,4,2,450383,4,0,1,1,0,8,4
45797145,29323,697,4,387,2015,9,1,5,1.8,75000,4,0,1,1,0,11,4
45812794,627,934,7,268,2015,9,1,5,2.5,122758,4,0,1,1,0,7,12
45810849,2038,831,5,531,2011,9,1,2,2.4,127507,4,0,1,1,0,14,12
45755990,8781,645,1,317,2011,9,0,5,1.8,0,4,0,1,1,0,12,0
45644621,3136,781,7,268,2012,9,1,2,2.5,159379,4,0,1,1,0,14,12
45768135,941,1750,7,535,2008,9,1,2,3.3,226094,6,0,0,1,0,14,12
44594491,32929,1211,6,489,2010,4,1,1,3,130000,6,2,0,1,0,1,12
45806121,21953,900,4,748,2015,9,0,5,2.4,122000,4,2,1,1,0,14,12
45810349,30734,1578,0,118,2015,1,1,5,4.4,92213,8,0,2,0,0,14,12
45655934,13172,501,2,465,2014,9,0,5,1.5,126688,4,0,1,1,0,1,12
45804158,45210,1017,4,817,2017,4,1,1,2,91478,4,0,1,1,0,7,4
45656721,6586,746,7,643,2009,3,1,2,1.5,173213,4,0,1,1,0,14,12
45757702,41397,1292,6,502,2016,4,1,5,3,86189,6,0,0,1,0,2,12
45609287,10349,1266,7,145,2014,3,0,2,1.5,136700,4,0,1,1,1,12,4
45491349,15200,586,7,665,2012,3,0,2,1.8,360755,4,0,1,1,0,13,12
45732965,11604,639,4,748,2014,9,1,4,2,336971,4,0,1,1,0,12,4
45643739,23834,625.709923664122,1,317,2017,9,0,5,1.4,37474,4,1,1,1,0,12,8
44329013,39201,757.14552238806,7,268,2017,9,1,5,2.5,52000,4,2,1,1,0,1,8
45761512,12388,781,7,268,2012,9,0,2,2.5,149000,4,0,1,1,0,12,8
45773549,862,259,1,853,2014,4,1,2,1.4,133195,4,0,1,1,0,1,0
45643521,14069,1292,6,493,2016,4,1,5,3,94400,6,3,0,1,0,14,12
45750962,37633,779,7,680,2013,4,0,5,2.5,68000,6,2,0,1,0,7,12
45805883,14740,582.788167938931,7,643,2010,9,0,2,1.8,0,6,3,1,1,0,11,6
45801337,16308,1271.22222222222,7,268,2007,9,0,2,2.4,165000,4,3,1,1,0,2,8
45779065,15994,761,7,643,2010,9,0,2,1.8,85000,4,3,1,1,0,12,10
45787260,5802,1599.33333333333,3,425,2003,9,0,5,1.3,0,4,3,1,1,1,1,6
42728035,18503,1043.5,6,174,2015,9,0,5,1.8,72000,4,2,1,1,0,11,9
45767486,4861,1324,7,535,2010,4,1,2,3.3,264877,6,0,0,1,0,14,12
45755532,314,1079,7,70,2018,9,1,5,2,33122,4,0,1,1,0,2,12
45677435,12074,761,7,643,2010,9,0,2,1.8,304000,4,0,1,1,0,11,6
45688889,15053,598.5,4,827,2013,3,1,5,1.6,105600,4,2,1,0,0,14,12
45801537,13700,584,4,387,2014,9,0,5,1.8,150000,4,0,1,1,0,14,4
45641964,3763,779,7,268,2013,9,1,2,2.5,124912,4,0,1,1,0,14,12
45814309,13485,1119.75,7,298,2007,9,0,5,1.6,139400,4,2,1,1,0,11,10
45812947,13485,1429.8433516297,6,164,2007,9,1,5,1.7,109600,6,2,1,1,0,12,5
45732352,40976,639,4,733,2014,4,1,1,2,151000,4,0,1,1,0,1,4
45816374,6272,1018,0,871,2011,4,1,5,3,170043,6,0,0,1,0,7,12
45777846,8154,1111,3,425,2012,3,0,2,1.3,67000,4,0,1,1,1,14,2
43453542,30420,1338.90845620294,0,880,2008,4,1,5,2,133000,8,2,0,1,0,2,12
45640914,8154,919,0,871,2012,4,1,1,3,103458,6,0,0,1,0,14,0
45813326,25089,456,5,633,2015,4,1,2,2.5,108344,4,0,0,1,0,12,12
45770038,1568,1172,7,535,2011,4,1,2,3.5,342622,6,0,0,1,0,1,12
45777216,2700,1368,3,293,1995,3,0,5,1.3,2000,4,1,1,0,0,12,2
45812580,150,1279,3,257,2003,4,0,5,1.5,777,4,1,2,1,0,9,11
45809111,14069,866,2,630,2015,0,1,5,2.3,70313,4,0,1,1,0,1,4
45804364,8154,585,6,195,2013,9,1,5,1.8,110601,4,2,2,1,0,7,12
45651639,549,761,7,643,2010,3,1,2,1.8,228661,4,0,1,1,0,14,12
45798345,11604,1888,0,87,2005,9,1,5,3,0,6,2,2,1,0,1,6
45793212,10032,639,1,639,2013,4,1,1,2,71340,4,0,1,1,0,1,4
45647867,282,1598,6,605,2008,4,1,1,3,213998,6,0,0,1,0,12,12
45791669,39829,1211,6,485,2009,4,1,1,3.2,152000,6,2,0,1,0,12,12
45813239,470,1327,7,268,2018,9,1,5,2.5,80568,4,0,1,1,0,2,12
45802818,55230,1079,4,733,2018,4,1,1,2,49396,4,0,1,1,0,14,4
45815126,1333,862,7,268,2011,9,1,5,2.5,153410,4,0,1,1,0,14,12
45602241,69621,1356,6,492,2014,4,1,5,4.6,169600,8,2,0,1,0,12,10
45757116,4077,382,1,853,2017,3,1,2,1.5,123206,4,0,1,1,0,14,0
45803286,10663,765,4,748,2015,9,1,4,2,343047,4,0,1,1,0,12,4
45758356,12544,749,4,748,2014,9,1,5,2.4,76566,4,0,1,1,0,7,0
45807628,26657,1185,5,549,2009,9,1,5,2.5,245000,6,2,2,1,0,7,10
45769190,314,1172,6,361,2011,9,1,1,3.5,132630,6,0,2,1,0,12,12
44284749,23207,934,7,274,2015,9,1,5,2.5,45490,4,0,1,1,0,1,8
45792924,14426,638,1,317,2014,9,1,1,2,66226,4,0,1,1,0,2,4
45802054,21326,911,6,182,2010,9,0,1,2.2,24500,6,1,2,1,0,12,12
45814936,188,1018,0,871,2011,4,1,5,3,196330,6,0,0,1,0,14,0
45794793,19130,781,7,268,2012,9,0,2,2.5,138000,4,0,1,1,0,5,12
45804373,43880,1017,4,817,2017,4,1,1,2,98847,4,0,1,1,0,14,4
45775825,10349,1266,7,145,2014,3,0,5,1.5,114000,4,0,1,1,1,1,12
45755029,17876,394,7,157,2014,9,1,2,2.5,379218,4,0,1,1,0,1,12
45760821,94,448,3,560,2012,3,1,2,1.3,0,4,0,1,1,0,12,0
45773976,392,779,7,268,2013,4,1,2,2.5,493571,4,0,1,1,0,1,12
45628448,62722,833,6,182,2015,9,0,1,2.2,142000,4,2,2,1,0,1,12
45765584,862,1399,6,361,2010,9,1,1,3.5,239224,6,0,0,1,0,1,12
45769439,3763,584,4,387,2014,9,1,5,1.8,110685,4,0,1,1,0,14,12
43725113,10000,1268,3,462,2012,7,0,5,1.5,90000,4,0,1,1,1,12,4
45755594,4234,834,7,792,2013,8,1,5,2.7,158870,4,0,2,1,0,14,0
45425255,19080,1711.27272727273,0,871,2005,4,1,5,4.4,195000,8,2,0,1,0,1,0
45745884,48610,1429.8433516297,6,714,2010,9,1,5,3.5,98000,6,2,2,1,0,1,16
45763074,10506,1268,7,145,2012,9,0,2,1.5,78000,4,0,1,1,1,12,2
45738290,47038,1122.62941176471,5,701,2010,4,1,2,3.5,166000,6,3,0,1,0,12,0
45649872,941,1055,5,701,2013,4,1,2,3.5,361603,6,0,1,1,0,1,12
44191988,130,838.669960474308,4,733,2012,4,0,5,2.4,100000,6,2,0,2,0,3,5
45771162,18817,1195,6,837,2008,7,0,1,2.2,289216,6,1,2,0,0,14,4
44907067,19601,784,1,622,2017,9,0,5,1.5,26095,4,0,1,1,0,2,8
44682850,37633,1037.33333333333,0,57,2013,9,1,5,3,117000,6,0,2,1,0,1,12
45800719,13799,888.488372093023,7,643,2008,9,1,5,1.5,248000,4,0,2,1,0,7,4
45709090,10663,1599.33333333333,3,425,2008,3,1,5,1.3,155000,4,3,1,1,1,1,4
45770985,627,503,3,293,2012,9,1,2,1.5,272189,4,0,1,1,0,12,0
45787236,11290,645,6,191,2011,9,1,5,1.8,152000,4,2,2,1,0,1,12
45672817,17249,582.788167938931,7,643,2011,3,0,2,1.8,175000,4,3,1,1,0,11,8
45772005,8467,939.882352941176,7,849,2003,3,0,5,1.3,125000,4,1,1,1,1,5,2
45453270,15994,582.788167938931,7,643,2010,9,0,2,1.8,191000,6,0,1,1,0,1,10
45811561,7840,2084,2,799,1997,6,0,1,2.5,400000,4,1,2,1,0,14,2
45792424,37633,1269,0,891,2009,4,1,5,4.4,154774,6,2,0,1,0,1,12
45769482,1019,831,4,387,2017,9,1,5,1.6,25635,4,0,1,1,0,1,12
45802898,24327,707,4,733,2011,4,1,1,2,177194,4,0,1,1,0,14,4
45770035,627,1750,7,535,2008,9,1,2,3.3,277405,6,0,0,1,0,7,12
45652342,941,586,4,387,2012,9,1,5,1.8,192357,4,0,1,1,0,1,12
45720805,35000,1684.925,6,361,2006,9,1,5,3.5,200000,6,2,2,1,0,4,2
45759404,23521,582.788167938931,7,643,2014,9,1,5,1.8,150000,4,0,1,1,0,14,8
45802964,45436,639,4,733,2014,4,1,1,2,122904,4,0,1,1,0,2,4
45793715,6272,1429.8433516297,6,240,1998,1,1,5,3.2,180264,6,0,2,0,0,11,2
45801600,20266,531,4,387,2012,9,1,5,1.6,107523,4,0,1,1,0,14,4
45732102,48697,765,4,733,2015,4,1,1,2,155797,4,0,1,1,0,14,4
45803404,15681,891,4,748,2016,9,1,4,2,295509,4,0,1,1,0,12,4
45753561,18817,582.788167938931,7,643,2010,9,0,5,1.8,190000,4,0,1,1,0,7,12
45732067,51965,891,4,733,2016,4,1,1,2,59515,4,0,1,1,0,2,4
45816395,941,753,4,748,2012,9,1,5,2.4,238139,4,0,1,1,0,12,12
45647561,3763,779,7,268,2013,9,1,2,2.5,124912,4,0,1,1,0,14,12
45646743,5018,779,7,268,2013,9,1,2,2.5,190549,4,0,1,1,0,1,12
45550192,40142,940.695652173913,7,680,2016,4,0,5,2.5,27000,4,0,1,1,0,7,12
45816082,4234,585,4,387,2013,9,1,5,1.8,142786,4,0,1,1,0,14,12
45797171,42218,1091,4,526,2016,7,1,1,2.5,48800,4,0,1,1,0,12,4
45629164,314,333,2,465,2014,9,1,2,2,124493,4,0,1,1,0,14,0
45770893,20071,565.416666666667,2,214,2013,3,1,2,2,63000,4,0,1,1,0,3,10
45772840,11447,308,5,258,2014,3,1,2,1.8,132563,4,0,1,1,0,11,0
45806851,62722,1549.7358490566,6,502,2015,4,1,5,3.5,0,8,2,0,1,1,1,0
45809627,73131,831,3,293,2018,9,1,5,1.5,1036,4,0,1,1,0,12,4
45802649,15900,836,4,733,2010,4,1,1,2,230314,4,0,1,1,0,7,4
45772308,627,645,4,387,2011,4,1,5,1.8,172502,4,0,1,1,0,1,12
45660996,1019,917,0,871,2013,4,1,1,3,137802,6,0,0,1,0,1,0
45802538,44846,1110,4,733,2017,4,1,1,2.2,21037,4,0,1,1,0,2,4
45619809,19130,582.788167938931,7,643,2015,3,0,2,1.8,22720,4,0,1,1,0,1,0
45655642,706,585,7,643,2013,3,1,2,1.8,105328,4,0,1,1,0,14,12
45803496,16308,891,4,748,2016,9,1,4,2,268872,4,0,1,1,0,14,4
45801518,15000,595.03007518797,2,465,2010,9,1,5,2.5,22560,8,3,1,1,0,14,8
45769746,1882,1053,6,361,2014,9,1,5,3.5,146395,6,0,2,1,0,7,12
45815305,26971,1823,7,535,2018,4,1,5,3.5,47002,6,0,0,1,0,14,12
45802260,17249,582.788167938931,7,643,2011,9,0,2,1.8,130000,4,3,1,1,1,14,4
42107506,25,1599.33333333333,3,425,2002,3,0,5,1.5,157000,4,0,1,1,1,12,5
45793952,17249,1429.8433516297,6,357,2002,9,1,5,3.2,230000,6,2,2,1,0,1,10
45695087,10976,1132,7,643,2006,3,0,2,1.5,135000,4,3,1,1,0,12,8
45807756,5500,2084,2,799,1991,6,0,1,2.5,128965,4,1,2,0,0,14,0
45773244,2587,650,1,317,2016,9,1,5,1.4,87973,4,0,1,1,0,1,12
45809326,25274,503,7,145,2012,3,1,2,1.5,59200,4,0,1,1,0,14,4
45757086,29793,917,0,124,2013,9,1,5,3,136000,6,2,2,1,0,14,12
45804761,33575,891,4,817,2016,4,1,1,2,117470,4,0,1,1,0,12,4
45770272,6899,1599.33333333333,3,425,2004,9,0,5,1.3,160000,4,0,1,1,1,12,2
45797797,10976,843,7,643,2008,9,0,2,1.5,184000,4,3,1,1,0,14,8
45732591,49723,891,4,733,2016,4,1,1,2,142037,4,0,1,1,0,1,4
45766773,9722,1273,7,268,2015,9,1,5,3.5,117451,6,0,1,1,0,1,12
45811776,19444,1024,2,409,2010,4,1,2,2.5,85000,4,0,0,1,0,1,6
45801023,15000,1690.85714285714,6,769,2005,2,0,1,2.2,0,4,1,2,1,0,14,1
45764241,314,834,7,792,2013,4,1,5,2.7,158870,4,0,2,1,0,14,12
45158822,25716,1018,0,95,2011,9,1,5,3,90567,6,2,2,1,0,7,12
45794253,12100,781,7,268,2012,9,0,2,2.5,178700,4,2,1,1,0,14,6
45816060,4077,697,4,387,2015,9,1,5,1.8,115507,4,0,1,1,0,1,12
45813085,549,1202,4,748,2017,9,1,5,2.4,54990,4,0,1,1,0,1,12
45816275,3763,919,0,891,2012,4,1,5,3,161421,6,0,0,1,0,1,12
45787417,12544,777,7,268,2014,9,1,5,2.5,107000,4,2,1,1,0,7,12
45666470,35438,1338.90845620294,0,110,2011,9,1,5,4.4,132000,8,2,2,1,0,7,12
45732940,7056,707,4,748,2011,9,1,4,2,82328,4,0,1,1,0,12,4
45656709,314,586,7,643,2012,3,1,2,1.8,418667,4,0,1,1,0,14,12
44063335,10000,862,3,405,2007,7,0,5,2.4,141000,4,0,1,1,1,14,2
45766554,4547,1850,6,361,2008,9,1,1,3.5,494317,6,0,0,1,0,1,12
45776784,3600,970.867153989687,2,570,1996,1,0,5,1.3,276000,4,1,1,0,0,6,0
45809704,13877,473,1,317,2014,9,1,5,1.4,149875,4,0,1,1,0,14,4
41096232,58018,518,7,683,2016,4,1,2,2.5,53000,4,2,0,1,0,2,12
45760776,21326,585,7,643,2013,9,0,2,1.8,170000,4,0,1,1,0,14,0
45764560,23521,1058,7,535,2012,4,1,5,3.5,140966,6,0,0,1,0,1,12
45769846,5802,1055,6,361,2013,9,1,1,3.5,107800,6,0,2,1,0,7,12
45625132,314,779,7,268,2013,9,1,2,2.5,225510,4,0,1,1,0,14,12
45770954,251,490,3,560,2011,3,1,2,1.3,216858,4,0,1,1,0,7,0
45788421,9500,1268.31428571429,4,526,2005,7,0,5,2.4,240000,4,1,2,1,0,14,0
45809427,7279,279,3,425,2015,10,1,2,1.3,138520,4,0,1,1,0,12,4
45797725,11760,1185,4,526,2009,7,1,1,2.5,56552,4,0,1,1,0,15,4
45756500,11290,888.488372093023,7,643,2007,9,0,2,1.5,120000,4,0,1,1,0,7,6
45803417,11290,891,4,748,2016,9,1,4,2,279787,4,0,1,1,0,12,4
45655629,627,586,7,643,2012,3,1,2,1.8,435560,4,0,1,1,0,14,12
45729784,27654,528,4,387,2014,9,1,5,1.6,85746,4,0,1,1,0,1,4
45772754,392,1514,5,517,2011,9,1,5,4.6,202048,8,0,0,1,0,14,0
45697781,26657,394,7,268,2014,9,1,2,2.5,26900,4,0,1,1,0,2,12
45787620,8154,1677,2,799,2003,6,0,1,2,190000,4,1,1,1,0,2,2
41177629,14069,1104,0,115,2015,9,1,5,3,45916,6,2,0,1,0,14,12
45802884,40387,694,4,733,2014,4,1,1,2.2,56809,4,0,1,1,0,14,4
45649018,1019,765,6,498,2015,4,1,5,2,37786,4,0,0,1,0,14,0
45787311,20385,582.788167938931,7,643,2015,3,0,2,1.8,186000,6,2,1,1,0,14,8
45796985,66197,1327,4,526,2018,10,1,4,2.5,20930,4,0,1,1,0,15,4
45733127,15060,765,4,748,2015,9,1,4,2,145744,4,0,1,1,0,11,4
45772985,2509,1017,6,498,2017,4,1,5,2,44477,4,0,1,1,0,2,0
45792250,30734,1690.85714285714,6,769,2003,6,0,1,2.7,116000,5,2,2,0,0,14,4
45760931,22894,666,6,345,2014,9,1,1,2.1,58864,4,0,2,1,0,12,12
45642782,11133,394,7,268,2014,9,1,2,2.5,179381,4,0,1,1,0,1,12
45781873,6900,1387.22222222222,3,638,2002,7,0,5,2.3,0,4,0,1,1,1,1,4
45813742,15210,463,7,643,2018,9,1,2,1.8,12416,4,0,1,1,0,14,12
45629887,157,640,2,465,2013,9,1,2,2,339920,4,0,1,1,0,14,0
45802305,43655,1091,4,526,2016,10,1,1,2.5,145631,4,0,1,1,0,1,4
45617632,5018,779,7,268,2013,9,1,2,2.5,190549,4,0,1,1,0,1,12
45805967,56450,870,6,335,2016,9,1,1,2.2,133000,4,0,2,1,0,1,0
45797117,17245,503,7,651,2012,3,1,2,1.5,75000,4,0,1,1,0,11,12
45291247,21500,1054,6,837,2009,2,0,1,2.2,165738,4,1,2,1,0,14,6
44927578,58018,917,6,605,2013,4,1,1,3,110000,6,2,0,1,0,7,12
45767141,14113,502,7,651,2013,3,0,2,1.5,135000,4,0,1,1,0,14,8
45814711,10663,749.991967871486,7,145,2012,3,0,2,1.5,1000,4,0,1,1,1,14,2
45653303,1646,640,2,465,2013,9,1,2,2,174619,4,0,1,1,0,7,0
45768098,12074,1537,7,535,2009,4,1,2,3.3,420550,6,0,0,1,0,2,12
45732780,13626,836,4,748,2010,9,1,5,2,193486,4,0,1,1,0,12,4
45787104,15681,970.867153989687,2,800,1998,6,0,1,2.5,250000,4,1,2,1,0,14,0
44144353,32929,1429.8433516297,6,602,2009,4,1,1,3,172483,8,0,0,1,0,1,0
45804353,44213,770,4,817,2016,4,1,1,1.7,90924,4,0,1,1,0,14,4
45813648,15367,584,4,387,2014,9,0,5,1.8,78222,4,2,1,1,0,0,10
45794229,23521,781,1,317,2018,9,0,5,1.4,6000,4,2,1,1,0,14,0
42782286,50178,1823,7,542,2012,8,0,1,3,104000,6,1,0,1,0,14,6
45786551,23521,333,2,465,2014,9,1,2,2,122000,4,3,1,1,0,2,8
45652364,3763,1850,6,605,2008,4,1,1,3.5,366869,6,0,0,1,0,1,12
45810276,24302,642,1,620,2012,9,1,5,2,91654,4,0,1,1,0,11,4
45794178,6272,1429.8433516297,6,235,2001,1,0,5,2.3,266085,4,1,2,0,0,1,2
45775915,9408,1681,0,35,2000,1,0,1,1.9,197000,4,1,1,0,0,6,4
45803331,9252,765,4,748,2015,9,1,4,2,445734,4,0,1,1,0,8,4
45803499,15681,891,4,748,2016,9,1,4,2,201876,4,0,1,1,0,12,4
45803586,17876,1296,7,268,2008,9,0,5,2.4,141877,4,0,1,1,0,5,12
45770230,56136,1017,6,355,2017,9,1,5,2,50963,4,0,2,1,0,1,12
45810030,47531,1017,3,293,2017,9,1,5,2,48291,4,0,1,1,0,7,4
45802565,43548,891,4,733,2016,4,1,1,2,135264,4,0,1,1,0,1,4
45803359,15681,891,4,748,2016,9,1,4,2,261167,4,0,1,1,0,12,4
45537223,16621,271,7,651,2014,3,0,2,1.5,96000,4,0,1,2,0,12,10
45809893,18726,503,7,145,2012,3,1,5,1.5,101800,4,0,1,1,0,15,4
45816501,10976,1529,0,30,2005,1,1,5,1.8,55000,4,1,2,1,0,11,4
45803312,16443,640,4,748,2013,9,1,5,2,162000,4,0,1,1,0,7,4
45758472,3136,441,4,748,2015,9,1,2,2.4,187909,4,0,1,1,0,12,0
45786711,65858,517,5,701,2014,4,1,2,3.5,68800,6,2,2,1,0,14,10
45809652,32945,447,3,425,2013,3,1,5,1.3,17150,4,0,1,1,0,14,4
45732672,15035,707,4,748,2011,9,1,5,2,138111,4,0,1,1,0,1,4
45802880,45138,891,4,733,2016,4,1,1,2,140633,4,0,1,1,0,2,4
45733551,43545,891,4,748,2016,9,1,5,2,78196,4,0,1,1,0,1,4
45766756,94,1017,6,355,2017,9,1,5,2,1600,4,0,2,1,0,1,12
45807320,17249,741.884259259259,3,425,2012,3,1,2,1.5,160000,4,3,1,1,1,14,0
45779504,12231,612.4,2,448,2011,3,0,5,1.6,154274,4,0,1,1,0,12,8
44943484,16621,582.788167938931,7,643,2011,3,0,2,1.8,102000,4,0,1,1,0,7,10
45808878,27174,730,1,162,2016,9,1,5,1.6,9607,4,0,1,1,0,14,4
45498508,18189,1271.22222222222,7,268,2006,9,1,2,2.4,18600,4,0,1,1,0,7,8
45471406,23521,779,7,268,2013,9,1,2,2.5,16960,4,0,1,1,0,5,10
45816376,1568,1018,0,871,2011,4,1,1,3,270326,6,0,0,1,0,14,12
45816350,3,595,7,651,2015,3,1,5,1.5,75200,4,0,1,1,0,11,12
45721698,17562,697,7,643,2015,9,1,5,1.8,132000,4,2,1,1,0,14,6
44441382,17876,1271.22222222222,7,268,2007,9,0,4,2.4,167435,4,2,1,1,0,12,6
45656610,26657,919,6,605,2012,4,1,1,3,271701,6,0,0,1,0,14,12
45803616,29163,781,4,526,2012,7,1,1,2.5,63308,4,0,1,1,0,12,4
45809937,15577,639,1,317,2014,9,1,1,2,77192,4,0,1,1,0,12,4
45797084,8515,1047,4,387,2007,9,1,5,1.6,140900,4,0,1,1,0,12,4
45792695,18189,832.188679245283,2,409,2008,4,1,2,2.5,175000,4,0,0,1,0,6,0
45769983,2430,1598,6,361,2008,9,1,1,3,175614,6,0,2,1,0,1,12
45806014,4547,271,7,651,2014,3,0,2,1.5,196800,4,0,1,1,0,12,12
45795506,25716,1711.27272727273,0,871,2008,4,1,5,3,125000,6,2,0,1,0,1,12
45168746,23207,582.788167938931,7,643,2013,9,0,2,1.8,70042,4,3,1,1,0,7,12
45803132,11604,1017,4,748,2017,9,1,4,2,269689,4,0,1,1,0,8,4
45783680,7840,1429.8433516297,6,230,2000,1,0,5,2,210508,4,1,2,0,0,12,4
45651234,4547,919,6,487,2012,4,1,1,3,149171,6,0,0,1,0,1,12
45729563,28830,528,4,387,2014,9,1,5,1.6,90823,4,0,1,1,0,14,4
45787277,25089,781,7,268,2012,9,0,2,2.5,125678,4,2,1,1,0,14,12
45810123,12281,687,1,575,2010,9,1,5,1.6,111897,4,0,1,1,0,11,4
37343036,90,872.02838865217,7,524,2002,7,0,5,3.4,85000,6,0,0,1,1,14,4
45789080,8781,761,7,643,2010,3,0,2,1.8,315000,4,0,1,1,0,1,12
45583012,18503,503,7,651,2012,3,0,2,1.5,91753,4,0,1,1,0,14,8
45763009,4861,1324,7,535,2010,4,1,2,3.3,264877,6,0,0,1,0,14,12
45804840,47810,891,4,817,2016,4,1,1,2,57000,4,0,1,1,0,14,4
45771483,12544,642,2,452,2012,9,0,5,2,138664,4,0,1,1,0,2,0
45801484,16621,271,7,651,2014,3,0,2,1.5,113000,4,3,1,1,0,14,9
44980870,16481,645,7,643,2011,3,1,2,1.8,121000,4,0,1,1,0,12,7
45774280,3500,1429.8433516297,6,16,1992,9,0,0,2.3,220000,4,1,2,1,1,1,2
45775446,18817,1507.30769230769,6,837,2006,6,0,1,2.2,200000,6,1,2,0,0,7,3
45809819,18422,642,7,145,2012,9,1,5,2,78200,4,0,1,1,0,2,4
45654922,2666,1018,6,605,2011,4,1,1,3,0,6,0,0,1,0,1,12
45776676,26030,1429.8433516297,6,602,2009,4,1,1,3.2,304000,8,2,0,1,0,14,12
44397333,18800,530,4,827,2013,3,1,5,1.6,53000,4,2,1,1,0,2,10
45656260,706,761,7,643,2010,3,1,2,1.8,73402,4,0,1,1,0,14,12
45812380,23521,308,7,643,2014,3,0,2,1.8,152000,4,3,1,1,0,12,0
45808245,21953,565.416666666667,2,214,2013,3,1,6,2,133000,4,0,1,1,0,12,10
45793274,11604,489,1,768,2016,9,1,5,1,31455,4,0,1,1,0,14,4
45319411,18817,753,7,268,2012,9,0,5,2.4,72000,4,2,1,1,0,5,12
45801846,13658,687,4,387,2010,9,1,5,1.6,115783,4,0,1,1,0,12,4
45810012,24239,502,7,145,2013,3,1,5,1.5,69000,4,0,1,1,0,14,4
45795811,10349,1888,0,87,2007,9,1,5,3,15000,6,2,2,2,0,2,10
45398572,10976,888.488372093023,7,643,2007,3,0,2,1.5,285000,4,3,1,1,0,14,4
45815803,10976,2084,2,799,1999,2,0,1,2.5,137000,4,1,2,1,0,2,2
45796828,19296,862,4,526,2011,8,1,1,2.5,61805,4,0,1,1,0,14,4
45800653,17876,645,6,196,2011,1,1,5,1.8,230210,4,2,2,0,0,1,0
45803266,14113,1017,4,748,2017,9,1,4,2,31143,4,0,1,1,0,14,4
45640541,157,640,2,465,2013,9,1,2,2,215965,4,0,1,1,0,1,0
45809518,16107,446,3,425,2014,3,1,5,1.3,35479,4,0,1,1,0,2,4
45793401,5645,1288,1,289,2007,4,1,1,2,48563,4,0,1,1,0,14,4
45796868,46251,1249,4,526,2017,10,1,1,2.5,83138,4,0,1,1,0,7,4
45797541,20005,583,4,387,2011,9,1,5,1.6,157421,4,0,1,1,0,7,4
45797020,31317,777,4,526,2014,7,1,1,2.5,139328,4,0,1,1,0,12,4
45729925,26180,629,4,387,2015,9,1,5,1.6,107899,4,0,1,1,0,12,4
45814824,6743,1273,7,157,2015,9,1,5,3.5,122418,6,0,1,1,0,2,12
45810656,10515,363,1,768,2014,3,1,5,1,57498,4,0,1,1,0,14,4
45797782,15367,1024,4,526,2010,7,1,1,2.5,49140,4,0,1,1,0,1,4
44414287,14113,826.666666666667,0,867,2004,4,1,0,2.5,380000,6,2,0,1,0,12,12
45757934,7527,1599.33333333333,3,425,2004,3,1,5,1.3,150000,4,0,1,1,1,12,4
45803269,14166,640,4,748,2013,9,1,5,2,206088,4,0,1,1,0,14,4
45770550,5500,872.02838865217,7,161,2003,9,0,5,2,109000,4,2,1,1,0,3,4
45801603,20209,531,4,387,2012,9,1,5,1.6,108900,4,0,1,1,0,12,4
45803099,38894,640,4,733,2013,4,1,1,2,166476,4,0,1,1,0,7,4
45732618,7840,836,4,748,2010,9,1,4,2,350070,4,0,1,1,0,7,4
45792381,1098,761,7,298,2010,9,1,5,1.8,346078,4,0,1,1,0,2,12
45792674,10976,843,7,643,2008,3,0,2,1.5,100914,4,0,1,1,0,13,12
45284887,21953,781,7,268,2012,9,1,5,2.5,12300,4,2,1,1,0,1,12
45323823,22266,777,7,268,2014,9,1,5,2.5,105600,4,2,1,1,0,7,12
45757255,4234,1307,1,559,2015,9,1,5,3.6,159094,6,0,1,1,0,1,12
45781997,9095,872.02838865217,7,860,2005,7,1,0,1.8,27000,4,0,0,1,1,2,10
45751049,19757,1820,3,638,2019,9,1,5,3.5,13994,6,0,1,1,0,1,12
45416716,13000,642,2,214,2012,3,0,2,2,208000,4,3,1,1,0,7,8
45760172,941,1811,5,516,2010,4,1,5,4.6,260771,8,0,0,1,0,1,0
45644319,14113,447,3,560,2013,9,1,2,1.3,44000,4,2,1,1,0,6,8
44782457,20385,757.14552238806,7,268,2012,9,0,2,2.5,320000,4,3,1,1,0,14,6
45641259,1098,394,7,268,2014,9,1,2,2.5,398069,4,0,1,1,0,1,12
45732628,9938,639,4,748,2014,9,1,4,2,493905,4,0,1,1,0,12,4
45764402,1568,1172,6,361,2011,1,1,1,3.5,226251,6,0,2,0,0,1,12
45653560,706,574,3,560,2010,3,1,2,1.3,189571,4,0,1,1,0,12,0
45803588,13172,891,4,748,2016,9,1,4,2,410137,4,0,1,1,0,8,4
45807587,12544,2188,6,605,2007,4,1,5,3.5,246400,6,2,0,1,0,12,8
45797337,25763,777,4,526,2014,7,1,1,2.5,273500,4,0,1,1,0,1,4
45523719,29793,1077,7,220,2019,4,1,5,2,4330,4,0,1,1,0,14,12
45732854,9252,765,4,748,2015,9,1,4,2,128965,4,0,1,1,0,8,4
45799422,13015,1515,6,184,2005,9,1,4,2.5,235000,6,2,2,1,0,14,0
45771291,36065,1055,5,701,2013,4,0,2,3.5,0,6,0,0,1,0,1,0
45814311,14113,1429.8433516297,6,176,2006,9,1,5,1.8,140000,4,2,2,1,0,0,0
45807450,47982,1356,6,495,2014,4,1,5,4.6,121382,8,0,0,1,0,1,12
45781776,26030,872.02838865217,7,898,2016,3,1,5,1.5,55000,4,2,1,1,0,2,12
44491338,10032,1507.30769230769,6,837,2001,2,0,1,2.2,380000,4,1,2,1,0,11,2
45782430,21012,1271.22222222222,7,268,2009,9,0,2,2.4,251200,4,0,1,1,0,12,8
45805155,23138,836,4,817,2010,4,1,1,2,221000,4,0,1,1,0,14,4
45729834,27504,730,4,387,2016,9,1,4,1.6,74909,4,0,1,1,0,12,4
45620697,941,1053,6,361,2014,9,1,1,3.5,184467,6,0,2,1,0,14,12
45812798,6429,779,7,268,2013,9,1,2,2.5,234218,4,0,1,1,0,14,12
45769663,12544,1750,7,535,2008,9,1,2,3.3,334414,6,0,0,1,0,14,12
45797505,20071,730,4,387,2016,9,1,5,1.6,72507,4,0,1,1,0,1,4
45802939,26999,707,4,733,2011,4,1,1,2,164651,4,0,1,1,0,14,4
45763969,4547,1017,4,387,2017,9,1,5,2,115974,4,0,1,1,0,14,12
45783181,14113,862,6,222,2000,1,1,0,2,245000,8,2,2,0,0,12,10
45816591,251,584,4,387,2014,9,1,5,1.8,40963,4,0,1,1,0,2,12
45773293,2901,586,1,317,2012,9,1,5,1.8,181550,4,0,1,1,0,2,12
45815080,5645,781,7,268,2012,9,1,5,2.5,230336,4,0,1,1,0,1,12
45655119,188,1172,5,701,2011,4,1,2,3.5,101816,6,0,0,1,0,1,12
45065619,12231,503,7,896,2012,3,0,5,1.5,136640,4,0,1,0,0,14,8
44934463,12858,528,2,448,2014,3,0,5,1.6,56000,4,0,1,1,0,0,10
45757428,220,1185,2,409,2009,4,1,2,2.5,193614,4,0,1,1,0,14,0
45646193,3763,1850,6,605,2008,4,1,1,3.5,366869,6,0,0,1,0,1,12
45809644,18422,503,7,145,2012,3,1,5,1.5,103000,4,0,1,1,0,15,4
45813454,706,1018,0,94,2011,9,1,5,3,163739,6,0,0,1,0,14,12
45768086,26030,382,1,853,2017,3,1,2,1.5,52062,4,0,1,1,0,2,0
45767966,220,574,3,560,2010,3,1,2,1.3,184250,4,0,1,1,0,7,0
45739445,10976,1408,2,799,2007,6,0,1,2.2,170000,4,1,1,1,0,1,2
45754363,22894,1711.27272727273,0,871,2006,4,1,1,3,235000,6,2,0,1,0,1,8
45804983,40769,1327,7,268,2018,9,1,5,2.5,43000,4,2,1,1,0,2,12
45802803,42764,696,4,733,2013,4,1,1,2.2,164593,4,0,1,1,0,7,4
45811209,14069,1714,6,502,2017,4,1,5,3.5,33000,6,2,0,1,0,14,12
45465009,24462,1077,7,220,2019,4,1,5,2,10610,4,0,1,1,0,12,12
45368623,10976,1268,7,145,2012,3,0,2,1.5,67000,4,3,1,1,1,12,4
45808935,22567,650,1,162,2016,3,1,5,1.4,94793,4,0,1,1,0,1,4
45815238,1098,1793,6,722,2011,9,1,5,2,274563,8,0,2,1,0,14,12
45795180,5959,2004,6,17,1998,9,0,5,2.4,128965,6,0,2,1,0,12,6
45793009,6909,876,1,317,2009,9,1,5,1.8,119484,4,0,1,1,0,1,4
45810072,15530,502,7,145,2013,3,1,5,1.5,179000,4,0,1,1,0,14,4
45759865,862,2455,5,517,2008,4,1,5,2,280354,8,0,0,1,0,14,0
45804429,40556,1017,4,817,2017,4,1,1,2,48089,4,0,1,1,0,14,4
45768909,5331,1527,6,174,1995,9,0,5,1.8,335000,4,1,2,1,0,12,2
45788796,18817,836,0,2,2010,9,1,1,2,197000,4,1,1,1,0,1,0
45794124,6586,1446.97098646035,3,312,1998,4,0,4,2,100000,4,0,0,1,1,12,12
45801622,20005,583,4,387,2011,9,1,5,1.6,106616,4,0,1,1,0,1,4
45810592,16778,765,1,639,2015,4,1,4,2,34328,4,0,1,1,0,7,4
45810532,22357,640,1,639,2013,4,1,1,2,121042,4,0,1,1,0,14,4
45768392,1568,1172,7,535,2011,4,1,2,3.5,342622,6,0,0,1,0,1,12
45755119,1568,505,2,465,2018,9,1,2,2,93453,4,0,1,1,0,7,12
45797486,19933,531,4,387,2012,9,1,5,1.6,134000,4,0,1,1,0,14,4
45655735,2509,1399,5,701,2010,4,1,2,3.5,315270,6,0,0,1,0,7,12
45801490,17000,474,1,317,2013,9,1,5,1.4,115000,4,2,1,1,0,7,10
45773463,392,394,7,268,2014,1,1,2,2.5,374808,4,0,1,1,0,14,12
45802550,14069,1176,4,733,2019,7,1,5,2.2,9087,4,0,1,1,0,2,4
45809891,45872,1017,3,293,2017,1,1,5,2,57895,4,0,1,1,0,12,4
45813079,251,753,4,748,2012,9,1,5,2.4,151782,4,0,1,1,0,2,12
45788904,59586,1055,5,694,2013,4,1,5,3.5,111460,6,2,0,1,0,12,12
44684280,48610,1391,6,252,2012,9,1,5,2,43000,8,2,2,1,0,1,12
45733434,47107,765,4,748,2015,9,1,5,2,59000,4,0,1,1,0,14,4
44942364,7213,862,2,465,2011,9,0,2,2.5,224000,4,2,1,1,0,7,12
45647551,3607,781,7,268,2012,9,1,2,2.5,156518,4,0,1,1,0,14,12
45765589,26971,1820,7,792,2019,9,1,5,3.5,18555,6,0,0,1,0,1,12
45798021,14834,531,4,387,2012,9,1,5,1.6,131443,4,0,1,1,0,12,4
45797300,14454,583,4,387,2011,9,1,5,1.6,128980,4,0,1,1,0,12,4
45655712,706,761,7,643,2010,3,1,2,1.8,73402,4,0,1,1,0,14,12
45779472,11604,777,2,465,2014,9,1,5,2.5,176000,4,2,1,1,0,14,10
45767512,314,1053,6,361,2014,9,1,1,3.5,149486,6,0,0,1,0,12,12
45660962,34811,919,0,871,2012,4,1,1,3,70994,6,0,0,1,0,1,0
45798349,18817,755.375,3,293,2012,9,1,2,1.5,180000,4,3,1,1,0,13,8
45813978,34497,697,6,837,2012,7,1,1,2.2,196000,8,2,2,1,0,6,8
45786008,19444,1507.30769230769,6,837,2006,7,0,1,2.2,259000,6,2,2,1,0,4,4
45655685,3293,761,7,643,2010,3,1,2,1.8,159382,4,0,1,1,0,14,12
45662193,784,448,3,560,2012,3,1,2,1.3,321269,4,0,1,1,0,11,0
45760901,12858,1018,6,487,2011,4,1,1,3,137270,6,0,0,1,0,7,12
45810399,28043,831,1,639,2017,4,1,1,1.6,109953,4,0,1,1,0,1,4
45810894,13328,738,1,317,2017,9,1,5,1.4,78667,4,0,1,1,0,2,12
45809865,56177,690,3,293,2016,1,1,5,1.5,50497,4,0,1,1,0,1,4
45748414,14069,1575,6,511,2018,4,1,5,3,40000,6,2,0,1,0,1,12
45772075,22580,1017,6,355,2017,9,1,5,2,50930,4,0,2,1,0,1,12
44714424,17876,353,7,643,2015,9,0,2,1.8,203101,4,0,1,1,0,14,12
45810335,5959,934,2,465,2015,9,1,5,2.5,150091,4,0,1,1,0,12,12
45793496,4200,1429.8433516297,6,11,1985,9,0,0,2,284000,4,1,2,1,0,11,0
45798017,14834,583,4,387,2011,9,1,5,1.6,147700,4,0,1,1,0,1,4
45732635,16151,891,4,748,2016,9,1,4,2,286974,4,0,1,1,0,14,4
45804436,23239,836,4,817,2010,4,1,1,2,124289,4,0,1,1,0,7,4
45772850,9565,397,5,258,2016,3,1,2,1.8,71904,4,0,1,1,0,14,0
45771113,3450,753,1,407,2012,4,1,5,2.4,233733,4,0,1,1,0,1,12
45802400,6269,1099,4,525,2010,9,1,5,2.7,93168,4,0,1,1,0,12,4
45788963,24775,645,5,258,2011,3,1,2,1.8,80000,6,0,1,1,0,7,10
45653896,784,917,0,871,2013,9,1,1,3,0,6,0,0,1,0,1,0
45730227,25591,530,4,387,2013,9,1,5,1.6,81351,4,0,1,1,0,14,4
45798462,18817,598.5,4,827,2013,3,0,5,1.6,80000,4,2,1,1,0,14,4
45732956,15681,891,4,748,2016,9,1,4,2,295509,4,0,1,1,0,12,4
45619226,627,1172,6,361,2011,9,1,1,3.5,134904,6,0,0,1,0,7,12
45815836,6429,585,4,387,2013,9,1,5,1.8,141603,4,0,1,1,0,2,12
45646945,3136,781,7,268,2012,9,1,2,2.5,159379,4,0,1,1,0,14,12
45810400,23389,730,1,639,2016,4,1,1,1.6,128495,4,0,1,1,0,14,4
45793473,24462,582.788167938931,7,643,2013,10,0,2,1.8,126000,4,3,1,1,0,14,6
45241160,6899,521,1,317,2011,9,1,5,1.4,131000,4,0,1,1,0,12,10
45769801,69935,1646,5,517,2015,4,1,5,4.6,273493,8,0,0,1,0,12,0
45815007,4077,781,7,268,2012,9,1,5,2.5,200870,4,0,1,1,0,12,12
45804629,17249,1141,5,531,2009,9,1,2,2.4,264000,4,2,1,1,0,2,10
45810031,28592,502,7,145,2013,3,1,5,1.5,37900,4,0,1,1,0,2,4
45323998,36065,1020.57819905213,0,871,2012,4,1,5,4.4,186000,8,2,0,1,0,1,10
45792704,12544,748,1,10,2012,9,1,5,2.4,96973,4,0,1,1,0,1,4
45802922,24920,707,4,733,2011,4,1,1,2,117139,4,0,1,1,0,7,4
45796070,15681,738,1,317,2017,9,1,5,1.4,77174,4,0,1,1,0,11,0
45732934,16308,891,4,748,2016,9,1,4,2,510225,4,0,1,1,0,14,4
45759134,13642,749.991967871486,7,145,2012,3,0,2,1.5,160000,4,3,1,1,1,11,4
45637937,26030,595.03007518797,2,465,2013,9,1,6,2,160000,4,3,1,1,0,4,12
45768125,627,475,1,853,2012,4,1,2,1.4,188419,4,0,1,1,0,11,0
45787307,12858,888.488372093023,7,643,2007,3,0,2,1.5,123000,4,3,1,1,0,1,4
45633005,12231,746,7,644,2009,9,1,2,1.5,127300,4,0,1,1,0,12,12
45815741,20385,382,2,465,2015,9,1,6,2,118000,4,2,1,1,0,7,10
45720541,56450,1306.25,6,252,2012,1,1,5,2,110000,8,0,0,1,0,1,12
45809964,29762,585,3,293,2013,9,1,5,1.8,155465,4,0,1,1,0,7,4
45764172,31675,1817,7,792,2020,9,1,5,3.5,1669,6,0,0,1,0,1,12
45814926,22580,779,7,268,2013,9,1,5,2.5,350400,4,2,1,1,0,14,8
45669581,31988,779,7,268,2013,9,0,2,2.5,62915,4,0,1,1,0,14,12
45809124,17023,501,3,425,2014,3,1,5,1.5,52350,4,0,1,1,0,12,4
45802825,36231,642,4,733,2012,4,1,1,2,68359,4,0,1,1,0,12,4
45813858,470,777,2,465,2014,9,1,5,2.5,111304,4,0,1,1,0,14,12
45809219,36539,271,7,145,2014,3,1,2,1.5,8646,4,0,1,1,0,14,4
45781923,30,746,7,673,2008,9,0,5,1.8,220000,4,0,1,1,0,14,8
45797417,7527,1342.66873449132,6,837,1999,7,1,0,2.3,200000,4,0,1,1,1,12,4
45629166,3763,640,2,465,2013,9,1,2,2,320554,4,0,1,1,0,14,0
45803366,15681,891,4,748,2016,9,1,4,2,322292,4,0,1,1,0,12,4
45809436,12758,308,3,425,2015,3,1,2,1.5,161414,4,0,1,1,0,12,4
45802809,25512,911,4,733,2010,4,1,1,2.2,161642,4,0,1,1,0,12,4
45645774,627,1360,5,516,2013,4,1,5,4.6,243467,8,0,0,1,0,14,0
45733130,15060,765,4,748,2015,9,1,4,2,143522,4,0,1,1,0,12,4
45768748,2038,353,7,643,2015,4,1,2,1.8,104795,4,0,1,1,0,14,12
45765607,31047,1820,7,792,2019,9,1,5,3.5,17542,6,0,2,1,0,12,12
45803139,6743,707,4,748,2011,9,1,4,2,457978,4,0,1,1,0,12,4
45806595,20698,1058,5,701,2012,4,1,2,3.5,236016,6,0,1,1,0,1,12
42733075,9408,1268,7,145,2012,3,0,2,1.5,145000,4,0,1,1,1,7,2
45804758,42218,639,4,817,2014,4,1,1,2,65863,4,0,1,1,0,14,4
45434300,21639,934,7,268,2015,9,0,5,2.5,178000,4,2,1,1,0,1,12
45803005,59837,1079,4,733,2018,4,1,1,2,41778,4,0,1,1,0,2,4
45209767,23521,640,0,867,2013,4,1,5,2,208000,4,2,0,1,0,14,12
45813588,3763,1304,0,891,2013,4,1,5,4.4,218518,8,0,0,1,0,14,12
45644661,3450,607,7,268,2019,9,1,2,2.5,9626,4,0,1,1,0,1,12
45803811,35557,891,4,817,2016,4,1,1,2,187270,4,0,1,1,0,12,4
45804651,38229,877,4,817,2017,4,1,1,1.7,83259,4,0,1,1,0,1,4
45789639,23521,377.528,1,853,2012,9,1,6,1.4,62000,4,0,1,1,0,14,10
45732985,7809,891,4,748,2016,9,1,4,2,447460,4,0,1,1,0,8,4
45772382,4861,1058,6,361,2012,9,1,1,3.5,128202,6,0,2,1,0,1,12
45815453,31,765,5,633,2015,4,1,5,2,76021,4,0,1,1,0,1,12
45509222,23207,639,0,50,2014,9,1,5,2,47000,4,0,2,1,0,12,8
45759472,470,753,4,748,2012,4,1,2,2.4,123862,4,0,1,1,0,14,0
45095253,10500,888.488372093023,7,643,2007,9,0,5,1.5,288166,4,0,1,1,0,14,4
45802106,41629,1249,4,526,2017,10,1,1,2.5,129841,4,0,1,1,0,1,4
45631361,941,1104,0,871,2015,4,1,1,3,196614,6,0,0,1,0,1,0
45325339,15681,308,7,643,2014,9,0,2,1.8,90000,4,2,1,1,0,2,8
45806404,14113,1119.75,7,298,2007,7,0,1,2.2,188000,4,1,1,1,0,7,6
44348613,31988,757.14552238806,7,268,2013,9,0,2,2.5,62000,4,0,1,1,0,14,12
45800958,10663,872.02838865217,7,624,2004,9,0,5,2.5,138000,6,2,2,1,1,14,12
45775958,13485,1711.27272727273,0,871,2003,4,1,0,3,178942,6,2,1,1,0,1,8
45767096,13485,645,4,387,2011,9,0,5,1.8,152493,4,0,1,1,0,13,4
45760764,4077,1714,6,502,2017,4,1,5,3.5,39814,6,0,2,1,0,1,0
45792855,16308,1271.22222222222,7,268,2008,9,1,2,2.4,236190,4,0,1,1,0,7,10
45769734,862,259,1,853,2014,4,1,2,1.4,133195,4,0,1,1,0,1,0
45801970,16778,531,4,387,2012,9,1,5,1.6,41279,4,0,1,1,0,14,4
45442561,12074,843,7,643,2008,3,1,2,1.5,172100,4,2,1,1,0,3,12
43611740,26657,1091,7,274,2016,9,1,5,2.5,52359,4,0,1,1,0,4,8
45809132,25440,833,1,289,2015,4,1,1,2.2,70000,4,0,1,1,0,7,4
45429936,14069,1356,5,516,2014,4,1,5,4.6,71000,8,2,0,1,0,1,0
45640835,1098,394,7,268,2014,9,1,2,2.5,398069,4,0,1,1,0,1,12
45758958,1568,872.02838865217,7,824,2003,7,0,5,2,128965,4,0,1,2,0,12,4
45802259,37000,777,4,526,2014,7,1,1,2.5,120804,4,0,1,1,0,12,4
45813968,6115,1399,5,694,2010,4,1,5,3.5,197044,6,0,0,1,0,7,12
45758421,21953,777,7,680,2014,4,1,5,2.5,153312,4,0,1,1,0,1,0
45660982,220,919,0,871,2012,4,1,1,3,273962,6,0,0,1,0,14,0
45280588,18189,308,7,651,2014,9,1,2,1.8,112000,4,2,1,1,0,8,12
45732857,10036,891,4,748,2016,9,1,4,2,517559,4,0,1,1,0,8,4
45683824,16621,1017,4,387,2017,9,0,5,2,22000,4,2,1,1,0,7,0
45773537,10349,394,7,268,2014,9,1,2,2.5,0,4,0,1,1,0,1,12
45642726,470,382,2,465,2015,9,1,2,2,367720,4,0,1,1,0,14,0
44779724,13172,749.991967871486,7,145,2012,3,0,2,1.5,154000,4,0,1,1,1,14,2
45675113,5645,1446.97098646035,3,312,1997,4,0,5,2,230000,4,0,1,1,1,12,2
45631971,157,640,2,465,2013,9,1,2,2,339920,4,0,1,1,0,14,0
45655076,314,1646,5,516,2015,4,1,5,4.6,102907,8,0,0,1,0,1,0
45656628,2509,574,3,560,2010,3,1,2,1.3,210758,4,0,1,1,0,12,0
45793881,7213,1286,1,289,2007,4,1,1,2,56327,4,0,1,1,0,14,4
45808982,8938,531,1,162,2012,3,1,5,1.6,49126,4,0,1,1,0,1,4
45803217,15035,836,4,748,2010,9,1,5,2,93865,4,0,1,1,0,5,4
45642679,3763,779,7,268,2013,9,1,2,2.5,124912,4,0,1,1,0,14,12
44765681,15994,1624,5,694,2008,4,1,5,3.5,163000,6,2,0,1,0,12,8
45803176,11604,639,4,748,2014,9,1,4,2,275877,4,0,1,1,0,12,4
45797272,19613,836,4,522,2010,1,1,5,2,104022,4,0,1,1,0,14,4
45760560,22266,1399,7,680,2010,4,0,5,3.5,160000,6,0,1,1,0,12,8
45784918,1111,855,0,863,2009,3,0,1,2,215000,4,1,2,1,0,1,8
45782203,22580,1111.16666666667,6,510,2011,4,1,5,3.5,11111,6,2,2,1,0,1,8
44922270,16935,382,4,756,2014,9,1,2,2.4,73825,4,0,1,1,0,1,8
45809845,18033,584,7,643,2014,9,0,5,1.8,187200,4,0,1,1,0,2,8
45656271,470,753,4,748,2012,9,1,2,2.4,202864,4,0,1,1,0,2,0
45812751,627,1080,1,815,2014,4,1,5,3.6,151358,6,0,1,1,0,11,12
45774092,5645,1108,2,630,2014,9,1,5,3.7,167046,6,0,2,1,0,14,12
45433610,11917,649,3,425,2010,3,0,5,1.5,129000,4,0,1,1,0,2,0
45809369,31211,400,3,425,2018,10,1,2,1.5,57809,4,0,1,1,0,1,4
45775724,9095,843,7,643,2008,3,0,2,1.5,150000,4,3,1,1,0,6,2
45798049,11864,687,4,387,2010,9,1,5,1.6,118698,4,0,1,1,0,12,4
45766186,392,738,1,10,2017,4,1,5,1.4,96792,4,0,1,1,0,1,12
45768497,2352,1466,2,424,2014,9,1,5,2,170541,8,0,2,1,0,12,12
45755624,15681,761,2,797,2010,2,0,1,1.8,132000,4,1,1,1,0,14,6
45801406,15681,730,4,138,2016,9,1,1,1.6,32104,4,0,1,1,0,14,4
45651135,3607,781,7,268,2012,9,1,2,2.5,156518,4,0,1,1,0,14,12
45773555,12544,528,2,448,2014,9,1,5,1.6,91125,4,0,1,1,0,7,0
45733704,49751,1079,4,748,2018,9,1,5,2,77130,4,0,1,1,0,2,4
45742675,13172,888.488372093023,7,643,2007,9,1,2,1.5,144000,4,2,1,1,0,7,0
45596006,27598,1017,4,820,2017,4,0,5,2,60704,4,0,1,1,0,1,10
45813618,9408,463,7,643,2018,9,1,2,1.8,44114,4,0,1,1,0,12,12
45813815,8467,1533.25,2,799,2001,6,0,1,2,179000,4,1,1,1,0,2,2
45797231,11290,966,4,522,2009,1,1,5,2,183222,4,0,1,1,0,14,4
45788014,16308,792.627815866797,4,748,2012,9,1,2,2.4,230400,4,2,1,1,0,1,6
44075364,25089,769,6,773,2011,2,0,1,2.2,260000,4,1,2,1,0,14,2
45792892,9095,644,1,317,2011,9,1,5,1.8,77906,4,0,1,1,0,1,4
45765506,1568,2018,7,822,2015,4,1,5,2,128000,8,0,0,1,0,14,12
45788872,17249,584,4,387,2014,9,0,5,1.8,98400,4,0,1,1,0,7,8
45759967,40769,456,7,280,2015,9,1,2,2.5,134000,6,0,2,1,0,1,12
45641925,392,781,7,268,2012,9,1,2,2.5,314373,4,0,1,1,0,7,12
45809021,9198,308,7,145,2015,3,1,2,1.5,143876,4,0,1,1,0,14,4
45810946,3293,761,7,643,2010,3,1,2,1.8,127061,4,0,1,1,0,7,12
45760542,24148,779,7,680,2013,4,0,5,2.5,52000,4,0,0,1,0,1,12
45802915,41720,891,4,733,2016,4,1,1,2,129388,4,0,1,1,0,7,4
45781828,14069,1356,5,516,2014,4,1,5,4.6,76000,8,2,0,1,0,7,12
45803937,23687,639,4,817,2014,4,1,1,2,60781,4,0,1,1,0,14,4
45797992,15718,687,4,387,2010,9,1,5,1.6,104282,4,0,1,1,0,12,4
45772672,784,878,7,298,2009,3,1,5,1.8,324520,4,0,1,1,0,7,12
41496435,25,1599.33333333333,3,425,2003,3,0,5,1.5,189000,4,2,1,1,1,2,4
45806840,18503,751,4,748,2013,9,1,5,2.4,107000,4,2,1,1,0,12,12
45804293,15367,1268,7,651,2012,3,0,2,1.5,164000,4,3,1,1,1,14,8
45730059,25889,528,4,387,2014,9,1,5,1.6,113000,4,0,1,1,0,14,4
45789828,16621,792.627815866797,4,748,2011,9,0,5,2.4,120000,4,2,1,1,0,2,12
45804824,34240,639,4,817,2014,4,1,1,2,119401,4,0,1,1,0,14,4
45806216,20385,582.788167938931,7,643,2013,9,0,2,1.8,150400,4,0,1,1,0,12,6
45797542,37125,1249,4,526,2017,10,1,1,2.5,168645,4,0,1,1,0,12,4
45776830,13485,639,2,452,2014,9,1,5,2,43000,4,0,1,1,0,1,10
45768968,392,645,7,643,2011,4,1,2,1.8,146184,4,0,1,1,0,14,12
45809915,30966,584,3,293,2014,9,1,5,1.8,76989,4,0,1,1,0,14,4
45733405,49751,891,4,748,2016,9,1,5,2,106000,4,0,1,1,0,1,4
45678105,13172,749.991967871486,7,145,2013,3,0,2,1.5,185000,4,3,1,1,1,14,4
45239809,15681,2959,7,576,1993,4,1,1,4.2,126000,6,1,0,1,0,6,0
45800568,15053,1711.27272727273,0,871,2000,4,1,5,4.4,250000,8,2,0,1,0,1,4
45763861,627,645,4,387,2011,4,1,5,1.8,172502,4,0,1,1,0,1,12
45764869,627,1058,6,361,2012,9,1,1,3.5,318285,6,0,0,1,0,1,12
45797228,11290,966,4,522,2009,1,1,5,2,139448,4,0,1,1,0,12,4
45661660,549,1018,6,605,2011,4,1,1,3,251120,6,0,0,1,0,1,12
45776746,20698,753,7,268,2012,9,1,2,2.4,198400,4,0,1,1,0,11,0
45772643,1254,2705,7,535,2005,4,1,5,3.3,244283,6,0,1,1,0,1,12
45809581,12432,585,1,317,2013,9,1,5,1.8,114335,4,0,1,1,0,12,4
45804467,25889,836,4,817,2010,4,1,1,2,94131,4,0,1,1,0,2,4
45812732,3136,777,7,268,2014,9,1,5,2.5,55811,4,0,1,1,0,1,12
45796974,10945,1185,4,526,2009,7,1,1,2.5,85678,4,0,1,1,0,12,4
45816418,51746,1811,5,516,2010,4,1,5,4.6,220000,8,2,0,1,0,14,0
45793251,14113,1017,1,639,2017,4,1,5,2,27992,4,0,1,1,0,12,4
45793570,6583,961,1,289,2009,4,1,1,2,51480,4,0,1,1,0,1,4
45523729,24775,1695.28571428571,6,251,2006,9,1,5,2,180000,8,2,2,1,0,7,8
45791262,51746,917,0,97,2014,9,1,5,3,53065,6,2,2,1,0,12,12
45656726,392,761,7,643,2010,3,1,2,1.8,267165,4,0,1,1,0,14,12
45802473,18211,528,4,547,2014,3,1,1,1.6,208791,4,0,1,1,0,14,4
45771470,54568,1360,5,517,2013,4,1,5,4.6,202651,8,0,0,1,0,1,0
45773575,251,607,7,268,2019,4,1,2,2.5,56834,4,0,1,1,0,1,12
45624756,29479,1058,7,535,2012,4,1,2,3.5,205250,6,0,0,1,0,12,12
44918942,10976,888.488372093023,7,643,2006,3,1,2,1.5,168000,4,3,1,1,0,4,10
45732747,10663,765,4,748,2015,9,1,4,2,343047,4,0,1,1,0,12,4
45435759,26030,749,4,817,2014,4,1,5,2.4,70000,4,2,0,1,0,7,6
45810892,251,650,1,317,2016,9,1,5,1.4,133346,4,0,1,1,0,3,12
45646500,627,1055,6,201,2013,9,1,5,3.5,105014,6,0,0,1,0,1,12
45777011,15681,585,4,387,2013,9,0,5,1.8,131638,4,0,1,1,0,5,0
45798509,15681,640,4,748,2013,9,1,4,2,113000,4,2,1,1,0,12,4
45329787,5488,939.882352941176,7,849,2000,3,1,5,1,0,4,0,1,1,1,12,2
45787421,59586,1104,0,871,2015,4,1,5,3,143000,6,2,0,1,0,2,16
45814994,6586,609,7,268,2018,9,1,2,2.5,272781,4,0,1,1,0,1,12
45788674,21482,585,7,643,2013,9,0,2,1.8,123000,4,0,1,1,0,1,0
45768989,16621,582.788167938931,7,643,2010,3,0,2,1.8,120000,4,0,1,1,0,12,4
44232129,10349,1267,7,145,2013,3,0,2,1.5,77000,4,0,1,1,1,1,10
39692498,250,1500.5,7,583,2015,4,0,1,3,80000,4,0,0,1,0,1,8
45732632,14909,765,4,748,2015,9,1,4,2,283593,4,0,1,1,0,12,4
45238260,21326,781,7,268,2012,9,1,5,2.5,12300,4,2,1,1,0,1,12
45801602,20266,531,4,387,2012,9,1,5,1.6,106400,4,0,1,1,0,12,4
45710520,27598,2959,7,576,2002,4,1,5,2,196000,8,0,0,1,0,7,4
45762580,2744,751,4,748,2013,9,1,2,2.4,126690,4,0,1,1,0,12,0
45793707,5018,1282,1,289,2007,4,1,1,2,54647,4,0,1,1,0,14,4
45793326,11604,489,1,768,2016,9,1,5,1,33492,4,0,1,1,0,14,4
45813915,78,1172,6,361,2011,9,1,5,3.5,242685,6,0,0,1,0,1,12
45660977,16621,915,0,871,2014,4,1,1,3,110715,6,0,0,1,0,14,0
45803936,17634,836,4,817,2010,4,1,1,2,149800,4,0,1,1,0,2,4
45801443,9252,531,4,138,2012,3,1,1,1.6,64160,4,0,1,1,0,1,4
45573586,28225,707,0,84,2011,9,1,5,2,200000,4,2,0,1,0,7,0
45798073,13771,790,4,387,2009,9,1,5,1.6,99110,4,0,1,1,0,12,4
45768192,1490,586,5,258,2012,3,1,2,1.8,174106,4,0,1,1,0,14,0
29267633,120,1429.8433516297,6,357,2003,9,1,5,3.2,130000,6,2,2,1,0,1,8
45618562,6899,872.02838865217,7,464,2004,10,0,5,1.5,150000,4,0,0,1,1,12,12
45812566,20385,781,7,268,2012,9,0,5,2.5,10000,6,2,1,1,0,14,16
45764935,282,2455,5,517,2008,4,1,5,2,218126,8,0,0,1,0,1,0
45802743,38445,891,4,733,2016,4,1,1,2,180000,4,0,1,1,0,12,4
45813643,5018,603,7,535,2015,4,1,2,3.5,73954,6,0,0,1,0,2,12
45808885,43360,1055,2,421,2013,4,1,5,3.5,106604,4,0,1,1,0,12,4
45398915,43278,826.8,6,837,2014,7,0,1,2.2,140000,4,2,2,1,0,14,6
45766358,125,1664,7,822,2013,1,1,5,2,234683,8,0,2,1,0,14,12
45809501,45044,891,1,289,2016,4,1,1,2,62814,4,0,1,1,0,7,4
45641706,24775,784,3,425,2017,3,1,5,1.5,25000,4,0,1,1,0,10,12
45731528,46919,1327,4,526,2018,10,1,1,2.5,71689,4,0,1,1,0,7,4
45767394,627,475,1,853,2012,4,1,2,1.4,188419,4,0,1,1,0,11,0
45797690,19707,583,4,387,2011,9,1,5,1.6,176486,4,0,1,1,0,14,4
45773012,19130,1292,6,502,2016,4,1,5,3,49499,6,0,0,1,0,12,0
45785093,33556,456,7,268,2015,9,1,2,2.5,123198,4,2,1,1,0,2,12
45789088,18503,673.483990147783,4,387,2014,9,0,5,1.8,192000,4,2,1,1,0,7,8
45732585,42692,640,4,733,2013,4,1,1,2,130180,4,0,1,1,0,12,4
45809670,44849,697,3,293,2015,1,1,5,1.8,62877,4,0,1,1,0,11,4
45752121,6586,1338.90845620294,0,22,1997,9,1,5,1.8,245000,4,0,2,1,0,1,4
45712250,50,582.788167938931,7,643,2011,3,0,2,1.8,128965,4,0,1,1,0,14,6
45809486,41055,891,1,289,2016,4,1,1,2,70922,4,0,1,1,0,14,4
45806872,1019,585,7,643,2013,3,1,2,1.8,173933,4,0,1,1,0,12,12
45649812,220,1399,5,701,2010,4,1,2,3.5,317470,6,0,0,1,0,7,12
45804348,23521,919,0,57,2012,9,1,5,3,82990,6,0,2,1,0,14,0
45802783,25873,640,4,733,2013,4,1,1,2,41203,4,0,1,1,0,12,4
45698188,17249,888.488372093023,7,643,2009,3,1,2,1.8,185600,4,3,1,1,0,5,4
45801646,19416,583,4,387,2011,9,1,5,1.6,120581,4,0,1,1,0,12,4
45810302,22567,642,1,620,2012,9,1,5,2,60080,4,0,1,1,0,1,4
45523452,10349,1079,7,220,2018,4,1,5,2,38712,4,0,1,1,0,14,12
45807567,22580,919,0,867,2012,4,1,5,3,130000,6,2,0,1,0,14,12
45804418,31245,2108,5,572,2009,9,1,5,4.6,188266,4,0,1,1,0,1,4
45802077,18500,862,4,526,2011,10,1,1,2.5,222604,4,0,1,1,0,1,4
45769191,314,862,2,409,2011,4,1,2,2.5,130306,4,0,0,1,0,6,0
44218307,40,1599.33333333333,3,425,2003,9,0,5,1.5,145000,4,0,1,1,1,14,2
43744062,20385,582.788167938931,7,643,2012,9,0,2,1.8,180000,4,0,1,1,0,7,8
45646042,3450,607,7,268,2019,9,1,2,2.5,9626,4,0,1,1,0,1,12
45621642,392,919,0,871,2012,4,1,1,3,296395,6,0,0,1,0,7,0
45797249,45204,1017,4,387,2017,9,1,5,2,31022,4,0,1,1,0,7,4
45802453,22894,917,4,525,2013,9,1,5,3,55171,4,0,1,1,0,1,4
45810032,59827,1077,3,293,2019,9,1,5,2,8115,4,0,1,1,0,12,4
45617861,8938,1399,6,361,2010,9,1,1,3.5,256914,6,0,0,1,0,7,12
45760402,7527,1599.33333333333,3,425,2004,3,0,5,1.3,150000,4,0,1,1,1,12,4
45799531,18189,1440,0,84,2007,9,1,5,3,230000,6,2,2,1,0,1,12
40808507,26657,798.780396435111,4,750,2017,9,0,5,2.4,102569,4,0,1,1,0,12,0
45809838,1333,1533,1,559,2016,9,1,5,3.6,120696,6,0,1,1,0,12,12
45706518,18826,642,5,258,2012,3,1,2,2,184000,4,0,1,1,0,1,0
45642122,18817,765,6,201,2015,9,1,5,2,0,4,0,0,1,0,14,12
45816445,5802,1236,3,425,2011,3,0,5,1.3,95000,4,0,1,1,1,2,8
45732979,11290,891,4,748,2016,9,1,4,2,325139,4,0,1,1,0,12,4
45727764,6115,779,5,379,2013,9,1,2,2.5,152400,4,0,1,1,0,12,12
45762895,19444,757.14552238806,7,268,2010,9,1,5,2.5,85000,6,0,1,1,0,7,12
45152393,12544,831,4,748,2011,3,0,5,2.4,219200,4,0,1,1,0,1,12
42568098,12858,853.32,1,317,2009,9,1,5,1.6,30000,4,1,1,1,0,7,2
45771078,314,1017,6,355,2017,9,1,5,2,26802,4,0,2,1,0,1,12
45808881,19657,629,1,162,2015,9,1,5,1.6,48700,4,0,1,1,0,1,4
45769480,2195,645,4,387,2011,4,1,5,1.8,308501,4,0,1,1,0,2,12
45765267,1568,1493,6,361,2016,9,1,1,3.5,77205,6,0,2,1,0,7,12
44843022,11917,862,7,566,2007,7,0,0,2.4,270000,4,0,1,1,1,5,4
45764690,706,645,5,258,2011,3,1,2,1.8,116869,4,0,1,1,0,1,0
45805093,18481,707,4,817,2011,4,1,1,2,119194,4,0,1,1,0,7,4
45811175,25089,456,5,634,2015,4,1,2,2.5,108344,4,0,0,1,0,12,12
45808919,14069,1493,2,421,2016,4,1,5,3.5,66246,4,0,1,1,0,14,4
45781634,25089,382,4,748,2014,9,1,2,2.4,98000,4,2,1,1,0,1,12
45782406,17249,271,7,651,2014,3,0,2,1.5,64000,4,3,1,1,0,14,12
45212127,39201,1711.27272727273,0,871,2009,4,1,1,3,124000,6,2,0,1,0,1,10
45770830,18817,308,7,643,2014,3,0,2,1.8,139930,4,0,1,1,0,14,0
45793538,9377,1090,1,289,2008,4,1,1,2,61237,4,0,1,1,0,1,4
45769652,627,1750,7,535,2008,9,1,2,3.3,277405,6,0,0,1,0,7,12
45660792,941,1850,5,696,2008,4,1,2,3.5,364523,6,0,0,1,0,1,12
45797335,41883,1138,4,522,2013,1,1,5,3.8,94813,4,0,1,1,0,14,4
45814321,24462,757.14552238806,7,268,2011,9,0,2,2.4,175000,4,0,1,1,0,14,0
45812933,15681,1533.25,2,799,2004,2,0,1,2,144000,4,1,1,1,0,14,0
45668952,7840,888.488372093023,7,643,2002,9,0,2,1.5,184000,4,0,1,1,0,14,4
45396242,20385,673.483990147783,4,387,2013,9,1,5,1.8,112000,4,2,1,1,0,7,8
45789394,10036,1451.8,7,680,2001,4,0,5,2,333333,4,0,0,1,0,5,2
45772892,470,645,5,258,2011,3,1,2,1.8,32974,4,0,1,1,0,12,0
45738950,39201,1341,2,630,2015,1,0,5,3.7,128000,6,2,2,0,0,7,6
45802875,46919,696,4,733,2013,4,1,1,2.2,138742,4,0,1,1,0,7,4
45804382,58971,1811,5,572,2010,9,1,2,4.6,136129,4,0,1,1,0,1,4
45816622,14113,2467,0,56,2002,0,1,5,3,187000,6,1,2,0,0,12,4
45732952,7683,707,4,748,2011,9,1,4,2,82309,4,0,1,1,0,14,4
45769017,470,1399,6,361,2010,9,1,5,3.5,229904,6,0,0,1,0,1,12
45804165,27356,642,4,817,2012,4,1,1,2,149546,4,0,1,1,0,14,4
45757498,784,781,2,409,2012,4,1,2,2.5,95349,4,0,1,1,0,2,0
45797206,35570,1091,4,526,2016,7,1,1,2.5,77227,4,0,1,1,0,7,4
45803193,16308,891,4,748,2016,9,1,4,2,227033,4,0,1,1,0,14,4
45731498,16778,862,4,526,2011,7,1,1,2.5,45984,4,0,1,1,0,14,4
45757291,862,2455,5,517,2008,4,1,5,2,280354,8,0,0,1,0,14,0
45755498,14269,1249,7,268,2017,9,1,5,2.5,27560,4,0,1,1,0,7,12
45784575,10036,888.488372093023,7,643,2008,3,0,2,1.5,384000,4,3,1,1,0,14,0
45770871,5802,1055,6,361,2013,9,1,1,3.5,107800,6,0,2,1,0,7,12
45370571,7527,939.882352941176,7,849,2001,3,0,5,1.5,155000,4,0,1,1,1,0,8
45810287,22567,639,1,620,2014,9,1,1,2,159436,4,0,1,1,0,1,4
45797629,20005,583,4,387,2011,9,1,5,1.6,129000,4,0,1,1,0,12,4
45521158,11604,843,7,643,2008,3,0,2,1.5,216000,4,0,1,1,0,7,0
44921831,17405,891,4,397,2016,9,0,5,2,81302,4,0,1,1,0,11,8
45646838,34811,919,0,871,2012,4,1,1,3,70994,6,0,0,1,0,1,0
45810615,8963,363,1,768,2014,3,1,4,1,175771,4,0,1,1,0,7,4
45789252,11290,1231,6,835,2004,7,1,0,3.2,0,6,2,2,1,1,4,8
45645622,392,779,7,268,2013,9,1,2,2.5,232032,4,0,1,1,0,12,12
45782741,15681,1185,2,409,2009,4,0,2,2.5,99000,4,0,1,1,0,14,7
45763559,282,289,2,409,2008,4,1,2,0.4,220474,4,0,1,1,0,7,0
45806375,706,474,1,853,2013,3,1,2,1.4,181360,4,0,1,1,0,2,12
45800638,19130,779,7,268,2013,9,0,5,2.5,7900,4,2,1,1,0,1,0
45813914,2038,1018,6,201,2011,9,1,5,3,304082,6,0,2,1,0,14,12
45802327,39201,1091,4,526,2016,10,1,1,2.5,182821,4,0,1,1,0,12,4
45797947,19444,1702.77011494253,7,535,2006,4,1,2,3.3,0,6,0,1,1,0,7,5
45769390,10349,1267,7,145,2013,3,0,2,1.5,129000,4,0,1,1,1,12,6
45793301,20228,890,1,639,2016,4,1,5,2,30179,4,0,1,1,0,14,4
45813614,200,970.867153989687,2,814,1996,6,1,1,2.5,200000,4,1,2,2,0,14,0
45808917,8154,531,1,162,2012,3,1,5,1.6,74181,4,0,1,1,0,14,4
45733376,9722,765,4,748,2015,9,1,4,2,362818,4,0,1,1,0,8,4
45525662,13485,582.788167938931,7,643,2012,9,0,2,1.8,0,4,0,1,1,0,14,12
45591747,19757,582.788167938931,7,643,2012,9,1,2,1.8,184000,4,3,1,1,0,7,12
45803209,19914,891,4,748,2016,9,1,4,2,240573,4,0,1,1,0,14,4
45813655,470,353,5,258,2015,3,1,2,1.8,94949,4,0,1,1,0,14,12
45756001,6586,1481,2,452,2006,10,0,1,2,280000,4,1,1,1,0,7,6
45811207,13172,1434.33333333333,6,335,2002,9,0,1,2.2,250115,4,1,2,1,0,12,8
45793577,9722,961,1,289,2009,4,1,1,2,63889,4,0,1,1,0,14,4
45806261,7213,1338.90845620294,0,78,2001,9,1,0,2.5,300000,6,2,2,1,0,2,6
45808944,62057,1053,2,421,2014,4,1,5,3.5,49709,4,0,1,1,0,12,4
44260168,16308,582.788167938931,7,643,2011,9,1,2,2.4,104000,4,2,1,1,0,1,8
45794607,16590,1429.8433516297,6,607,2004,4,1,5,3.7,265000,6,2,0,1,0,12,10
45769530,31675,1817,7,792,2020,9,1,5,3.5,1669,6,0,0,1,0,1,12
45799982,5488,1429.8433516297,6,136,2001,3,0,5,1.9,147000,4,0,1,1,1,1,4
45789798,29793,595.03007518797,2,465,2014,9,1,6,2,140000,4,0,1,1,0,1,10
45770987,23521,781,7,268,2012,9,0,2,2.5,138165,4,0,1,1,0,11,0
45756947,941,1811,5,516,2010,4,1,5,4.6,260771,8,0,0,1,0,1,0
45789432,7200,1429.8433516297,6,357,2000,9,1,5,3.2,25000,6,2,2,1,1,2,5
45804631,23521,585,6,191,2013,9,1,5,1.8,121712,4,0,2,1,0,14,0
45816494,12544,878,2,805,2009,2,0,1,1.8,20462,4,1,1,1,0,14,4
45778865,12544,473,1,317,2014,9,0,5,1.4,105070,4,0,1,1,0,12,0
45803063,33378,694,4,733,2014,4,1,1,2.2,51905,4,0,1,1,0,14,4
45771449,40142,1811,5,517,2010,4,1,5,4.6,357246,8,0,0,1,0,7,0
45789517,24148,582.788167938931,7,643,2014,3,0,2,1.8,139200,4,3,1,1,0,12,6
45238088,19444,1598,0,50,2009,9,1,5,3,120000,6,2,2,1,0,14,8
45764501,2666,521,1,853,2011,3,1,2,1.4,288778,4,0,1,1,0,1,0
45803029,39559,765,4,733,2015,4,1,1,2,130000,4,0,1,1,0,12,4
44916416,37633,765,6,498,2015,4,1,5,2,48000,4,2,0,1,0,1,8
45490304,14069,1356,5,516,2014,4,1,5,4.6,127250,8,2,0,1,0,14,12
45803330,9252,765,4,748,2015,9,1,4,2,128965,4,0,1,1,0,8,4
45624787,1490,1058,7,535,2012,4,1,2,3.5,363059,6,0,0,1,0,14,12
45732095,49858,639,4,733,2014,4,1,1,2,79769,4,0,1,1,0,7,4
45812797,220,1327,7,268,2018,9,1,5,2.5,70662,4,0,1,1,0,1,12
45656686,1803,761,7,643,2010,3,1,2,1.8,258909,4,0,1,1,0,14,12
45760784,6586,1429.8433516297,6,12,1999,9,0,1,2,315000,4,1,2,1,0,1,6
45811799,56450,915,0,871,2014,4,1,5,3,70000,6,2,0,1,0,2,12
45523583,282,1077,7,220,2019,4,1,5,2,3237,4,0,1,1,0,1,12
44517504,62719,1079,0,863,2018,4,1,5,2,35000,4,2,0,1,0,1,12
45757296,19757,353,7,643,2015,9,0,2,1.8,100000,4,2,1,1,0,13,12
45781148,15681,872.02838865217,7,646,2008,3,1,2,1.5,210000,4,0,1,1,0,7,8
45761475,32929,966.724137931034,0,94,2011,9,1,5,3,165000,6,2,2,1,0,14,10
45801421,14454,629,4,138,2015,9,1,1,1.6,191108,4,0,1,1,0,1,4
45809601,19823,595,7,145,2015,3,1,5,1.5,67000,4,0,1,1,0,1,4
45729884,26770,730,4,387,2016,9,1,5,1.6,57000,4,0,1,1,0,12,4
45810016,54405,1091,1,559,2016,9,1,5,2.5,49716,4,0,1,1,0,1,4
45759272,392,1514,5,517,2011,9,1,5,4.6,202048,8,0,0,1,0,14,0
45415451,12700,1996,2,799,2002,6,0,1,2.4,250000,4,1,2,0,0,14,4
45642037,251,607,7,268,2019,9,1,2,2.5,39552,4,0,1,1,0,1,12
45792701,14069,1078.53623188406,6,605,2013,4,1,1,3,150000,6,2,0,1,0,1,12
45767446,1882,1053,6,361,2014,9,1,1,3.5,146395,6,0,2,1,0,7,12
44855277,21953,645,5,258,2011,3,1,2,1.8,190000,4,0,1,1,0,5,4
44381541,42965,642,2,422,2012,4,1,5,2,65000,4,0,1,1,0,14,10
40533401,53314,765,6,177,2014,9,1,1,1.6,205000,4,2,2,1,0,2,6
45786473,7840,1685,0,35,1999,9,0,1,2,350000,4,1,2,1,0,2,4
45237969,20500,640,2,468,2013,9,1,2,2,131089,4,0,1,1,0,14,12
45427988,12544,1429.8433516297,6,718,1998,9,1,4,2,20000,8,2,2,1,0,1,15
45815480,1646,1356,5,517,2014,4,1,5,4.6,71638,8,0,0,1,0,11,12
45793018,11604,862,3,405,2006,7,0,4,2.4,220000,4,2,1,1,1,14,8
45714934,19500,582.788167938931,7,643,2012,9,0,5,1.8,39000,4,2,1,1,0,7,0
45258871,12544,639,2,452,2014,9,0,5,2,87000,4,0,1,1,0,5,16
45649746,3136,781,7,268,2012,9,1,2,2.5,159379,4,0,1,1,0,14,12
45801627,19707,530,4,387,2013,9,1,5,1.6,110000,4,0,1,1,0,7,4
45809476,34240,891,1,289,2016,4,1,1,2,149361,4,0,1,1,0,12,4
45416958,15400,640,4,748,2013,9,1,5,2,107000,4,2,1,1,0,12,8
45786585,17562,503,7,651,2012,3,0,5,1.5,89700,4,0,1,1,0,13,6
45803196,15681,891,4,748,2016,9,1,4,2,280016,4,0,1,1,0,12,4
45730760,47377,879,4,387,2019,9,1,5,1.6,8737,4,0,1,1,0,14,4
45563298,68994,1391,6,252,2012,9,1,5,2,114000,8,2,2,1,0,1,0
43944071,14069,1020.57819905213,0,871,2014,4,1,1,3.5,104000,6,0,0,1,0,14,12
45794074,16621,521,1,853,2011,3,1,6,1.4,105989,4,0,1,1,0,12,8
45793007,5802,876,1,317,2009,9,1,5,1.8,156032,4,0,1,1,0,1,4
45677233,9095,843,7,643,2008,3,0,2,1.5,205000,4,0,1,1,0,6,8
45758747,5500,1527,6,174,1994,9,1,5,1.8,128965,4,1,2,1,0,1,2
45762084,7840,1026.00733117836,3,563,2005,9,0,4,3,15500,6,2,1,1,1,0,8
45798252,13495,531,4,387,2012,9,1,5,1.6,119595,4,0,1,1,0,14,4
45802063,24571,781,4,526,2012,10,1,1,2.5,206211,4,0,1,1,0,7,4
45810404,20814,765,1,639,2015,4,1,4,2,198840,4,0,1,1,0,14,4
44642679,15524,650,1,321,2016,9,0,5,1.4,29355,4,0,1,1,0,14,8
45653143,188,490,3,560,2011,3,1,2,1.3,216858,4,0,1,1,0,7,0
45774201,1646,1399,6,361,2010,9,1,5,3.5,205968,6,0,0,1,0,14,12
45802618,15496,836,4,733,2010,4,1,1,2,200221,4,0,1,1,0,12,4
45793612,51746,694,2,799,2014,6,0,1,2.2,135000,4,1,2,1,0,14,2
45771425,9700,1338.90845620294,0,78,1999,9,0,5,2.5,146000,6,2,2,1,0,12,6
45650442,7997,1537,7,535,2009,4,1,2,3.3,251278,6,0,0,1,0,6,12
45808892,24283,730,1,162,2016,3,1,5,1.6,60805,4,0,1,1,0,8,4
45783603,5331,1529,0,30,1998,9,1,5,1.8,256848,4,0,2,1,1,6,5
45727769,3607,1055,5,701,2013,4,1,2,3.5,163010,6,0,1,1,0,1,12
45797148,17054,629,4,387,2015,9,1,1,1.6,99335,4,0,1,1,0,14,4
45656587,1803,761,7,643,2010,3,1,2,1.8,258909,4,0,1,1,0,14,12
45758479,549,753,4,748,2012,9,1,2,2.4,243051,4,0,1,1,0,14,0
45803692,29169,770,4,817,2016,4,1,1,1.7,170000,4,0,1,1,0,14,4
45800522,35,582.788167938931,7,643,2010,9,0,5,1.6,240000,2,0,1,1,0,14,2
45807637,13799,574,3,560,2010,9,0,2,1.3,100000,4,2,1,1,0,12,10
45621666,7213,915,0,871,2014,4,1,1,3,0,6,0,0,1,0,1,0
45734895,20228,1338.90845620294,0,3,2008,3,1,1,2,188000,4,1,2,1,0,0,10
45465159,32929,1091,7,268,2016,9,1,5,2.5,42140,4,0,1,1,0,14,6
45773358,12231,741.884259259259,3,425,2012,3,0,2,1.3,126000,4,0,1,1,1,12,5
45739129,14113,888.488372093023,7,643,2005,9,0,2,1.5,111111,4,0,1,1,0,12,6
45760592,3607,862,2,409,2011,4,1,2,2.5,168966,4,0,0,1,0,14,0
45789589,38574,595.03007518797,2,465,2016,9,1,6,2,59200,4,2,1,1,0,14,10
45772640,1725,1324,7,535,2010,9,1,2,3.3,226198,6,0,0,1,0,6,12
45773675,1411,1624,6,361,2009,9,1,1,3.5,266061,6,0,0,1,0,1,12
45652438,157,919,6,605,2012,4,1,1,3,145227,6,0,0,1,0,7,12
44828843,17249,802.125,2,799,2011,6,0,1,2.2,160000,4,1,1,1,0,15,1
45810489,29793,1711.27272727273,0,871,2008,4,1,5,3,208000,6,0,0,1,0,2,8
45781390,17249,1024,7,268,2010,9,0,5,2.5,159000,4,2,1,1,0,12,9
45777915,36065,725.166666666667,0,84,2012,9,1,5,2,120162,4,2,2,1,0,14,16
45802764,30367,639,4,733,2014,4,1,1,2,45300,4,0,1,1,0,2,4
45808485,3763,1172,3,638,2011,9,1,5,3.5,204237,6,0,1,1,0,12,12
45802353,21297,862,4,526,2011,7,1,1,2.5,72609,4,0,1,1,0,12,4
45802214,39593,1091,4,526,2016,7,1,1,2.5,127675,4,0,1,1,0,12,4
45656752,314,1399,5,701,2010,4,1,2,3.5,382746,6,0,0,1,0,12,12
45809878,68144,831,3,293,2018,9,1,5,1.5,42857,4,0,1,1,0,7,4
45765211,15994,1172,6,361,2011,1,1,1,3.5,170429,6,0,2,0,0,12,12
45647803,1803,1405,0,871,2009,4,1,1,3,229854,6,0,0,1,0,6,0
45815115,470,862,7,268,2011,9,1,5,2.5,214432,4,0,1,1,0,2,12
45776894,4704,1529,6,174,1995,9,0,0,1.8,0,4,1,2,1,0,10,4
45803623,23518,934,4,526,2015,7,1,1,2.5,52351,4,0,1,1,0,15,4
45813408,251,1091,7,268,2016,9,1,5,2.5,89109,4,0,1,1,0,14,12
45633842,10036,1018,0,871,2011,4,1,1,3,207694,6,0,0,1,0,1,0
45757699,14113,1711.27272727273,0,871,2004,4,1,5,2,206000,12,2,0,1,0,2,8
45801610,20005,583,4,387,2011,9,1,5,1.6,129000,4,0,1,1,0,12,4
45656391,8938,586,7,643,2012,3,1,2,1.8,323733,4,0,1,1,0,7,12
45797160,14229,966,4,522,2009,1,1,5,2,106325,4,0,1,1,0,14,4
45802045,15289,836,4,522,2010,1,1,5,2,146691,4,0,1,1,0,1,4
45803079,50030,1017,4,733,2017,4,1,1,2,66340,4,0,1,1,0,2,4
45788724,7527,1429.8433516297,6,175,1998,9,0,0,2,0,4,1,2,1,0,12,4
45800310,17249,645,7,643,2011,3,0,2,1.8,145000,4,0,1,1,0,14,12
45772841,9565,919,6,361,2012,9,1,1,3,171221,6,0,2,1,0,1,12
45803393,8311,642,4,748,2012,9,1,4,2,71318,4,0,1,1,0,14,4
45775252,7213,853.32,1,317,2005,3,0,5,1.5,100000,4,0,1,1,1,1,4
45800779,10976,697,4,387,2015,9,1,5,1.8,83902,4,0,1,1,0,7,0
45792220,16935,1051,4,748,2016,9,0,5,2.4,0,4,0,1,1,0,0,0
45797920,6586,586,4,387,2012,9,0,5,1.8,158080,4,0,1,1,0,1,6
45808524,7840,1426,2,424,2018,9,1,5,2.7,2792,6,0,2,1,0,14,12
45798376,200,872.02838865217,7,578,2004,4,1,1,4.2,170000,8,1,0,1,0,12,2
45816256,7370,917,0,891,2013,4,1,5,3,179382,6,0,0,1,0,7,12
45804398,43880,1017,4,817,2017,4,1,1,2,79877,4,0,1,1,0,1,4
45647922,392,781,7,268,2012,9,1,2,2.5,314373,4,0,1,1,0,7,12
45662257,8311,502,3,293,2013,9,1,2,1.5,144872,4,0,1,1,0,14,0
45656147,11917,802.125,2,799,2011,6,0,5,1.3,148000,4,1,1,1,0,14,8
45764434,314,862,2,409,2011,4,1,2,2.5,130306,4,0,0,1,0,6,0
45802677,28909,639,4,733,2014,4,1,1,2,231241,4,0,1,1,0,14,4
45772739,15681,1811,5,516,2010,4,1,5,4.6,275240,8,0,0,1,0,12,0
45809715,10697,645,1,317,2011,9,1,1,1.8,241768,4,0,1,1,0,12,4
45769543,27911,1197,7,792,2012,9,1,5,4,365810,6,0,0,1,0,14,12
45781464,19444,831,3,312,2011,4,0,5,2.4,112578,4,0,0,1,0,14,6
45809799,19883,502,7,145,2013,9,1,5,1.5,70400,4,0,1,1,0,2,4
45794747,31361,1823,7,542,2016,8,0,1,2.4,138400,6,1,2,1,0,14,8
45636336,2587,382,2,465,2015,9,1,2,2,88795,4,0,1,1,0,1,0
45810214,5018,779,7,680,2013,4,1,5,2.5,193960,4,0,1,1,0,7,12
45771084,1882,746,7,643,2009,9,1,2,1.5,142426,4,0,1,1,0,14,12
45798514,15681,521,1,317,2011,9,1,5,1.4,93000,4,2,1,1,0,7,10
45810731,7840,2078,0,46,2000,9,1,5,2.5,0,6,2,2,1,0,10,6
45810456,26096,730,1,639,2016,4,1,1,1.6,86965,4,0,1,1,0,1,4
45764110,46728,1811,5,516,2010,4,1,5,4.6,260771,8,0,0,1,0,1,0
45487886,14069,1500.5,7,583,2014,4,1,1,3,146000,6,2,0,2,0,1,12
45810147,10669,790,1,575,2009,9,1,5,1.6,138681,4,0,1,1,0,12,4
45795172,18817,582.788167938931,7,643,2010,3,0,2,1.8,154000,4,0,1,1,0,7,12
45787447,15681,587.673913043478,4,138,2012,9,0,5,1.6,139000,4,2,1,1,0,12,0
45781299,34497,1058,6,361,2012,9,1,5,3.5,64000,6,2,0,1,0,7,12
43656877,26657,673.483990147783,4,387,2016,9,0,5,2,77643,4,2,1,1,0,4,12
45811599,8781,1356,6,492,2014,4,1,5,4.6,81894,8,0,0,1,0,7,12
45802760,13495,836,4,733,2010,4,1,1,2,55751,4,0,1,1,0,1,4
45787424,13172,872.02838865217,7,144,2002,9,0,5,2,88000,4,1,2,1,1,2,10
45757548,41397,769.5,6,227,2014,9,1,5,2,89000,4,2,1,1,0,1,12
45774206,32302,1604,6,361,2014,9,1,5,2,101424,8,0,0,1,0,7,12
45792192,1803,528,4,138,2014,3,1,5,1.6,82602,4,0,1,1,0,2,12
45731620,15681,645,7,643,2011,9,1,2,1.8,63500,4,0,1,1,0,12,0
45803722,34400,891,4,817,2016,4,1,1,2,79000,4,0,1,1,0,12,4
45758086,31988,1935,5,516,2016,4,1,5,4.6,155976,8,0,0,1,0,14,0
45764455,5645,1324,7,535,2010,9,1,2,3.3,345405,6,0,0,1,0,12,12
45773808,37006,1018,6,361,2011,9,1,1,3,227200,6,2,2,1,0,1,12
45787167,50,1267.33333333333,7,150,2014,3,1,2,1.5,127000,4,0,1,1,1,7,7
44299718,21950,595.03007518797,2,465,2012,9,1,2,2,272000,4,3,1,1,0,14,12
45759888,15681,1811,5,516,2010,4,1,5,4.6,275240,8,0,0,1,0,12,0
45649702,784,394,7,268,2014,9,1,2,2.5,102397,4,0,1,1,0,1,12
45806661,706,919,2,465,2012,9,1,5,3,149822,6,0,1,1,0,2,12
45734406,30,1599.33333333333,3,425,2006,3,0,5,1.3,0,4,0,1,1,1,12,4
45802212,38229,1091,4,526,2016,7,1,1,2.5,92078,4,0,1,1,0,1,4
45617609,9722,609,7,268,2018,9,1,2,2.5,127515,4,0,1,1,0,1,12
44155688,19444,308,7,665,2014,9,0,2,1.8,350000,4,0,1,1,0,14,12
45758714,11917,1267,7,145,2013,3,0,2,1.5,18000,4,0,1,1,1,14,6
45757401,23521,582.788167938931,7,643,2012,9,0,2,1.8,84021,4,0,1,1,1,4,8
45645713,3450,607,7,268,2019,9,1,2,2.5,9626,4,0,1,1,0,1,12
45793167,20071,455.705882352941,7,651,2015,3,0,2,1.5,60800,4,2,1,1,0,7,6
44109015,10506,1266,7,145,2014,3,0,2,1.5,122000,4,3,1,1,1,12,0
45772479,470,1399,6,361,2010,9,1,5,3.5,229904,6,0,0,1,0,1,12
45802192,34905,777,4,526,2014,7,1,1,2.5,132023,4,0,1,1,0,7,4
45431370,20800,781,7,680,2012,4,0,5,2.5,77000,4,0,1,1,0,14,6
45797125,38163,1091,4,526,2016,7,1,1,2.5,104000,4,0,1,1,0,2,4
45652006,188,1172,5,701,2011,4,1,2,3.5,101816,6,0,0,1,0,1,12
45769030,314,2410,6,361,2010,9,1,5,2,274771,8,0,2,1,0,14,12
43687842,10000,1855,3,787,2000,7,0,4,2,100000,4,0,0,1,1,12,2
45803009,68148,1077,4,733,2019,4,1,1,2,47778,4,0,1,1,0,7,4
45617564,3607,781,7,268,2012,9,1,2,2.5,156518,4,0,1,1,0,14,12
42083016,13500,761,7,643,2010,9,0,2,1.8,141000,4,2,1,1,0,11,8
45811276,470,1327,7,680,2018,4,1,5,2.5,17214,4,0,0,1,0,1,12
45525276,6586,1077,7,220,2019,1,1,5,2,5219,4,0,1,1,0,14,12
45768491,56450,1078.53623188406,6,605,2012,4,1,1,3.5,107000,6,2,0,1,0,14,6
45805165,34240,877,4,817,2017,4,1,1,1.7,131959,4,0,1,1,0,14,4
45774011,1411,1624,6,361,2009,9,1,1,3.5,266061,6,0,0,1,0,1,12
45656894,941,308,7,643,2014,3,1,2,1.8,270410,4,0,1,1,0,14,12
45795103,18817,673.483990147783,4,387,2011,9,1,5,1.8,119000,4,2,1,1,0,7,12
45798074,13771,687,4,387,2010,9,1,5,1.6,159048,4,0,1,1,0,12,4
45766229,5018,891,2,465,2016,9,1,5,2,93354,4,0,1,1,0,14,12
45770486,25089,940.695652173913,7,680,2011,4,0,5,2.5,150400,4,0,0,1,0,3,8
45770641,14113,2084,2,799,1999,6,0,1,2.5,136000,4,1,2,1,0,14,2
45809251,12272,501,7,145,2014,3,1,5,1.5,141053,4,0,1,1,0,14,4
45815885,3293,900,4,748,2015,9,1,5,2.4,114885,4,0,1,1,0,1,12
45506748,10450,741.884259259259,3,425,2012,3,0,2,1.3,311000,2,0,1,1,1,14,6
45120058,38400,642,0,84,2012,9,1,5,2,158400,4,2,2,1,0,1,12
45732789,17305,707,4,748,2011,9,1,5,2,157224,4,0,1,1,0,7,4
45815232,3293,978,7,298,2019,9,1,5,1.8,54307,4,0,1,1,0,1,12
45732343,38809,639,4,733,2014,4,1,1,2,152914,4,0,1,1,0,7,4
45809960,30405,585,3,293,2013,9,1,5,1.8,131782,4,0,1,1,0,11,4
43611096,19444,640,2,473,2013,9,0,2,2,86427,4,0,1,1,0,12,8
45416852,28225,1017,4,586,2017,9,0,5,2,54080,4,0,1,1,0,1,8
45532978,18817,442,1,620,2017,9,1,2,1.8,30000,4,2,1,1,0,1,0
45804786,40224,765,4,817,2015,4,1,1,2,100369,4,0,1,1,0,14,4
45792285,20385,1624,6,206,2009,9,1,5,3.5,200000,6,2,2,1,0,0,0
45809186,16138,503,7,145,2012,9,1,2,1.5,118000,4,0,1,1,0,15,4
45649508,10349,888.488372093023,7,643,2007,9,0,2,1.5,180000,4,3,1,1,0,12,0
45731791,39750,1249,4,526,2017,10,1,1,2.5,73357,4,0,1,1,0,14,4
45769654,1568,1172,7,535,2011,4,1,2,3.5,342622,6,0,0,1,0,1,12
45810359,58507,731,1,620,2019,9,1,5,1.3,1878,4,0,1,1,0,14,4
43930362,18189,645,7,268,2011,9,0,5,1.8,140000,4,0,1,1,0,14,6
45794876,10349,1429.8433516297,6,716,2000,9,1,5,4.3,145000,8,0,2,1,0,5,8
45732869,15681,891,4,748,2016,9,1,4,2,322292,4,0,1,1,0,12,4
45766417,94,1017,6,355,2017,9,1,5,2,1600,4,0,2,1,0,1,12
45773364,392,481,2,465,2017,9,1,2,2,89758,4,0,1,1,0,14,0
45798725,7527,1429.8433516297,6,343,1998,9,0,5,2.4,270000,6,1,2,1,0,12,6
45781876,32929,872.02838865217,7,577,2001,4,0,1,4.2,30300,6,1,0,1,0,14,4
45779686,14113,749.991967871486,7,145,2013,3,1,5,1.5,139000,4,0,1,1,0,12,12
45766042,13015,830,2,409,2019,9,1,5,1.5,4309,4,0,1,1,0,14,12
45797884,18240,583,4,387,2011,9,1,5,1.6,119921,4,0,1,1,0,7,4
45760759,68681,1493,6,502,2016,4,1,5,3.5,117368,6,0,0,1,0,1,0
45769312,56136,1017,6,355,2017,9,1,5,2,50963,4,0,2,1,0,1,12
45541280,24462,798.780396435111,4,830,2016,3,1,5,1.6,77000,4,1,1,0,0,5,8
45754124,21012,582.788167938931,7,643,2012,3,0,2,1.8,78000,4,3,1,1,0,11,7
45742008,11604,502,3,425,2013,9,0,5,1.5,47000,4,2,1,1,0,2,12
45765324,470,1399,6,361,2010,9,1,1,3.5,229904,6,0,0,1,0,1,12
45676760,19757,585,7,643,2013,3,0,2,1.8,195000,4,0,1,1,0,1,12
44658005,8467,503,3,425,2012,3,0,5,1.5,33000,4,2,1,1,0,1,10
45290766,17249,704.859649122807,2,452,2013,3,1,5,2,152000,4,2,1,1,0,1,8
45799860,8781,2084,2,799,1995,6,0,1,2.5,30000,4,1,2,2,0,4,2
45796874,23414,779,4,526,2013,10,1,1,2.5,193881,4,0,1,1,0,12,4
45816617,1411,891,4,387,2016,3,1,5,2,47074,4,0,1,1,0,12,12
45770552,10976,862,2,630,2005,1,0,5,4,124000,6,0,2,0,0,4,6
45813101,9408,1429.8433516297,6,718,1999,9,1,5,2,25000,8,2,2,1,0,1,6
45815414,12858,518,7,268,2016,9,1,2,2.5,67429,4,0,1,1,0,5,12
45783711,15681,1429.8433516297,6,614,2004,4,1,4,2,299200,8,0,0,1,0,1,8
45765658,31047,1053,6,361,2014,9,1,1,3.5,132349,6,0,0,1,0,7,12
45491649,21326,1429.8433516297,6,360,2007,9,1,1,3,272000,6,2,2,1,0,14,12
45803838,44517,1017,4,817,2017,4,1,1,2,66067,4,0,1,1,0,14,4
45792372,35900,640,6,227,2013,9,1,5,2,97000,4,2,1,1,0,1,12
45804463,27654,640,4,817,2013,4,1,1,2,118409,4,0,1,1,0,11,4
45797654,20005,583,4,387,2011,9,1,5,1.6,129013,4,0,1,1,0,7,4
45788429,16935,1195,2,799,2008,6,0,1,2.2,182320,4,1,1,1,0,14,4
45764508,220,259,1,853,2014,3,1,2,1.4,110958,4,0,1,1,0,1,0
45651149,3763,779,7,268,2013,9,1,2,2.5,124912,4,0,1,1,0,14,12
45765480,125,1664,7,822,2013,1,1,5,2,234683,8,0,2,1,0,14,12
45732761,16308,640,4,748,2013,9,1,5,2,194210,4,0,1,1,0,1,4
45776713,26657,966.724137931034,0,94,2009,9,1,5,3,163000,6,2,0,1,0,2,8
45771861,1568,1493,6,361,2016,9,1,1,3.5,77205,6,0,2,1,0,7,12
45389240,26971,720.051834985287,1,855,2013,9,1,6,1.4,129000,4,0,1,1,0,7,8
45794372,15681,582.788167938931,7,643,2010,3,1,4,1.8,360000,4,3,1,1,0,2,4
45687311,16308,645,7,643,2011,9,0,2,1.8,158836,4,0,1,1,0,0,12
45804459,49864,1399,5,694,2010,4,1,5,3.5,82021,4,0,1,1,0,7,4
45774650,15053,738,1,317,2017,9,0,5,1.4,0,4,0,1,1,0,14,0
45803469,9252,765,4,748,2015,9,1,4,2,546691,4,0,1,1,0,8,4
45773852,2430,1598,6,361,2008,9,1,1,3,175614,6,0,2,1,0,1,12
45797256,14166,531,4,387,2012,9,1,5,1.6,170713,4,0,1,1,0,14,4
45777497,9408,394,7,268,2014,9,0,2,2.5,130000,4,0,1,1,0,1,12
45797528,36231,1091,4,526,2016,10,1,1,2.5,182541,4,0,1,1,0,12,4
45759519,31,353,5,258,2015,3,1,2,1.8,0,4,0,1,1,0,7,0
45755802,19444,582.788167938931,7,643,2010,3,1,2,1.8,128965,4,3,1,1,0,14,10
45809256,32973,639,1,289,2014,4,1,1,2,130791,4,0,1,1,0,14,4
45770142,282,2455,5,517,2008,4,1,5,2,218126,8,0,0,1,0,1,0
45797634,57391,1101.54054054054,7,220,2018,4,1,5,1.2,12000,4,2,0,1,0,14,12
45812490,32615,639,0,35,2014,9,1,5,2,59733,4,2,2,1,0,1,12
45816054,1490,810,4,387,2016,9,1,5,1.8,91838,4,0,1,1,0,12,12
45809324,39189,831,3,425,2018,3,1,5,1.5,6213,4,0,1,1,0,2,4
45773743,12388,1399,6,361,2010,9,1,1,3.5,189530,6,0,0,1,0,1,12
45649046,1646,1292,6,502,2016,4,1,5,3,59099,6,0,0,1,0,14,0
45770157,7683,810,4,387,2016,9,1,5,1.8,121840,4,0,1,1,0,2,12
45758703,14113,612.4,2,448,2013,3,0,5,1.6,89000,4,0,1,1,0,2,9
45784957,314,1598,0,50,2008,1,1,5,3,96000,6,2,0,0,0,14,12
45804274,24681,707,4,817,2011,4,1,1,2,135691,4,0,1,1,0,7,4
45797351,26594,777,4,526,2014,7,1,1,2.5,179918,4,0,1,1,0,12,4
45810222,1019,765,0,50,2015,9,1,5,2,111166,4,0,2,1,0,12,12
45653392,11290,690,5,701,2016,4,1,2,3.5,59858,6,0,1,1,0,12,12
45809751,9832,707,1,317,2011,9,1,1,2,169875,4,0,1,1,0,14,4
45761845,11917,741.884259259259,3,425,2010,3,0,5,1.5,206400,4,2,1,1,0,7,6
45774190,1882,1053,6,361,2014,9,1,5,3.5,146395,6,0,2,1,0,7,12
45732863,15681,891,4,748,2016,9,1,4,2,265917,4,0,1,1,0,12,4
45491643,18817,673.483990147783,4,387,2014,9,0,5,1.8,116800,4,2,2,1,0,14,0
45802365,14897,862,4,526,2011,7,1,1,2.5,54862,4,0,1,1,0,15,4
45651968,28222,1429.8433516297,6,843,2005,7,0,1,2.2,308050,4,1,2,1,0,12,4
45772691,1411,1624,6,361,2009,9,1,1,3.5,266061,6,0,0,1,0,1,12
45732660,8467,639,4,748,2014,9,1,4,2,419603,4,0,1,1,0,8,4
45810919,3920,738,1,317,2017,9,1,5,1.4,52661,4,0,1,1,0,1,12
44706310,16621,1185,7,268,2009,9,0,5,2.5,60250,4,2,1,1,0,11,16
45749557,30,1599.33333333333,3,425,2002,3,0,5,1.3,0,4,0,1,1,1,12,4
45802325,37125,1249,4,526,2017,10,1,1,2.5,168645,4,0,1,1,0,12,4
45591107,14740,723,2,455,2013,3,1,5,1.5,197000,4,1,1,1,0,1,2
45688387,35,582.788167938931,7,643,2014,9,0,2,1.8,160960,4,3,1,1,0,14,0
45797183,43143,1079,4,387,2018,9,1,5,2,35168,4,0,1,1,0,7,4
45771443,22580,1017,6,355,2017,9,1,5,2,50930,4,0,2,1,0,1,12
45649849,1098,394,7,268,2014,9,1,2,2.5,398069,4,0,1,1,0,1,12
45766287,49237,1342,7,792,2017,4,1,5,2.7,94262,4,0,2,1,0,14,12
45801499,18503,1211,6,201,2010,9,1,5,3,12200,6,2,2,1,0,14,8
45810265,27190,639,1,620,2014,9,1,5,2,57870,4,0,1,1,0,14,4
45802779,13962,836,4,733,2010,4,1,1,2,259385,4,0,1,1,0,12,4
45642704,1098,394,7,268,2014,9,1,2,2.5,398069,4,0,1,1,0,1,12
45810521,24415,640,1,639,2013,4,1,1,2,40299,4,0,1,1,0,12,4
45760164,31988,1935,5,516,2016,4,1,5,4.6,155976,8,0,0,1,0,14,0
45794129,6300,872.02838865217,7,824,2003,7,0,5,2,128965,4,0,1,1,1,1,5
41645702,42024,582.788167938931,7,643,2016,3,0,5,1.8,83000,4,0,1,1,0,7,12
45770127,54568,1360,5,517,2013,4,1,5,4.6,202651,8,0,0,1,0,1,0
45813938,470,1273,6,605,2015,4,1,5,3.5,82819,6,0,0,1,0,12,12
45791074,5645,875,7,640,2005,3,0,5,1,135000,4,0,1,1,1,14,2
45772692,54568,1363,5,516,2012,4,1,5,4.6,255406,8,0,0,1,0,1,0
45809080,8377,308,7,145,2015,3,1,2,1.5,178442,4,0,1,1,0,12,4
45808911,11851,531,1,162,2012,3,1,5,1.6,50000,4,0,1,1,0,12,4
45802362,15063,1024,4,526,2010,7,1,1,2.5,52717,4,0,1,1,0,1,4
45803006,51028,1079,4,733,2018,4,1,1,2,102934,4,0,1,1,0,14,4
45797429,11133,584,7,568,2005,3,0,4,1.5,137000,4,0,1,1,1,1,2
45514424,10349,1268,7,145,2012,3,0,2,1.5,131000,4,0,1,1,1,1,6
45809444,2901,749,4,748,2014,9,1,5,2.4,158714,4,0,1,1,0,14,12
45682464,11604,562,1,317,2015,9,0,5,1.4,76000,4,0,1,1,0,2,0
45590050,31361,1690.85714285714,6,769,2004,6,1,1,2.7,200000,5,1,2,0,0,14,2
45675730,10976,1429.8433516297,6,357,2000,9,1,0,3.2,0,6,2,2,1,0,12,6
45682436,73698,757.14552238806,7,268,2019,9,1,5,2.5,6417,4,0,1,1,0,3,12
45649863,13956,603,5,701,2015,4,1,2,3.5,143619,6,0,0,1,0,1,12
45769956,9565,919,6,361,2012,9,1,1,3,171221,6,0,2,1,0,1,12
45791267,10000,1507.30769230769,6,837,2006,7,0,1,2.2,1000,4,1,2,1,0,2,4
45323336,8467,584,7,568,2002,3,0,5,1.5,121000,4,2,1,1,1,12,4
45770099,23521,1058,7,535,2012,4,1,5,3.5,140966,6,0,0,1,0,1,12
45802248,35570,777,4,526,2014,7,1,1,2.5,32000,4,0,1,1,0,7,4
45645995,3136,781,7,268,2012,9,1,2,2.5,159379,4,0,1,1,0,14,12
45808214,42000,814.666666666667,6,769,2010,6,1,1,2.7,300000,4,1,2,2,0,14,2
45660258,941,1058,5,701,2012,4,1,2,3.5,232357,6,0,0,1,0,1,12
45797786,19121,531,4,387,2012,9,1,5,1.6,112243,4,0,1,1,0,14,4
45647650,4077,1363,5,516,2012,4,1,5,4.6,150909,8,0,0,1,0,1,0
45768921,15367,552,3,425,2011,3,0,5,1.5,120000,4,0,1,1,0,7,6
45796570,26971,1338.90845620294,0,59,2011,9,1,1,3,250000,6,2,1,1,0,1,6
45498878,25089,639,4,761,2014,9,1,5,2,86400,4,2,1,1,0,8,12
45730855,15289,836,4,522,2010,1,1,5,2,115363,4,0,1,1,0,11,4
45797900,16308,749.991967871486,7,145,2014,3,0,2,1.5,12800,4,0,1,1,1,14,4
45797438,10976,790,4,547,2009,9,1,5,1.6,79027,4,0,1,1,0,1,4
45816397,941,753,4,748,2012,9,1,5,2.4,215266,4,0,1,1,0,7,12
45792064,18817,1690.85714285714,6,769,2005,6,0,1,2.7,22700,6,2,2,1,0,14,2
45812487,14069,431,0,871,2016,4,1,6,2,58000,4,2,0,1,0,1,12
45804439,22357,836,4,817,2010,4,1,1,2,214639,4,0,1,1,0,1,4
45809176,13203,527,3,425,2015,3,1,5,1.3,137533,4,0,1,1,0,12,4
45797129,17553,966,4,522,2009,1,1,5,2,120219,4,0,1,1,0,7,4
45816474,10036,1711.27272727273,0,871,2002,9,1,5,3,321430,6,0,0,1,0,7,8
45806380,2038,333,2,465,2014,9,1,2,2,165442,4,0,1,1,0,1,12
45793423,7213,1701.21052631579,6,605,2003,4,1,0,3.5,178000,6,0,0,1,0,2,8
45815532,7997,1338.90845620294,0,78,2000,9,1,5,2.5,200000,6,1,2,1,1,2,6
45800988,21953,585,7,643,2013,9,1,2,1.8,105600,4,0,1,1,0,1,10
45775579,49174,749.991967871486,7,145,2012,3,0,2,1.5,199450,4,3,1,1,1,14,4
45344115,53941,1326.32911392405,5,694,2013,4,1,5,3.5,104000,6,2,1,1,0,1,12
45803087,53521,971,4,733,2016,4,1,1,2.2,130279,4,0,1,1,0,3,4
45768783,4391,2084,2,799,1992,6,0,1,2.5,0,4,1,2,1,0,14,0
45523726,6586,1077,7,220,2019,4,1,5,2,19968,4,0,1,1,0,14,12
45731119,30784,777,4,526,2014,7,1,1,2.5,136711,4,0,1,1,0,12,4
45812918,10663,642,2,452,2012,3,0,5,2,160000,4,2,1,1,0,1,8
45809471,10873,502,7,145,2013,3,1,5,1.5,154000,4,0,1,1,0,12,4
45802348,18654,862,4,526,2011,7,1,1,2.5,69624,4,0,1,1,0,1,4
45809657,53185,1017,3,293,2017,1,1,5,2,26488,4,0,1,1,0,14,4
45815962,9408,645,7,556,2005,7,0,5,2,198555,4,0,0,1,1,12,4
45189258,14740,582.788167938931,7,643,2010,3,1,5,1.8,120000,4,3,1,1,0,1,6
45812747,1254,1079,4,387,2018,9,1,5,2,48171,4,0,1,1,0,11,12
43073558,15681,749.991967871486,7,145,2012,3,0,2,1.5,117000,4,3,1,1,1,12,4
45797203,21103,730,4,387,2016,9,1,1,1.6,91314,4,0,1,1,0,7,4
45791035,28225,777,7,680,2014,4,1,5,2.5,116442,4,0,0,1,0,7,0
44961447,14740,1119.75,7,298,2007,9,0,5,1.6,179000,4,2,1,1,0,7,0
44266062,14069,757.14552238806,7,268,2018,9,1,5,3.5,18000,6,0,1,1,0,1,10
45801333,22580,650,1,317,2016,9,0,5,1.4,64000,4,2,1,1,0,14,8
45759951,15367,503,7,651,2012,3,0,2,1.5,202000,4,3,1,1,0,1,0
45442562,39201,968,0,124,2010,9,1,5,3,158000,6,2,2,1,0,7,12
45807840,282,1533.25,2,799,2000,6,0,1,2.3,1000,4,1,2,1,0,14,0
45808742,549,761,7,298,2010,9,1,5,1.8,305237,4,0,1,1,0,12,12
45655793,11917,690,5,701,2016,4,1,2,3.5,59858,6,0,1,1,0,12,12
45803915,21972,642,4,817,2012,4,1,1,2,162957,4,0,1,1,0,14,4
45803317,21918,891,4,748,2016,9,1,5,2,19088,4,0,1,1,0,14,4
45766220,9879,1018,6,361,2011,9,1,1,3,273186,6,0,2,1,0,14,12
45767309,1882,746,7,643,2009,9,1,2,1.5,142426,4,0,1,1,0,14,12
45773329,157,333,2,465,2014,9,1,2,2,186048,4,0,1,1,0,1,0
45756748,862,1399,2,794,2010,9,1,5,3.5,236770,6,0,1,1,0,1,12
45797069,17249,582.788167938931,7,643,2010,3,1,2,1.8,171000,4,3,1,1,0,9,10
45766804,862,1356,6,492,2014,4,1,5,4.6,153536,8,0,0,1,0,2,12
45699475,17562,1711.27272727273,0,871,2005,4,1,4,3,71000,6,2,0,1,1,12,10
45803184,10036,639,4,748,2014,9,1,4,2,493905,4,0,1,1,0,12,4
45807578,11290,1553.57142857143,6,177,2001,9,0,5,2,195000,4,1,1,1,0,12,6
45803453,15367,765,4,748,2015,9,1,4,2,409910,4,0,1,1,0,12,4
45732673,15035,836,4,748,2010,9,1,5,2,193953,4,0,1,1,0,12,4
45760772,9500,1429.8433516297,6,14,2001,9,1,1,2.2,3000,4,2,2,1,0,14,6
45760558,188,1185,2,409,2009,4,1,2,2.5,196682,4,0,1,1,0,1,0
43884859,21639,586,7,665,2012,10,1,2,1.8,198000,4,0,1,1,0,14,8
45802885,25365,911,4,733,2010,4,1,1,2.2,149046,4,0,1,1,0,12,4
45796657,14113,862,6,374,2003,9,1,5,2,130000,8,2,1,1,0,1,12
44954265,7213,1486,3,425,2010,3,0,5,1.3,9200,4,3,1,1,1,2,2
45786649,10349,843,7,643,2008,3,0,2,1.5,120000,4,0,1,1,0,2,7
45777471,12544,1429.8433516297,6,164,2006,3,0,4,1.7,109000,4,2,1,1,1,14,8
45801513,15035,583,4,387,2011,9,1,5,1.6,174391,4,0,1,1,0,14,4
45803834,29777,765,4,817,2015,4,1,1,2,66000,4,0,1,1,0,14,4
45802887,44247,891,4,733,2016,4,1,1,2,148633,4,0,1,1,0,14,4
45618025,3763,1850,6,361,2008,9,1,1,3.5,494317,6,0,0,1,0,1,12
45794162,15681,1429.8433516297,6,611,2004,4,1,5,3.7,238078,6,2,0,1,0,1,12
45765166,125,1172,6,361,2011,9,1,1,3.5,223472,6,0,0,1,0,1,12
45816156,549,751,4,748,2013,9,1,5,2.4,216118,4,0,1,1,0,7,12
45528570,27284,934,7,268,2015,9,1,5,2.5,80000,4,0,1,1,0,1,8
45809359,17813,447,3,425,2013,10,1,5,1.3,68614,4,0,1,1,0,1,4
45780107,10663,888.488372093023,7,643,2006,3,0,2,1.5,210000,4,3,1,1,0,6,4
45771350,314,645,7,643,2011,4,1,2,1.8,326325,4,0,1,1,0,12,12
45804114,11447,986,5,531,2010,9,1,2,2.4,11111,4,3,1,1,0,12,12
45764479,10976,2084,2,799,1999,6,0,1,2.5,241000,4,1,2,0,0,14,2
45805870,14069,2216,1,791,2016,4,1,5,2,170000,8,2,0,1,0,1,12
45649806,43278,1514,5,516,2011,4,1,5,4.6,160138,8,0,0,1,0,14,0
45732933,6586,642,4,748,2012,9,1,4,2,128965,4,0,1,1,0,12,4
45750629,5331,900,3,312,2015,4,1,5,2.4,80288,4,0,0,1,0,3,12
45808592,1568,831,1,407,2011,4,1,5,2.4,80000,4,0,1,1,0,14,12
45803036,41553,891,4,733,2016,4,1,1,2,142040,4,0,1,1,0,1,4
45764819,862,1399,6,361,2010,9,1,1,3.5,239224,6,0,0,1,0,1,12
45804325,24123,836,4,817,2010,4,1,1,2,138185,4,0,1,1,0,12,4
45798191,11992,1047,4,387,2007,9,1,5,1.6,128354,4,0,1,1,0,12,4
45776294,21953,690,2,465,2016,9,0,5,1.5,91200,4,2,1,1,0,4,8
45804437,14069,518,5,634,2016,4,1,2,2.5,40450,4,0,1,1,0,14,4
45798303,18817,730,4,387,2016,9,1,5,1.6,32595,4,0,1,1,0,12,4
45772989,314,1017,6,498,2017,4,1,5,2,46413,4,0,0,1,0,2,0
45804412,42551,877,4,817,2017,4,1,1,1.7,81070,4,0,1,1,0,14,4
45797561,20266,528,4,387,2014,9,1,1,1.6,138598,4,0,1,1,0,14,4
45694885,14069,1020.57819905213,0,871,2018,4,1,1,2.5,59364,6,2,0,1,0,2,12
45774474,6899,1553.57142857143,6,177,2001,9,1,0,2,100000,4,1,2,1,1,12,10
45802278,16778,862,4,526,2011,7,1,1,2.5,45984,4,0,1,1,0,14,4
45780702,20385,582.788167938931,7,643,2012,3,0,2,1.8,114458,4,3,1,1,0,12,6
45765336,100,872.02838865217,7,824,2003,7,0,5,2,200000,4,0,1,1,1,12,2
45804415,26591,2108,5,572,2009,9,1,5,4.6,132022,4,0,1,1,0,12,4
45808721,2430,919,6,605,2012,4,1,1,3,221312,6,0,0,1,0,2,12
45804528,19707,836,4,817,2010,4,1,1,2,232801,4,0,1,1,0,7,4
43487132,90,1711.27272727273,0,871,2006,4,1,1,3,13000,6,2,0,1,0,1,6
45641382,3450,607,7,268,2019,9,1,2,2.5,9626,4,0,1,1,0,1,12
45540661,16500,585,7,643,2013,3,0,2,1.8,91373,4,0,1,1,0,13,8
45765331,314,2410,6,361,2010,9,1,1,2,274771,8,0,2,1,0,14,12
45785166,14069,1500.5,7,583,2018,4,1,1,3,5292,6,0,0,1,0,14,12
45779824,10349,872.02838865217,7,627,2003,3,0,4,1.8,190400,4,0,1,1,0,12,8
45760292,32929,966.724137931034,0,94,2012,9,1,5,3,152000,6,2,2,1,0,1,8
45779026,11604,2084,2,799,1998,6,0,1,2.5,12345,4,1,2,1,0,14,2
45758625,8467,1338.90845620294,0,15,2004,9,0,5,2.5,190000,6,2,2,1,1,1,2
45797327,7840,2084,2,799,1995,6,0,1,2.5,500000,4,1,2,1,0,11,2
45794824,26030,788.140435835351,4,817,2010,4,1,1,2,61257,4,2,1,1,0,7,10
45809649,13877,585,1,317,2013,9,1,5,1.8,95112,4,0,1,1,0,14,4
45781900,22000,1268.31428571429,4,526,2007,7,1,1,2.5,68000,4,0,2,1,0,15,2
45768830,549,810,4,387,2016,9,1,5,1.8,47422,4,0,1,1,0,1,12
45765586,627,836,7,792,2012,9,1,5,2.7,394069,4,0,2,1,0,1,12
44727768,16308,645,7,643,2011,3,0,2,1.8,174400,4,0,1,1,0,11,6
45763941,39829,1811,5,516,2010,4,1,5,4.6,155821,8,0,0,1,0,1,0
42062222,399,1429.8433516297,6,482,2005,4,1,5,2,111111,8,2,0,1,0,12,8
45813959,549,1053,6,361,2014,1,1,5,3.5,103427,6,0,2,0,0,1,12
45648495,1803,1405,0,871,2009,4,1,1,3,229854,6,0,0,1,0,6,0
45792258,16621,612.4,2,448,2016,3,0,5,1.6,50393,4,0,1,1,0,12,6
45807483,19444,1935,6,722,2016,9,1,5,4.6,67882,8,0,2,1,0,7,12
45814846,314,862,7,268,2011,9,1,5,2.5,211810,4,0,1,1,0,11,12
44588678,5331,2084,2,799,1997,6,0,1,2.5,396672,1,1,2,0,0,14,0
45730768,18817,730,4,387,2016,9,1,5,1.6,32595,4,0,1,1,0,12,4
45768703,1882,746,7,643,2009,9,1,2,1.5,142426,4,0,1,1,0,14,12
45621106,54255,1249,7,690,2017,4,1,5,2.5,25000,4,0,0,1,0,7,8
45815121,470,1249,7,268,2017,9,1,5,2.5,70232,4,0,1,1,0,14,12
45768168,23521,1058,7,535,2012,4,1,5,3.5,140966,6,0,0,1,0,1,12
45798518,12544,888.488372093023,7,643,2007,3,1,5,1.5,0,4,3,1,1,0,14,12
45731492,18669,862,4,526,2011,7,1,1,2.5,52686,4,0,1,1,0,12,4
45313305,19757,639,0,50,2014,9,1,5,2,128784,4,0,2,1,0,1,12
45797693,11604,1429.8433516297,6,597,2001,4,1,1,2.7,294000,5,2,0,1,1,12,6
45796981,14069,1325,4,526,2019,7,1,1,2.5,21442,4,0,1,1,0,14,4
45715279,11917,598.5,4,827,2013,1,1,5,1.6,113000,4,0,1,0,0,1,6
45638161,2822,382,2,465,2015,9,1,2,2,100747,4,0,1,1,0,6,0
45757715,4234,1202,4,733,2017,4,1,5,2.4,69757,4,0,1,1,0,7,12
45655960,314,586,7,643,2012,3,1,2,1.8,418667,4,0,1,1,0,14,12
45689297,15681,586,7,643,2012,9,0,5,1.8,139200,4,3,1,1,0,14,12
45650000,3607,781,7,268,2012,9,1,2,2.5,156518,4,0,1,1,0,14,12
45803068,55515,1079,4,733,2018,4,1,1,2,102934,4,0,1,1,0,14,4
45715296,24148,455.705882352941,7,651,2014,3,0,2,1.5,80000,4,0,1,1,0,7,10
45792026,3000,862,0,73,1988,9,0,5,2,222222,6,1,2,1,0,1,1
45774495,12800,1533.25,2,799,2001,6,0,1,2,0,4,1,1,0,0,14,2
45655638,392,761,7,643,2010,3,1,2,1.8,267165,4,0,1,1,0,14,12
45808864,56340,1053,2,421,2014,4,1,5,3.5,88033,4,0,1,1,0,14,4
45797218,36567,1091,4,526,2016,7,1,1,2.5,104112,4,0,1,1,0,14,4
45656690,4861,308,3,293,2015,9,1,2,1.5,49272,4,0,1,1,0,2,0
45782213,12074,986,1,620,2010,9,0,5,2.4,304000,4,0,1,1,0,14,10
45776855,14113,826.666666666667,0,867,2005,4,1,5,3,288000,6,0,0,1,0,12,10
45808988,53787,1055,2,421,2013,4,1,5,3.5,113000,4,0,1,1,0,1,4
45805506,12800,584,7,568,2014,3,0,5,1.8,127800,4,0,1,1,0,2,8
45798352,11290,1711.27272727273,0,871,2000,4,1,5,4.4,217000,8,2,0,1,0,1,12
45772080,392,1017,6,355,2017,9,1,5,2,1600,4,0,2,1,0,1,12
45798280,13172,1026.00733117836,3,386,2006,10,1,1,2.2,300000,4,1,1,1,0,12,0
45803096,73633,1176,4,733,2019,4,1,1,2.2,15936,4,0,1,1,0,7,4
45793743,7213,966,1,289,2009,4,1,1,2,45228,4,0,1,1,0,14,4
45651071,392,781,7,268,2012,9,1,2,2.5,314373,4,0,1,1,0,7,12
45800165,45473,826.8,6,837,2014,7,1,1,2.2,287000,6,0,1,1,0,0,12
45761589,8781,1527,6,174,1998,9,0,5,1.8,0,4,1,2,1,0,12,2
45805009,13962,836,4,817,2010,4,1,1,2,122222,4,0,1,1,0,12,4
45815399,251,345,7,643,2016,3,1,2,1.5,296104,4,0,1,1,0,1,12
45525156,549,1077,7,220,2019,4,1,5,2,39221,4,0,1,1,0,7,12
45761937,53314,915,0,94,2014,9,1,5,3,81000,6,2,0,1,0,12,14
45810932,220,761,7,643,2010,3,1,2,1.8,197275,4,0,1,1,0,7,12
45127994,56450,917,6,605,2013,4,0,1,3,10000,6,2,0,1,0,14,12
45798149,10635,893,4,387,2008,9,1,1,1.6,209973,4,0,1,1,0,12,4
45660577,8154,1750,5,696,2008,4,1,2,3.3,224629,6,0,0,1,0,12,12
45788397,8500,862,4,523,2006,3,0,1,1.5,199973,4,1,1,1,1,12,6
45770806,43905,1478,0,107,2013,9,1,5,4.4,55000,8,2,2,1,0,1,12
45656923,9879,1018,6,605,2011,4,1,1,3,275862,6,0,0,1,0,12,12
45804672,28755,770,4,817,2016,4,1,1,1.7,141000,4,0,1,1,0,7,4
45795828,15053,792.627815866797,4,748,2011,9,1,5,2.4,174400,4,0,1,1,0,1,0
45649049,43592,1714,6,502,2017,4,1,5,3.5,39814,6,0,2,1,0,1,0
45807612,2000,862,2,421,2001,4,0,5,4,0,6,0,0,1,0,11,2
45816312,4391,917,0,871,2013,4,1,5,3,69754,6,0,0,1,0,1,12
45733011,15681,891,4,748,2016,9,1,4,2,305511,4,0,1,1,0,12,4
43726728,14426,1018,0,50,2011,9,1,5,3,107000,6,2,0,1,0,7,8
45813097,21953,781,7,268,2012,9,1,5,2.5,12000,4,2,1,1,0,0,12
45769334,4861,1324,7,535,2010,4,1,2,3.3,264877,6,0,0,1,0,14,12
45772365,46728,1811,5,516,2010,4,1,5,4.6,260771,8,0,0,1,0,1,0
45771994,1882,1053,6,361,2014,9,1,5,3.5,146395,6,0,2,1,0,7,12
45292649,13485,843,7,643,2008,9,0,2,1.5,112500,4,0,1,1,0,6,6
45816335,8154,308,7,643,2015,3,1,2,1.5,127789,4,0,1,1,0,7,12
45799862,14740,431,2,214,2016,3,0,2,2,12000,4,0,1,1,0,4,12
45782216,21326,640,2,214,2013,3,0,2,2,142000,4,0,1,1,0,14,6
45802894,37125,640,4,733,2013,4,1,1,2,146740,4,0,1,1,0,7,4
45752499,2901,697,7,298,2015,9,1,5,1.8,84882,4,0,1,1,0,14,12
45755558,470,738,1,10,2017,4,1,5,1.4,145896,4,0,1,1,0,14,12
45458972,31358,1338.90845620294,0,101,2010,9,1,5,3,198000,6,2,0,1,0,7,12
45757847,12858,779,2,465,2013,9,0,5,2.5,143632,4,0,1,1,0,14,0
45802548,14069,1176,4,733,2019,7,1,1,2.2,17632,4,0,1,1,0,14,4
45809892,14856,639,1,317,2014,9,1,1,2,123850,4,0,1,1,0,2,4
45806575,188,585,7,643,2013,3,1,2,1.8,321616,4,0,1,1,0,11,12
45779842,21326,582.788167938931,7,643,2013,9,0,2,1.8,136600,4,0,1,1,0,14,8
45518056,13015,585,7,671,2013,3,0,6,1.8,120681,4,0,1,1,0,14,8
45755085,5959,1249,7,268,2017,9,1,5,2.5,60117,4,0,1,1,0,14,12
45810459,13962,642,1,639,2012,4,1,1,2,242409,4,0,1,1,0,7,4
45802992,19008,836,4,733,2010,4,1,1,2,229398,4,0,1,1,0,1,4
45762311,30000,697,6,837,2012,7,0,1,2.2,170000,4,0,2,1,0,1,4
45802844,14069,1076,4,733,2020,4,1,1,2,4654,4,0,1,1,0,12,4
45813070,282,749,4,748,2014,9,1,5,2.4,173925,4,0,1,1,0,12,12
45648309,1098,394,7,268,2014,9,1,2,2.5,398069,4,0,1,1,0,1,12
45026582,24462,831,2,473,2018,9,1,5,1.5,7368,4,0,1,1,0,14,8
45802802,15521,836,4,733,2010,4,1,1,2,50510,4,0,1,1,0,12,4
45809039,14069,1058,2,424,2012,9,1,5,3.5,42187,4,0,1,1,0,1,4
45770930,9879,1018,6,361,2011,9,1,1,3,273186,6,0,2,1,0,14,12
45781898,8467,1515,6,184,2002,1,1,5,2.3,208000,4,2,2,0,0,12,8
45745797,21639,1711.27272727273,0,871,2008,4,1,5,2,200000,8,2,0,1,0,7,8
45816281,251,1451,0,871,2011,4,1,5,4.4,143678,8,0,0,1,0,1,12
45770029,6272,2297,6,507,2016,4,1,5,2,17584,8,0,0,1,0,1,0
45809872,60831,831,3,293,2018,9,1,5,1.5,17992,4,0,1,1,0,2,4
45802999,38063,639,4,733,2014,4,1,1,2,131690,4,0,1,1,0,7,4
45653402,14740,761,7,643,2010,9,0,5,1.8,10100,4,3,1,1,0,14,6
45802616,14113,707,4,733,2011,4,1,1,2,56557,4,0,1,1,0,12,4
45804874,46414,694,7,681,2014,4,1,1,2.2,164000,4,0,0,1,0,7,12
44123741,43905,1329.79585953434,5,555,2008,9,1,5,2,101000,8,2,2,1,0,7,12
45813953,627,1273,5,694,2015,4,1,5,3.5,121315,6,0,0,1,0,1,0
45809791,11563,645,1,317,2011,9,1,5,1.8,177309,4,0,1,1,0,14,4
45786832,7527,1527,6,174,1997,9,0,5,1.8,312000,4,1,2,1,0,12,6
45720610,14113,761,7,643,2010,3,0,2,1.8,252800,4,3,1,1,0,14,6
45803490,9252,765,4,748,2015,9,1,4,2,128965,4,0,1,1,0,8,4
45808615,1019,1077,0,867,2019,9,1,5,2,33870,4,0,2,1,0,14,12
45794025,51589,940.695652173913,7,680,2016,4,0,5,2.5,25000,4,2,1,1,0,12,10
45788768,21012,463,7,643,2018,9,0,2,1.8,206794,4,0,1,1,0,7,10
45809672,30906,502,7,145,2013,3,1,5,1.5,107000,4,0,1,1,0,15,4
45766585,12388,1399,6,361,2010,9,1,1,3.5,189530,6,0,0,1,0,1,12
45732728,6586,765,4,748,2015,9,1,4,2,505900,4,0,1,1,0,8,4
44675587,43592,966.724137931034,0,94,2012,9,1,5,3,92000,6,2,2,1,0,14,8
45765634,15994,1172,6,361,2011,1,1,1,3.5,170429,6,0,2,0,0,12,12
45801507,21075,730,4,387,2016,9,1,4,1.6,126199,4,0,1,1,0,14,4
45794703,18801,308,7,643,2014,3,0,2,1.8,106000,4,3,1,1,0,7,0
45732698,15681,891,4,748,2016,9,1,4,2,256768,4,0,1,1,0,12,4
45815496,22894,1360,5,572,2013,9,1,5,4.6,154258,8,0,0,1,0,14,12
45796800,22433,1185,4,526,2009,7,1,1,2.5,50653,4,0,1,1,0,12,4
45804096,45542,1017,4,817,2017,4,1,1,2,104918,4,0,1,1,0,14,4
45649036,784,394,7,268,2014,9,1,2,2.5,102397,4,0,1,1,0,1,12
45782059,34497,1266.6,2,630,2015,1,1,5,2.3,48000,4,2,2,0,0,1,8
45764058,10976,1429.8433516297,6,137,2005,9,0,5,1.7,142000,4,2,1,1,0,14,8
45806352,1882,586,7,643,2012,3,1,2,1.8,215810,4,0,1,1,0,12,12
45756737,1254,966,4,387,2009,9,1,5,2,268227,4,0,1,1,0,1,12
45805731,16621,798.697674418605,0,50,2010,9,1,5,2.8,160000,6,2,0,1,0,14,8
45788697,11917,761,7,643,2010,3,1,2,1.8,162000,6,0,1,1,0,14,6
45760184,39201,1811,5,516,2010,4,1,5,4.6,155821,8,0,0,1,0,1,0
45762960,5645,1324,7,535,2010,4,1,2,3.3,345405,6,0,0,1,0,12,12
45768430,4861,1324,7,535,2010,4,1,2,3.3,264877,6,0,0,1,0,14,12
45802287,44843,1249,4,526,2017,10,1,1,2.5,105743,4,0,1,1,0,14,4
45773959,26657,1662.33333333333,0,57,2007,9,1,5,3,0,6,1,2,0,0,2,8
45810607,9543,426,1,768,2015,3,1,5,1,101512,4,0,1,1,0,7,4
45807384,34184,915,6,605,2014,4,1,1,3,238448,6,0,0,1,0,14,12
45803040,37730,891,4,733,2016,4,1,1,2,161052,4,0,1,1,0,14,4
45387435,26657,1017,4,387,2017,9,0,5,2,32000,4,2,1,1,0,1,6
45801252,18817,598.5,4,827,2012,3,1,5,1.6,122000,4,2,1,0,0,12,8
45798448,17249,792.627815866797,4,748,2012,9,0,5,2.4,86000,6,0,1,2,0,7,0
45808747,10349,939.882352941176,7,849,2005,9,0,5,1.3,180000,4,0,1,1,1,1,4
45749565,30,1599.33333333333,3,425,2003,3,0,5,1.3,0,4,0,1,1,1,12,4
45707590,12858,749.991967871486,7,145,2012,3,0,2,1.5,139000,4,0,1,1,1,12,6
45802368,16778,1024,4,526,2010,7,1,1,2.5,55857,4,0,1,1,0,14,4
45687874,6896,1429.8433516297,6,826,2005,7,0,4,1.9,189000,4,2,1,2,0,1,6
45732655,16935,1017,4,748,2017,9,1,4,2,238025,4,0,1,1,0,14,4
45775910,37633,642,0,84,2012,9,1,5,2,144000,4,0,2,1,0,14,6
45813726,20385,1018,6,678,2011,4,1,1,3,85294,6,0,0,1,0,1,12
45803946,56371,880,4,817,2018,4,1,5,1.6,32130,4,0,1,1,0,7,4
45158160,24775,704.859649122807,2,452,2017,9,0,5,1.5,2700,4,0,1,1,0,7,6
45695948,29479,587.148148148148,6,191,2013,9,1,5,1.8,134000,4,2,2,1,0,1,12
45815965,1490,900,4,748,2015,9,1,5,2.4,176688,4,0,1,1,0,1,12
45794586,7840,1599.33333333333,3,425,2005,3,0,5,1.3,160250,4,3,1,1,1,1,5
45729647,3450,333,2,465,2014,9,1,2,2,135451,4,0,1,1,0,7,12
45732148,23408,836,4,733,2010,4,1,1,2,151000,4,0,1,1,0,14,4
45804785,29006,891,4,817,2016,4,1,1,2,18071,4,0,1,1,0,14,4
45733194,11770,707,4,748,2011,9,1,5,2,56554,4,0,1,1,0,1,4
45465314,470,1077,7,220,2019,4,1,5,2,19834,4,0,1,1,0,12,12
45767416,862,259,1,853,2014,4,1,2,1.4,133195,4,0,1,1,0,1,0
45711842,12544,1515,6,184,2006,9,1,5,2.4,250000,6,0,2,1,0,7,4
45733211,9252,765,4,748,2015,9,1,4,2,128965,4,0,1,1,0,8,4
45656645,188,645,7,643,2011,3,1,2,1.8,197328,4,0,1,1,0,14,12
45729987,26149,629,4,387,2015,9,1,1,1.6,80377,4,0,1,1,0,7,4
39864330,10506,382,4,748,2014,9,1,2,2.4,89000,4,0,1,1,0,12,10
45803344,8467,639,4,748,2014,9,1,4,2,128965,4,0,1,1,0,8,4
45810561,19416,642,1,639,2012,4,1,1,2,152587,4,0,1,1,0,7,4
45771490,862,2455,5,517,2008,4,1,5,2,263190,8,0,0,1,0,14,0
45769422,1725,584,4,387,2014,9,1,5,1.8,107155,4,0,1,1,0,1,12
45757543,14897,585,7,643,2013,3,0,2,1.8,0,4,0,1,1,0,2,0
45474608,43592,1249,7,680,2017,4,0,5,2.5,11000,6,2,0,1,0,7,6
45816067,3136,1079,4,387,2018,9,1,5,2,30333,4,0,1,1,0,7,12
45782039,6899,1841,6,335,2000,9,0,1,2.2,320000,4,1,2,1,0,12,4
45781678,12544,988,7,643,2007,3,1,2,1.5,193000,4,0,1,1,0,2,0
45769883,706,1850,6,361,2008,9,1,1,3.5,122874,6,0,2,1,0,1,12
45771544,13485,704.859649122807,2,452,2012,9,1,5,2,117000,4,2,1,1,0,7,12
45816497,22580,584,7,669,2014,3,1,5,1.8,135000,4,3,1,1,0,14,7
45787023,16621,1451.8,7,680,2005,3,0,5,2.4,273094,4,0,1,1,0,7,4
45757330,392,1514,5,517,2011,9,1,5,4.6,202048,8,0,0,1,0,14,0
45815460,3293,1273,5,694,2015,4,1,5,3.5,71939,6,0,0,1,0,1,12
45795588,10036,1268,7,145,2012,9,0,2,1.5,13000,4,0,1,1,1,12,0
45797110,36899,1091,4,526,2016,7,1,1,2.5,119098,4,0,1,1,0,12,4
45731099,30517,777,4,526,2014,7,1,1,2.5,151854,4,0,1,1,0,7,4
45774476,7840,1429.8433516297,6,240,1998,1,1,0,3.2,111111,6,0,2,0,0,1,2
45764526,470,1399,6,361,2010,9,1,1,3.5,229904,6,0,0,1,0,1,12
45779428,16935,1211,0,871,2010,4,1,5,3,17000,6,2,0,1,0,1,10
45763927,69935,1646,5,517,2015,4,1,5,4.6,273493,8,0,0,1,0,12,0
45799681,17876,585,4,387,2013,9,1,5,1.8,117000,4,2,1,1,0,1,12
45801409,13877,475,4,138,2012,9,1,5,1.4,108931,4,0,1,1,0,12,4
45793478,4077,1282,1,289,2007,4,1,1,2,55790,4,0,1,1,0,1,4
45801480,14454,583,4,387,2011,9,1,5,1.6,140000,4,0,1,1,0,12,4
45812406,14113,2078,0,46,2009,9,0,5,3,180000,6,2,2,1,0,2,6
45816133,43905,966.724137931034,0,94,2012,9,1,5,3,0,6,2,2,1,0,3,12
45804265,24709,707,4,817,2011,4,1,1,2,155000,4,0,1,1,0,14,4
42437541,47042,1413.73333333333,1,264,2011,9,1,5,3.6,127000,6,0,2,0,0,11,0
45781594,10663,1451.8,7,680,2001,4,1,5,2,216000,4,1,0,1,1,12,6
45794066,21953,1429.8433516297,6,709,2007,9,1,1,3,220000,6,2,2,1,0,1,12
44788137,14113,2084,2,799,1998,6,0,1,2.5,222000,4,1,2,1,0,14,0
45800763,14113,888.488372093023,7,643,2008,9,1,5,1.5,150000,4,0,1,1,0,2,8
45795528,19601,455.705882352941,7,651,2012,3,0,2,1.5,68000,4,0,1,1,0,7,9
45732168,43128,891,4,733,2016,4,1,1,2,116365,4,0,1,1,0,1,4
45783959,18817,1588,7,542,2004,8,0,1,2.5,0,4,1,0,1,0,14,0
45803965,64823,1079,4,817,2018,4,1,1,2,29545,4,0,1,1,0,1,4
45658655,4077,1363,5,516,2012,9,1,5,4.6,150909,8,0,0,1,0,1,0
45479787,11200,1338.90845620294,0,78,2005,9,1,5,3,246000,4,0,2,1,0,1,6
45709429,48610,1058,7,535,2012,4,1,2,3.5,178000,6,0,0,1,0,1,0
45766658,282,2455,5,517,2008,4,1,5,2,218126,8,0,0,1,0,1,0
45809317,23082,502,3,425,2013,3,1,2,1.5,87000,4,0,1,1,0,14,4
45804666,20171,707,4,817,2011,4,1,1,2,191668,4,0,1,1,0,1,4
45816542,5645,1338.90845620294,0,78,1996,9,0,0,2.5,0,6,1,2,1,0,13,2
45789885,14113,1338.90845620294,0,78,2004,9,1,0,2.5,174000,6,2,2,1,1,12,12
45681629,15994,862,3,405,2006,7,0,0,3,122439,6,0,1,1,1,12,10
45797180,26017,831,4,387,2017,9,1,5,1.6,107220,4,0,1,1,0,14,4
45769516,2430,1598,6,361,2008,9,1,1,3,175614,6,0,2,1,0,1,12
45802314,38609,1091,4,526,2016,10,1,1,2.5,121000,4,0,1,1,0,14,4
45803253,10349,639,4,748,2014,9,1,4,2,430149,4,0,1,1,0,14,4
45809635,17844,502,7,145,2013,3,1,5,1.5,88300,4,0,1,1,0,11,4
45652690,1646,640,2,465,2013,9,1,2,2,174619,4,0,1,1,0,7,0
45788400,24462,1684.925,6,361,2008,9,1,5,3.5,142000,6,2,0,1,0,14,12
45202115,14069,1429.8433516297,6,249,2015,9,1,5,3,99000,6,2,0,1,0,1,12
45543498,40,582.788167938931,7,643,2014,3,0,2,1.8,105000,4,0,1,1,0,14,0
45776515,10492,888.488372093023,7,643,2008,3,0,2,1.5,278000,4,0,1,1,1,12,6
45770900,40769,1695.28571428571,6,251,2007,9,1,5,2,136851,8,2,2,1,0,1,8
43877204,10976,1268,7,145,2012,3,0,2,1.5,0,4,3,1,1,1,1,2
45812686,6586,1685,6,177,1998,10,1,0,2,111111,4,1,2,1,0,2,4
45816479,10036,1429.8433516297,6,137,2005,3,1,5,2,123456,4,2,1,1,0,12,6
45808848,14069,1228,2,421,2018,4,1,5,2.3,25947,4,0,1,1,0,14,4
45755144,17562,934,2,467,2015,9,0,5,2.5,195200,4,2,1,1,0,6,8
45173939,18033,755.375,3,293,2012,9,1,2,1.5,202000,4,3,1,1,0,14,4
45767439,1725,1324,7,535,2010,9,1,2,3.3,226198,6,0,0,1,0,6,12
45728816,9408,777,7,268,2014,9,1,5,2.5,128000,4,2,1,1,0,1,0
45770826,18817,779,7,268,2013,9,1,5,2.5,86400,5,2,1,1,0,7,14
45796366,53314,915,0,94,2014,9,1,5,3,99200,6,2,2,1,0,7,12
45815829,26657,830,2,409,2019,4,0,5,1.5,74000,8,2,1,1,0,7,9
45802039,15822,836,4,522,2010,1,1,5,2,81384,4,0,1,1,0,14,4
45809825,22715,503,7,145,2012,3,1,5,1.5,40740,4,0,1,1,0,1,4
45718004,25,582.788167938931,7,643,2013,3,0,4,1.8,176000,4,3,1,1,0,14,4
45788305,15681,645,4,387,2011,9,0,5,1.8,276800,1,2,1,1,0,12,5
45806987,1333,586,7,643,2012,3,1,2,1.8,106280,4,0,1,1,0,14,12
45801637,19707,531,4,387,2012,9,1,5,1.6,123000,4,0,1,1,0,12,4
45797250,16480,528,4,387,2014,9,1,5,1.6,140765,4,0,1,1,0,12,4
45806600,5488,308,7,643,2014,3,1,2,1.8,339710,4,0,1,1,0,14,12
45802773,15053,911,4,733,2010,4,1,1,2.2,70338,4,0,1,1,0,12,4
45769075,56136,1017,6,355,2017,9,1,5,2,50963,4,0,2,1,0,1,12
45651196,1646,1292,6,502,2016,4,1,5,3,59099,6,0,0,1,0,14,0
45768846,21326,891,6,227,2016,9,1,5,2,34058,4,0,1,1,0,14,12
45765236,31047,1053,6,361,2014,9,1,1,3.5,132349,6,0,0,1,0,7,12
45732984,7809,891,4,748,2016,9,1,4,2,503800,4,0,1,1,0,8,4
45786015,7213,1599.33333333333,3,425,2003,3,0,5,1.5,240000,4,2,1,1,1,2,0
45757531,12231,87,7,643,2010,3,0,2,0,0,4,0,1,1,0,5,0
45521388,42337,1269,0,891,2008,4,1,5,3,160350,6,2,0,1,0,1,16
45810538,21768,642,1,639,2012,4,1,1,2,153561,4,0,1,1,0,7,4
45764699,19130,1194,7,792,2013,9,1,5,4,57554,6,0,0,1,0,12,12
45656790,314,586,7,643,2012,3,1,2,1.8,418667,4,0,1,1,0,14,12
45700530,13172,1185,2,409,2009,4,1,2,2.5,164600,4,0,1,1,0,7,10
45016133,40,1599.33333333333,3,425,2005,3,0,5,1.3,143000,4,3,1,1,1,11,2
45733371,9722,765,4,748,2015,9,1,4,2,486563,4,0,1,1,0,8,4
42836676,51746,1338.90845620294,0,113,2012,9,1,5,3,190000,6,2,2,1,0,7,12
45064922,18817,2467,0,56,2007,0,1,5,3,143000,6,2,2,0,0,1,8
45793523,5645,1288,1,289,2007,4,1,1,2,48524,4,0,1,1,0,0,4
45792611,13799,1090.33333333333,2,805,2004,2,0,1,1.8,223000,4,1,1,0,0,12,2
45768196,627,586,5,258,2012,3,1,2,1.8,192683,4,0,1,1,0,14,0
45536827,21326,779,7,268,2013,9,0,5,2.5,204800,4,0,1,1,0,6,0
45646491,10192,456,5,381,2015,9,1,2,2.5,40386,4,0,1,1,0,14,12
43973837,18000,2670,3,405,2010,7,0,5,2.4,134000,4,0,1,1,1,12,2
45809898,13987,642,1,317,2012,9,1,1,2,180000,4,0,1,1,0,14,4
45768499,13172,474,1,317,2013,9,0,5,1.4,147000,4,2,1,1,0,4,10
45810540,21739,639,1,639,2014,4,1,1,2,177103,4,0,1,1,0,14,4
45647039,862,1481,0,871,2017,4,1,5,3,0,6,0,0,1,0,1,12
45751249,3058,639,2,465,2014,9,1,5,2,151411,4,0,1,1,0,1,12
45766740,9095,939.882352941176,7,849,2010,9,0,5,1,18000,3,3,1,1,1,12,12
45797678,18660,862,4,526,2011,7,1,1,2.5,55248,4,0,1,1,0,1,4
45803284,10663,765,4,748,2015,9,1,4,2,310886,4,0,1,1,0,12,4
45651894,314,1399,5,701,2010,4,1,2,3.5,382746,6,0,0,1,0,12,12
45113266,20071,582.788167938931,7,643,2013,3,0,5,1.8,56000,4,2,1,1,0,7,12
45732332,48955,765,4,733,2015,4,1,1,2,80000,4,0,1,1,0,1,4
45262480,16465,765,4,396,2015,9,1,5,2,35167,4,0,1,1,0,11,8
45798097,12287,1047,4,387,2007,9,1,1,1.6,128965,4,0,1,1,0,12,4
45804447,40556,877,4,817,2017,4,1,1,1.7,82430,4,0,1,1,0,7,4
45395932,14113,536.5,3,255,2013,1,0,2,1.5,90000,4,1,1,0,0,1,4
45802187,34406,777,4,526,2014,7,1,1,2.5,119884,4,0,1,1,0,7,4
45733609,52959,1079,4,748,2018,9,1,5,2,48605,4,0,1,1,0,7,4
45803644,17747,642,4,817,2012,4,1,1,2,225117,4,0,1,1,0,1,4
45788246,17249,585,4,387,2013,9,0,5,1.8,92800,4,0,1,1,0,2,0
45769247,39829,1811,5,516,2010,4,1,5,4.6,155821,8,0,0,1,0,1,0
45657065,7840,1429.8433516297,6,230,2000,1,0,0,2,145000,4,2,2,0,1,14,4
45797320,8320,1047,4,387,2007,9,1,5,1.6,149691,4,0,1,1,0,12,4
45776097,11917,741.884259259259,3,425,2012,3,1,2,1.3,13000,4,0,1,1,1,3,2
45794181,48610,1429.8433516297,6,490,2011,4,1,1,3,147500,6,2,0,1,0,14,12
45803527,7119,836,4,748,2010,9,1,4,2,81248,4,0,1,1,0,14,4
45805839,5331,1429.8433516297,6,132,1998,3,0,5,1.6,204000,1,2,1,1,0,7,6
45789833,13000,1533.25,2,799,2000,6,0,1,2.4,250000,4,1,2,1,0,14,1
45809038,24283,639,1,289,2014,4,1,1,2,146644,4,0,1,1,0,14,4
45801753,17484,583,4,387,2011,9,1,5,1.6,103453,4,0,1,1,0,14,4
44012611,3800,1429.8433516297,6,357,2000,9,1,1,3.2,1000,6,2,2,1,0,12,6
45760720,4077,474,1,853,2013,3,1,2,1.4,196590,4,0,1,1,0,12,12
45656324,1176,753,4,748,2012,9,1,2,2.4,0,4,0,1,1,0,11,0
45795705,157,749.991967871486,7,145,2012,3,1,2,1.5,128000,4,0,1,1,1,12,4
45812989,5018,585,4,387,2013,9,1,5,1.8,294034,4,0,1,1,0,1,12
45801341,47042,1273,0,94,2015,9,1,5,3.5,59200,6,2,2,1,0,1,10
45115210,15053,640,2,214,2013,9,1,2,2,173000,4,0,1,1,0,12,8
44946166,13172,587.673913043478,4,138,2011,9,0,5,1.6,109000,4,2,1,1,0,12,4
45776823,100,792.627815866797,4,748,2012,9,0,2,2.4,86000,4,2,1,1,0,14,10
45759107,6272,1360,5,517,2013,4,1,5,4.6,202651,8,0,0,1,0,1,0
45801771,16894,687,4,387,2010,9,1,5,1.6,71202,4,0,1,1,0,12,4
45803732,30151,765,4,817,2015,4,1,1,2,143278,4,0,1,1,0,7,4
45802830,53154,891,4,733,2016,4,1,1,2,94259,4,0,1,1,0,1,4
45792917,7840,862,6,188,1997,10,0,0,2.4,280000,6,1,2,1,0,12,4
43264187,21953,1478,0,107,2012,9,1,5,4.4,0,8,2,2,1,0,1,6
45813974,14069,1935,6,722,2016,9,1,5,4.6,27573,8,0,0,1,0,12,12
45770128,16621,1172,6,361,2011,9,1,1,3.5,119379,6,0,0,1,0,12,12
45721331,21009,986,2,799,2010,2,0,1,2.4,198000,4,1,2,1,0,14,2
45796970,24305,757.14552238806,7,268,2012,9,1,5,3.5,246400,6,0,1,1,0,1,8
45803243,15681,891,4,748,2016,9,1,4,2,317106,4,0,1,1,0,12,4
45771489,15681,1811,5,516,2010,4,1,5,4.6,275240,8,0,0,1,0,12,0
45768501,157,784,1,620,2017,9,1,5,1.5,0,4,0,1,1,0,11,12
45813335,12231,1399,5,701,2010,4,1,2,3.5,413474,6,0,1,1,0,2,12
45760103,1490,586,5,258,2012,3,1,2,1.8,174106,4,0,1,1,0,14,0
45654183,15681,1811,5,516,2010,4,1,5,4.6,275240,8,0,0,1,0,12,0
45732745,10663,765,4,748,2015,9,1,4,2,310886,4,0,1,1,0,12,4
45798084,20385,582.788167938931,7,643,2012,9,0,5,1.8,190000,4,0,1,1,0,2,8
45813082,17876,583,4,827,2011,3,1,5,1.6,55000,4,2,1,1,0,1,12
45806879,627,418,1,768,2014,3,1,5,1.2,131312,4,0,1,1,0,2,12
45806564,10036,879,4,138,2019,9,1,5,1.6,4621,4,0,1,1,0,7,12
45096153,15994,1024,7,268,2010,9,0,5,2.5,121000,4,2,1,1,0,12,12
45475626,64290,1694,7,70,2016,4,1,5,4,48000,6,0,0,1,0,1,6
42733908,199,1500.5,7,583,2016,4,1,1,3,85000,6,0,0,1,0,1,12
45804679,36730,770,4,817,2016,4,1,1,1.7,113006,4,0,1,1,0,12,4
45770116,14069,1935,5,516,2016,4,1,5,4.6,155976,8,0,0,1,0,14,0
45810271,25744,891,1,620,2016,9,1,5,2,113509,4,0,1,1,0,14,4
45732702,11604,639,4,748,2014,9,1,4,2,312690,4,0,1,1,0,12,4
45733718,50018,1017,4,748,2017,9,1,5,2,19080,4,0,1,1,0,7,4
45768853,3763,584,4,387,2014,9,1,5,1.8,110685,4,0,1,1,0,14,12
45813074,627,810,4,387,2016,9,1,5,1.8,72629,4,0,1,1,0,1,12
45815247,31675,2297,6,484,2016,4,1,5,2,39325,8,0,0,1,0,1,12
45769510,1882,1053,6,361,2014,9,1,5,3.5,146395,6,0,2,1,0,7,12
44271999,10349,1429.8433516297,6,331,1999,9,0,5,2,280000,4,1,2,1,0,1,6
45642015,18817,609,7,268,2018,9,1,2,2.5,35058,4,0,1,1,0,14,12
45793381,23521,1195,6,182,2008,10,0,1,2.2,177000,4,2,2,1,0,14,12
45767333,2666,521,1,853,2011,3,1,2,1.4,288778,4,0,1,1,0,1,0
45765383,470,353,5,258,2015,3,1,2,1.8,115347,4,0,1,1,0,7,0
45804432,22649,836,4,817,2010,4,1,1,2,151281,4,0,1,1,0,7,4
45803627,13015,1024,4,526,2010,7,1,1,2.5,73401,4,0,1,1,0,12,4
45803163,66485,1076,4,748,2020,9,1,4,2,13460,4,0,1,1,0,14,4
45571929,51746,668,6,345,2013,9,0,1,2.1,45432,4,2,0,1,0,1,0
45812906,25089,1017,4,387,2017,9,0,5,2,23000,4,2,2,1,0,7,8
45792262,21953,582.788167938931,7,643,2012,3,0,4,1.8,24000,4,3,1,1,0,14,8
45795294,21953,308,7,643,2014,9,1,2,1.8,87000,4,0,1,1,0,14,10
45624822,8624,175,7,849,2011,3,0,5,0.1,0,3,0,1,1,1,1,2
45808883,17346,528,1,162,2014,3,1,5,1.6,74422,4,0,1,1,0,7,4
45810179,8311,790,1,575,2009,9,1,5,1.6,52472,4,0,1,1,0,1,4
45791751,35752,1391,6,492,2012,4,1,5,2,155313,8,0,0,1,0,1,12
45182308,25089,650,1,317,2016,9,1,5,1.4,29000,4,2,1,1,0,4,12
45809372,24512,595,3,425,2015,3,1,5,1.5,111649,4,0,1,1,0,1,4
45653766,5018,1399,5,701,2010,4,1,2,3.5,167222,6,0,0,1,0,1,12
45760563,220,1185,2,409,2009,4,1,2,2.5,193614,4,0,1,1,0,14,0
45764473,13642,1172,6,361,2011,9,1,1,3.5,64496,6,0,0,1,0,2,12
45572015,10663,1266,3,425,2014,9,0,2,1.5,115000,4,0,1,1,1,12,2
45772626,9565,1058,7,535,2012,9,1,5,3.5,285186,6,0,1,1,0,7,12
45732851,10036,639,4,748,2014,9,1,4,2,362454,4,0,1,1,0,12,4
45805852,11917,1855,3,787,2005,7,0,5,2.4,136800,4,0,0,1,1,1,2
43642888,26343,934,7,274,2015,9,1,5,2.5,47128,4,0,1,1,0,1,8
45797689,19757,1024,4,526,2010,4,1,1,2.5,115028,4,0,1,1,0,12,4
45803487,8467,639,4,748,2014,9,1,4,2,128965,4,0,1,1,0,8,4
45648999,392,779,7,268,2013,9,1,2,2.5,232032,4,0,1,1,0,12,12
45778674,30420,1020.57819905213,0,871,2012,4,1,1,3,198211,6,2,0,1,0,7,12
45813164,392,1024,2,465,2010,9,1,2,2.5,46837,4,0,1,1,0,12,12
45786898,13485,1841,6,347,2003,9,0,1,2.7,245000,6,0,2,1,0,12,4
45790825,19130,455.705882352941,7,651,2012,9,1,2,1.5,254400,4,0,1,1,0,12,12
45763791,862,2455,5,517,2008,4,1,5,2,263190,8,0,0,1,0,14,0
41218146,40,1599.33333333333,3,425,2003,3,0,5,1.3,140000,4,0,1,1,1,7,0
45803533,9722,765,4,748,2015,9,1,4,2,128965,4,0,1,1,0,8,4
45769418,549,810,4,387,2016,9,1,5,1.8,47422,4,0,1,1,0,1,12
45760913,21953,397,7,643,2016,3,1,2,1.8,48738,4,0,1,1,0,14,12
45748721,30,1599.33333333333,3,425,2005,3,0,5,1.3,0,4,0,1,1,1,12,4
45733426,69502,1079,4,748,2018,9,1,5,2,24000,4,0,1,1,0,14,4
45732840,10036,639,4,748,2014,9,1,4,2,486631,4,0,1,1,0,12,4
45186690,100,757.14552238806,7,268,2014,9,1,5,2.5,4000,6,0,0,1,0,1,6
44395215,28600,1269,0,891,2011,4,1,5,4.4,1000,8,2,0,1,0,1,8
45762352,3607,1172,7,740,2011,9,1,5,3.5,181722,6,0,0,1,0,1,12
45796989,10349,1236,3,434,2011,3,0,2,1.3,125000,4,0,1,1,1,14,2
45211794,15994,1051,4,748,2016,9,0,5,2.4,93000,4,0,1,1,0,14,12
45644790,9879,1058,7,535,2012,4,1,2,3.5,157211,6,0,0,1,0,14,12
45802919,42052,891,4,733,2016,4,1,1,2,122184,4,0,1,1,0,1,4
45787197,16621,502,7,651,2013,3,0,2,1.5,103000,4,3,1,1,0,7,4
45730998,22266,862,4,526,2011,7,1,1,2.5,120805,4,0,1,1,0,1,4
45648533,282,1598,6,605,2008,4,1,1,3,213998,6,0,0,1,0,12,12
45805256,18817,792.627815866797,4,748,2011,9,1,5,2,180800,4,0,1,1,0,12,12
45801884,12880,687,4,387,2010,9,1,5,1.6,97132,4,0,1,1,0,12,4
45801664,19384,583,4,387,2011,9,1,5,1.6,124892,4,0,1,1,0,14,4
45631400,7213,915,0,871,2014,4,1,1,3,0,6,0,0,1,0,1,0
45766217,706,1850,6,361,2008,9,1,1,3.5,122874,6,0,2,1,0,1,12
45445260,25089,1711.27272727273,0,871,2008,4,1,1,3,213000,6,2,0,1,0,1,8
45690156,12858,530,2,448,2013,9,0,5,1.6,86000,4,3,1,1,0,2,10
45800983,20071,697,4,394,2015,9,1,5,1.8,57000,4,2,1,1,0,1,12
45809089,23414,833,1,289,2015,4,1,1,2.2,60000,4,0,1,1,0,12,4
45809943,11895,639,1,317,2014,9,1,1,2,60550,4,0,1,1,0,11,4
45760554,1333,289,2,409,2008,4,1,2,0.4,349288,4,0,1,1,0,2,0
45793271,13642,764,1,639,2015,4,1,5,2,35762,4,0,1,1,0,1,4
45471734,36692,1211,6,485,2008,4,1,1,3,172000,6,2,0,1,0,1,12
45816285,10192,1018,0,871,2011,4,1,1,3,332243,6,0,0,1,0,1,12
45649007,11133,394,7,268,2014,9,1,2,2.5,179381,4,0,1,1,0,1,12
45803342,10663,765,4,748,2015,9,1,4,2,280622,4,0,1,1,0,12,4
45617805,11133,1053,6,361,2014,9,1,1,3.5,238546,6,0,0,1,0,1,12
45732567,55638,891,4,733,2016,4,1,1,2,372623,4,0,1,1,0,7,4
45791971,25716,1182.375,5,553,2010,9,1,5,3.5,192000,6,2,2,1,0,14,0
45809345,16719,502,3,425,2013,3,1,2,1.5,154400,4,0,1,1,0,12,4
45798478,13172,639,2,452,2014,9,1,5,2,134400,4,2,1,1,0,11,8
45788440,12544,741.884259259259,3,425,2011,3,0,5,1.3,140000,4,3,1,1,1,14,4
45804100,45210,877,4,817,2017,4,1,1,1.7,123833,4,0,1,1,0,14,4
45808368,13485,1529,0,30,2006,9,0,5,2,237000,4,1,2,1,0,2,6
45813377,9408,862,7,566,2002,7,0,4,2.4,200000,4,2,1,1,1,12,2
45793621,7527,1282,1,289,2007,4,1,1,2,77588,4,0,1,1,0,14,4
45777704,17562,1429.8433516297,6,357,2002,9,1,5,2.6,160000,6,2,2,1,0,14,8
45776011,21012,582.788167938931,7,643,2011,3,1,5,1.8,268800,4,3,1,1,0,12,6
45787404,5300,1848,6,335,1997,9,0,0,2,312217,4,2,2,1,0,1,4
45786762,14113,1832,6,837,2005,6,0,1,2.2,180000,4,1,2,1,0,14,2
45802232,36235,1091,4,526,2016,7,1,1,2.5,109629,4,0,1,1,0,12,4
45642811,706,490,3,560,2011,3,1,2,1.3,288704,4,0,1,1,0,14,0
45755013,16308,442,7,643,2017,3,1,2,1.8,45488,4,0,1,1,0,14,12
45782677,20071,377.528,1,853,2012,9,1,6,1.4,280000,4,3,1,1,0,7,12
45804394,43360,1514,5,572,2011,9,1,5,4.6,89867,4,0,1,1,0,1,4
45766642,39829,1811,5,516,2010,4,1,5,4.6,155821,8,0,0,1,0,1,0
45797301,36899,777,4,526,2014,7,1,1,2.5,105461,4,0,1,1,0,7,4
45810084,28532,830,7,145,2019,3,1,5,1.5,25000,4,0,1,1,0,12,4
45812756,3058,1051,3,141,2016,9,1,5,2.4,90043,4,0,1,1,0,14,12
45804796,3000,846.977310156905,4,733,2001,4,0,0,2.4,2342,4,2,1,0,0,13,2
45535275,15681,862,3,405,2006,7,0,5,2.4,120500,4,0,1,1,1,14,8
45794848,19444,598.5,4,827,2013,9,1,5,1.6,73600,4,0,1,0,0,2,6
45545360,21953,501,3,425,2014,9,1,5,1.5,78400,4,3,1,1,0,2,6
45812717,314,738,1,317,2017,9,1,5,1.4,89896,4,0,1,1,0,2,12
45732919,14279,765,4,748,2015,9,1,4,2,176247,4,0,1,1,0,12,4
45802958,51075,891,4,733,2016,4,1,1,2,106084,4,0,1,1,0,7,4
45758484,4234,753,4,748,2012,9,1,2,2.4,208627,4,0,1,1,0,1,0
45543179,8624,1599.33333333333,3,425,2005,3,0,5,1.5,190000,4,3,1,1,1,12,2
44951024,36065,642,0,84,2012,9,1,5,2,184000,4,2,2,1,0,2,12
43963322,20385,582.788167938931,7,643,2012,3,0,2,1.8,193600,4,0,1,1,0,14,12
45765388,27284,834,7,792,2013,4,1,5,2.7,397915,4,0,2,1,0,14,12
45772981,8311,891,6,498,2016,4,1,5,2,109555,4,0,1,1,0,14,0
45618064,157,1172,6,361,2011,9,1,1,3.5,377379,6,0,0,1,0,12,12
45816368,62722,1058,5,515,2013,9,1,2,3.5,69500,6,3,2,1,0,12,12
45749124,13799,1515,6,184,2006,9,1,5,2.5,218000,6,2,2,1,0,1,2
45417431,14740,1288,1,289,2007,4,1,1,2,54000,4,2,2,1,0,14,6
45792789,13328,761,7,643,2010,9,0,2,1.8,236000,4,0,1,1,0,1,12
45646621,5488,394,7,268,2014,9,1,2,2.5,109798,4,0,1,1,0,14,12
45732812,15257,836,4,748,2010,9,1,5,2,147079,4,0,1,1,0,1,4
45786778,31361,353,7,643,2015,9,0,2,1.8,268800,4,3,1,1,0,1,10
45786781,11604,2084,2,799,1998,6,1,1,2.5,180000,4,1,2,0,0,11,0
45791273,9565,1841,6,347,1999,9,0,1,2.7,370000,5,2,2,1,0,12,6
45641758,392,1055,6,201,2013,9,1,5,3.5,51875,6,0,0,1,0,14,12
45784509,32929,1533.25,2,799,2005,6,0,1,2,150000,4,1,1,0,0,15,2
45733444,48547,891,4,748,2016,9,1,5,2,43000,4,0,1,1,0,14,4
45815012,392,777,7,268,2014,9,1,5,2.5,312786,4,0,1,1,0,7,12
45814314,8467,1599.33333333333,3,425,2001,3,0,5,1.3,150346,6,3,1,1,1,12,4
45768791,2274,584,3,293,2014,9,1,5,1.8,127669,4,0,1,1,0,7,12
45806020,10349,1529,0,30,2002,9,0,5,2,145000,4,2,2,1,0,11,6
45814789,392,891,6,227,2016,9,1,5,2,55718,4,0,0,1,0,14,12
45813220,4234,308,7,643,2014,3,1,2,1.8,208702,4,0,1,1,0,7,12
45802578,45542,639,4,733,2014,4,1,1,2,55112,4,0,1,1,0,12,4
45682283,3,625.709923664122,1,317,2018,9,0,5,1.4,61000,4,2,1,1,0,7,8
45523136,23521,377.528,1,853,2012,3,0,6,1.4,188000,4,0,1,1,0,4,10
45809145,22900,732,3,425,2018,3,1,5,1.3,2635,4,0,1,1,0,12,4
45804828,32578,639,4,817,2014,4,1,1,2,131084,4,0,1,1,0,14,4
45812803,6429,934,7,268,2015,9,1,5,2.5,115858,4,0,1,1,0,1,12
45757666,14583,1327,7,268,2018,9,1,5,2.5,29682,4,0,1,1,0,1,12
45810401,24283,765,1,639,2015,4,1,4,2,109497,4,0,1,1,0,14,4
45803519,12544,765,4,748,2015,9,1,4,2,536212,4,0,1,1,0,8,4
45805994,10036,888.488372093023,7,643,2007,3,0,2,1.5,257000,4,0,1,1,1,12,8
45778908,11604,862,6,188,2001,9,0,1,2.2,275000,4,0,2,1,0,12,4
45782225,7527,872.02838865217,7,824,2003,7,0,5,2,250000,4,3,1,1,1,12,2
45762445,470,473,1,317,2014,9,1,5,1.4,100685,4,0,1,1,0,1,12
45753948,18817,639,4,387,2014,3,0,5,2,110000,4,2,1,1,0,14,6
45766723,188,308,7,643,2014,4,1,2,1.8,187334,4,0,1,1,0,14,12
45756848,25089,1662.33333333333,0,57,2008,1,1,5,3,157000,6,0,2,0,0,2,10
45543495,14740,639,2,452,2014,3,1,5,2,90000,4,2,1,1,0,1,12
45803565,45,1599.33333333333,3,425,2006,3,0,5,1.3,127000,4,0,1,1,1,1,5
45781074,13799,2084,2,799,1996,6,0,1,2.5,210000,4,1,2,1,0,14,2
45521131,23521,1750,7,538,2008,4,1,2,3.3,190000,6,0,0,1,0,14,12
45815070,14269,1249,7,268,2017,9,1,5,2.5,48035,4,0,1,1,0,11,12
45768524,1490,640,2,409,2013,4,1,5,2,131272,4,0,1,1,0,2,12
44784151,30,1599.33333333333,3,425,2004,3,0,5,1.3,150000,4,0,1,1,1,12,4
45552228,8154,1486,3,425,2010,9,1,2,1.3,0,4,2,1,1,1,12,2
45809192,41400,833,1,289,2015,4,1,1,2.2,70003,4,0,1,1,0,7,4
45787515,11917,536.5,3,255,2010,1,1,2,1.5,200000,4,1,1,0,1,11,8
45789365,21326,1624,6,361,2009,9,1,5,3.5,111111,8,0,0,1,0,1,0
45764778,23207,1664,7,822,2013,4,1,5,2,357933,8,0,0,1,0,7,12
45696398,5018,888.488372093023,7,643,2006,9,0,2,1.5,300000,4,0,1,1,0,2,6
45776500,13172,1266,3,425,2014,3,1,2,1.5,60000,4,0,1,1,1,14,4
45793090,6125,789,1,317,2009,9,1,5,1.6,78712,4,0,1,1,0,12,4
45765010,32302,1604,6,361,2014,9,1,1,2,101424,8,0,0,1,0,7,12
45814298,9722,1434.33333333333,6,335,2003,9,1,1,2.2,215000,4,1,2,1,1,2,8
45793578,39201,1399,5,704,2010,4,1,2,3.5,148250,4,2,0,1,0,1,12
45651123,188,765,6,498,2015,4,1,5,2,99542,4,0,0,1,0,14,0
45809173,35808,784,7,145,2017,3,1,5,1.5,37490,4,0,1,1,0,1,4
44755180,65545,1079,6,500,2018,4,1,5,2,12000,12,2,2,1,0,1,12
45813191,470,1327,7,268,2018,9,1,5,2.5,31290,4,0,1,1,0,2,12
45800730,19444,639,4,392,2014,3,1,5,2,105000,4,2,1,1,0,2,7
45786722,9000,2084,2,799,1992,6,0,1,2.5,111111,2,1,2,0,0,4,1
45732364,73310,1077,4,733,2019,4,1,1,2,2730,4,0,1,1,0,7,4
45803077,34340,765,4,733,2015,4,1,1,2,31251,4,0,1,1,0,14,4
45808951,19071,528,1,162,2014,3,1,5,1.6,59295,4,0,1,1,0,1,4
45804024,50861,877,4,817,2017,4,1,1,1.7,69527,4,0,1,1,0,1,4
45653540,3763,1850,6,605,2008,4,1,1,3.5,366869,6,0,0,1,0,1,12
45769179,4547,1850,6,361,2008,9,1,1,3.5,494317,6,0,0,1,0,1,12
45793619,19444,333,2,214,2014,3,1,2,2,50100,4,0,1,1,0,7,12
45787052,27284,565.416666666667,2,214,2017,9,0,2,2,77254,4,0,1,1,0,1,12
45646976,48610,1356,6,722,2014,9,1,5,4.6,98466,8,0,2,1,0,2,12
45768465,110,2225,5,516,2017,4,1,5,4.6,0,8,0,0,1,0,14,0
45803081,33243,640,4,733,2013,4,1,1,2,218280,4,0,1,1,0,12,4
45770899,14113,308,7,643,2014,4,1,2,1.8,339710,4,0,1,1,0,14,12
45789648,7840,1737.73333333333,0,87,1995,9,1,5,3,100000,6,1,2,0,0,1,2
44235227,31361,862,0,877,2005,4,1,5,2,147200,8,2,0,1,0,12,12
45772747,1490,1360,5,517,2013,4,1,5,4.6,154115,8,0,0,1,0,1,0
45803171,6272,836,4,748,2010,9,1,4,2,128965,4,0,1,1,0,1,4
45656388,5959,645,7,643,2011,3,1,2,1.8,489584,4,0,1,1,0,7,12
43908515,19444,502,7,660,2013,3,0,2,1.5,11000,4,3,1,1,0,6,12
45797664,20005,583,4,387,2011,9,1,5,1.6,35951,4,0,1,1,0,2,4
45766398,188,1659,7,822,2014,4,1,5,2,101928,8,0,0,1,0,1,12
45805983,17249,585,7,643,2013,9,1,2,1.8,6500,4,2,1,1,0,7,12
45772103,6586,1190,7,792,2014,9,1,5,4,0,6,0,2,1,0,12,12
45760890,2666,521,1,853,2011,3,1,2,1.4,288778,4,0,1,1,0,1,12
45765348,706,645,5,258,2011,3,1,2,1.8,116869,4,0,1,1,0,1,0
45732704,15681,891,4,748,2016,9,1,4,2,317106,4,0,1,1,0,12,4
44063688,13500,1505,7,665,2012,3,0,2,1.8,51000,4,0,1,1,1,14,8
45796888,90,757.14552238806,7,268,2012,9,0,5,2.5,0,4,0,1,1,0,1,0
45785198,34497,757.14552238806,7,268,2015,9,0,5,2.5,11500,4,2,1,1,0,3,8
45651637,26657,919,6,605,2012,4,1,1,3,271701,6,0,0,1,0,14,12
45797455,44517,1091,4,526,2016,10,1,1,2.5,124708,4,0,1,1,0,7,4
45572804,13172,1249,7,276,2017,9,1,5,2.5,60000,4,2,1,1,0,1,12
45808845,30417,528,2,409,2014,4,1,5,1.6,70165,4,0,1,1,0,14,4
45802185,15681,1598,0,50,2005,9,1,5,3,0,6,2,2,1,0,1,10
45740475,25089,1399,6,613,2010,4,1,5,3.5,126000,6,0,0,1,0,7,9
45801555,11563,687,4,387,2010,9,1,5,1.6,130814,4,0,1,1,0,12,4
45797306,25399,1756,4,522,2009,9,1,5,3.8,142380,4,0,1,1,0,0,4
45758174,188,289,2,409,2008,9,1,2,0.4,209843,4,0,1,1,0,7,0
45785058,14113,819.6,3,293,2008,9,0,2,1.3,140000,4,3,1,1,0,14,7
45646861,220,919,0,871,2012,4,1,1,3,273962,6,0,0,1,0,14,0
45769081,627,836,7,792,2012,9,1,5,2.7,394069,4,0,2,1,0,1,12
45644400,11133,394,7,268,2014,9,1,2,2.5,179381,4,0,1,1,0,1,12
45755239,14113,612.4,2,448,2013,9,0,5,1.6,102581,4,0,1,1,0,14,12
45758456,10506,1533,1,815,2016,4,1,5,3.6,91822,6,0,0,1,0,14,12
44295790,21950,1141,2,799,2009,6,0,1,2.4,133000,4,1,0,1,0,14,2
45654832,26657,919,6,605,2012,4,1,1,3,271701,6,0,0,1,0,14,12
45729999,25889,629,4,387,2015,9,1,5,1.6,103891,4,0,1,1,0,14,4
45757137,26030,382,1,853,2017,3,1,2,1.5,52062,4,0,1,1,0,2,0
45662196,2274,247,3,560,2014,3,1,2,1.3,149970,4,0,1,1,0,7,0
45732165,41632,891,4,733,2016,4,1,1,2,150415,4,0,1,1,0,14,4
45416386,37006,966.724137931034,0,94,2010,9,1,5,3,102033,6,2,2,1,0,1,10
45812680,2038,738,1,317,2017,9,1,5,1.4,71498,4,0,1,1,0,11,12
45764185,3293,832,7,792,2014,4,1,5,2.7,64994,4,0,2,1,0,7,12
45770465,11290,872.02838865217,7,636,2004,7,0,5,2,170000,4,0,1,1,1,12,2
45646353,5488,394,7,268,2014,9,1,2,2.5,109798,4,0,1,1,0,14,12
45739977,11604,939.882352941176,7,849,2006,9,0,5,1.3,170032,4,0,1,1,0,1,6
44700691,73698,891,0,870,2016,4,1,5,2,88000,4,2,0,1,0,12,12
45647637,1098,394,7,268,2014,9,1,2,2.5,398069,4,0,1,1,0,1,12
45798009,15100,687,4,387,2010,9,1,5,1.6,98578,4,0,1,1,0,12,4
45725784,20385,455.705882352941,7,651,2014,3,0,2,1.5,102880,1,3,1,1,0,2,0
45804473,25591,639,4,817,2014,4,1,1,2,251201,4,0,1,1,0,12,4
45700887,21796,777,7,268,2014,9,1,5,2.5,77803,4,2,1,1,0,1,0
45770548,7840,1236,3,425,2011,3,0,2,1.3,112000,4,0,1,1,1,1,8
45767565,392,579,7,268,2017,9,1,2,2.5,61939,4,0,1,1,0,1,0
45751955,7683,1051,3,141,2016,9,1,5,2.4,154854,4,0,1,1,0,7,12
45789057,26657,1507.30769230769,6,837,2008,7,0,1,2.2,269000,4,1,2,0,0,12,2
45815476,5018,934,5,549,2015,9,1,5,2.5,70154,6,0,2,1,0,14,12
45732103,48403,765,4,733,2015,4,1,1,2,110000,4,0,1,1,0,14,4
45499233,52373,872.02838865217,7,579,2007,4,1,5,2,174300,8,2,0,1,0,12,4
45769851,470,2225,5,516,2017,4,1,5,4.6,69918,8,0,0,1,0,14,0
45813232,9408,1529,0,30,2005,1,0,5,2,110000,4,2,2,0,1,1,6
45763762,69935,1646,5,517,2015,4,1,5,4.6,273493,8,0,0,1,0,12,0
45758879,32929,1429.8433516297,6,331,2010,9,1,1,2,210000,4,2,1,1,0,1,0
45801511,23207,730,4,387,2016,9,1,1,1.6,33017,4,0,1,1,0,14,4
45759245,52059,1363,5,516,2012,4,1,5,4.6,229334,8,0,0,1,0,1,0
45805590,6000,1429.8433516297,6,357,1997,9,1,0,3.2,258000,6,0,2,1,0,10,6
45385047,14113,640,2,452,2013,9,1,5,2,116800,4,2,1,1,0,1,8
45719561,16935,586,4,394,2012,9,1,5,1.8,97000,4,2,1,1,0,3,12
45236941,33870,1091,7,277,2016,9,1,5,2.5,19000,4,2,1,1,0,12,12
45797795,19121,531,4,387,2012,9,1,5,1.6,103490,4,0,1,1,0,12,4
45770082,470,1750,7,535,2008,4,1,2,3.3,182024,6,0,0,1,0,1,12
45709546,42651,2858,6,495,2009,4,1,5,2,214400,8,2,0,1,0,1,12
45801737,18240,583,4,387,2011,9,1,5,1.6,154900,4,0,1,1,0,14,4
45801383,8154,1254.5,2,797,2003,2,0,1,1.8,0,4,1,1,0,0,2,1
45664393,16621,915,0,871,2014,4,1,1,3,110715,6,0,0,1,0,14,0
45618041,2195,1850,6,361,2008,9,1,1,3.5,290922,6,0,2,1,0,12,12
45771909,470,629,2,448,2015,9,1,5,1.6,111374,4,0,1,1,0,2,12
45590479,13799,707,3,405,2011,7,1,5,2,153000,4,0,1,1,0,7,8
45787273,3136,1429.8433516297,6,730,2008,9,1,1,1.5,1000,8,2,1,0,0,7,5
45803240,13172,891,4,748,2016,9,1,4,2,478704,4,0,1,1,0,8,4
43375256,29793,1222.57819905213,6,361,2010,9,1,5,3.5,18000,6,2,2,1,0,1,12
45766580,29793,1053,6,361,2014,9,1,1,3.5,219030,6,0,0,1,0,1,12
45648751,784,394,7,268,2014,9,1,2,2.5,102397,4,0,1,1,0,1,12
45816057,15681,1429.8433516297,6,205,2001,9,1,5,3.2,94000,6,2,2,1,0,12,8
45768018,14740,1296,2,799,2008,6,0,5,2.4,183000,6,1,2,1,0,11,3
45809262,32973,696,1,289,2013,4,1,1,2.2,93170,4,0,1,1,0,7,4
45764459,1019,1537,7,535,2009,9,1,2,3.3,318358,6,0,0,1,0,1,12
45656693,706,761,7,643,2010,3,1,2,1.8,73402,4,0,1,1,0,14,12
43719163,23050,586,5,258,2012,3,1,2,1.8,172346,4,0,1,1,0,1,12
45661665,3763,1018,6,605,2011,4,1,1,3,290501,6,0,0,1,0,1,12
45798447,18189,645,7,643,2011,9,1,2,1.8,204800,4,0,1,1,0,12,10
45798397,23207,582.788167938931,7,643,2013,3,1,2,1.8,69000,4,3,1,1,0,7,6
45777550,10976,473,1,317,2014,9,0,5,1.4,2000,4,2,1,1,0,2,12
45797598,15329,1185,4,526,2009,7,1,1,2.5,114985,4,0,1,1,0,15,4
45809329,39615,784,3,425,2017,3,1,5,1.5,49000,4,0,1,1,0,14,4
45656669,941,308,7,643,2014,3,1,2,1.8,270410,4,0,1,1,0,14,12
45770355,56136,1017,6,355,2017,9,1,5,2,50963,4,0,2,1,0,1,12
45732805,15257,836,4,748,2010,9,1,5,2,205972,4,0,1,1,0,7,4
42410721,80,757.14552238806,7,268,2014,9,1,5,2.5,211200,4,3,1,1,0,1,12
45768658,5645,761,3,293,2010,9,1,5,1.8,88230,4,0,1,1,0,14,12
45732622,8386,639,4,748,2014,9,1,4,2,128965,4,0,1,1,0,8,4
45795684,20,582.788167938931,7,643,2012,9,1,2,1.6,120000,4,3,1,1,0,14,10
45798389,20385,1533.25,2,799,2007,6,0,1,2.4,189000,4,1,2,0,0,12,3
42473094,11290,761,7,643,2010,3,0,2,1.8,165779,4,0,1,1,0,11,8
45618923,10036,1267,7,145,2013,3,0,5,1.5,105200,4,0,1,1,1,12,4
45810568,19416,642,1,639,2012,4,1,1,2,139633,4,0,1,1,0,1,4
45474144,22266,1018,0,871,2011,4,1,1,3,208000,6,2,0,1,0,7,10
45760167,5018,1646,5,516,2015,4,1,5,4.6,188078,8,0,0,1,0,1,0
45816202,21953,640,0,50,2013,9,1,5,2,201360,4,2,2,1,0,12,6
45797147,15608,966,4,522,2009,1,1,5,2,52749,4,0,1,1,0,2,4
45804211,45210,770,4,817,2016,4,1,1,1.7,100184,4,0,1,1,0,14,4
45802261,23436,777,4,526,2014,7,1,1,2.5,173490,4,0,1,1,0,1,4
45814933,8938,2195,0,871,2009,4,1,5,2,153515,8,0,0,1,0,7,12
45751298,22580,1077,4,817,2019,9,1,5,2,31200,4,0,0,1,0,2,12
45757685,6429,980,7,298,2018,9,1,5,1.8,78608,4,0,1,1,0,1,12
45796173,8467,896.105072463768,0,84,1999,9,1,4,2.8,220000,6,2,2,1,0,1,6
45795105,12858,673.483990147783,4,387,2012,1,0,5,1.8,87000,4,2,1,0,0,1,6
45802849,14069,1076,4,733,2020,4,1,1,2,43865,4,0,1,1,0,7,4
45658769,188,1172,5,701,2011,4,1,2,3.5,101816,6,0,0,1,0,1,12
45793359,5000,2084,2,799,1990,6,0,1,2.5,100000,4,1,2,1,0,11,0
45801875,13739,687,4,387,2010,9,1,5,1.6,110000,4,0,1,1,0,14,4
45646887,8154,919,0,871,2012,4,1,1,3,103458,6,0,0,1,0,14,0
45810970,1019,586,5,258,2012,3,1,2,1.8,192683,4,0,1,1,0,14,12
45772873,32302,1604,6,361,2014,9,1,5,2,101424,8,0,0,1,0,7,12
44937391,24462,900,4,760,2015,9,1,5,2.4,70296,4,2,1,1,0,14,12
45339620,17876,645,7,643,2011,9,1,2,1.8,129000,4,3,1,1,0,7,4
45803991,15053,836,4,817,2010,4,1,1,2,53232,4,0,1,1,0,1,4
45757766,16000,1711.27272727273,0,871,2003,4,1,1,3,1000,6,2,0,1,0,12,8
45765175,3450,1624,6,361,2009,9,1,1,3.5,109139,6,0,2,1,0,1,12
45661152,2666,1018,6,605,2011,4,1,1,3,0,6,0,0,1,0,1,12
45801436,15035,528,4,138,2014,9,1,1,1.6,181232,4,0,1,1,0,7,4
45809994,31211,501,7,145,2014,3,1,5,1.5,20000,4,0,1,1,0,1,4
45760017,4547,475,1,853,2012,3,1,2,1.4,162190,4,0,1,1,0,2,0
45784736,17876,970.867153989687,2,469,2010,9,1,2,2.5,156000,4,0,1,1,0,14,4
45812367,22580,1855,3,787,2011,7,0,5,2,96000,4,0,0,1,1,1,3
45793352,12858,551,1,768,2017,9,1,5,1,28227,3,0,1,1,0,1,4
45797373,8097,1047,4,387,2007,9,1,5,1.6,184297,4,0,1,1,0,12,4
45813717,14069,2959,7,576,2015,4,0,1,4.6,93000,8,1,0,1,0,14,0
45625034,157,1451,0,871,2011,9,1,5,4.4,139363,8,0,0,1,0,1,0
42624907,300,1429.8433516297,6,723,2008,9,1,5,2,122000,8,2,2,1,0,14,12
45659940,314,1646,5,516,2015,4,1,5,4.6,102907,8,0,0,1,0,1,0
45333658,27598,1598,6,599,2008,4,1,1,3,218000,6,0,0,1,0,7,8
45656060,188,1172,5,701,2011,4,1,2,3.5,101816,6,0,0,1,0,1,12
45769584,941,1935,7,822,2016,4,1,5,4.6,254805,8,0,0,1,0,14,12
43054308,52687,1329.79585953434,5,519,2008,4,1,4,2,329600,8,2,0,1,0,5,12
45767344,16621,1172,6,361,2011,9,1,1,3.5,119379,6,0,0,1,0,12,12
45802036,16753,836,4,522,2010,1,1,5,2,191263,4,0,1,1,0,14,4
45761023,6272,1527,6,174,1995,9,0,0,2,128965,4,1,2,1,0,2,2
45651782,706,753,4,748,2012,9,1,2,2.4,0,4,0,1,1,0,11,0
43499765,12541,872.02838865217,7,850,2001,9,0,5,1.5,150000,4,1,1,1,1,14,0
45803135,11259,640,4,748,2013,9,1,5,2,38853,4,0,1,1,0,14,4
45750905,14113,1267.33333333333,7,150,2013,3,0,2,1.5,149000,4,3,1,1,1,2,6
45642968,46101,891,0,50,2016,9,1,5,2,23000,4,2,2,1,0,7,12
35108811,10976,1267,7,145,2013,3,1,2,1.5,80000,4,0,1,1,1,2,4
45771453,314,1017,6,355,2017,9,1,5,2,26802,4,0,2,1,0,1,12
45803712,16151,707,4,817,2011,4,1,1,2,53463,4,0,1,1,0,7,4
45771087,392,645,7,643,2011,4,1,2,1.8,146184,4,0,1,1,0,14,12
39836483,72130,609,7,270,2018,9,0,2,2.5,27000,4,2,1,1,0,1,12
44131728,19444,1429.8433516297,6,777,2005,6,0,1,2.7,25600,4,2,2,1,0,12,4
45812662,941,781,1,317,2018,9,1,5,1.4,39466,4,0,1,1,0,1,12
32089280,50,749.991967871486,7,145,2012,9,0,2,1.5,150000,2,0,2,1,1,2,0
45801467,8781,1338.90845620294,0,81,1994,9,0,1,2.5,111111,4,1,2,1,0,1,1
45802863,48403,765,4,733,2015,4,1,1,2,85139,4,0,1,1,0,2,4
45776662,51746,891,0,56,2016,9,1,5,2,51000,4,2,2,1,0,2,10
43447078,68994,1714,5,692,2017,1,1,5,3.5,12800,6,2,2,1,0,1,6
45655644,8154,1750,5,696,2008,4,1,2,3.3,224629,6,0,0,1,0,12,12
45726988,5175,781,7,268,2012,9,1,5,2.5,121318,4,0,1,1,0,7,12
45809420,19482,769,1,289,2011,4,1,1,2.2,106000,4,0,1,1,0,1,4
45801761,17158,583,4,387,2011,9,1,5,1.6,157827,4,0,1,1,0,12,4
45801510,20855,730,4,387,2016,9,1,4,1.6,31780,4,0,1,1,0,1,4
45731403,27924,777,4,526,2014,7,1,1,2.5,174485,4,0,1,1,0,12,4
45759934,6272,1429.8433516297,6,343,2002,9,1,5,2.6,312000,6,2,2,1,1,12,6
45771872,2901,843,7,643,2008,9,1,2,1.5,246629,4,0,1,1,0,1,12
45786239,20385,586,7,643,2012,3,0,2,1.8,59000,4,0,1,1,0,1,10
45654604,188,1172,5,701,2011,4,1,2,3.5,101816,6,0,0,1,0,1,12
45805901,6899,970.867153989687,2,629,2004,2,0,1,2.2,230000,4,0,1,1,0,1,4
45789441,26657,1078.53623188406,6,605,2010,4,1,5,3.5,160000,6,2,0,1,0,1,0
45776829,14113,1429.8433516297,6,718,2001,9,1,5,2,160000,8,2,2,1,0,1,0
45601345,20385,565.416666666667,2,214,2013,4,1,2,2,74000,4,0,1,1,0,4,10
45776747,9408,1429.8433516297,6,716,2000,9,1,5,4.3,0,8,2,2,1,0,12,0
45648650,1725,1363,6,605,2012,4,1,1,4.6,180659,8,0,0,1,0,1,12
45760198,706,1646,5,516,2015,4,1,5,4.6,102907,8,0,0,1,0,1,0
45732746,10976,765,4,748,2015,9,1,4,2,311337,4,0,1,1,0,14,4
45730213,25889,629,4,387,2015,9,1,5,1.6,117000,4,0,1,1,0,14,4
45642418,314,779,7,268,2013,9,1,2,2.5,225510,4,0,1,1,0,14,12
45653861,220,919,0,871,2012,4,1,1,3,273962,6,0,0,1,0,14,0
45773337,4077,781,7,268,2012,9,1,2,2.5,214098,4,0,1,1,0,12,12
45732614,55638,765,4,733,2015,4,1,1,2,36819,4,0,1,1,0,14,4
45778121,23521,595,2,465,2015,9,1,5,1.5,60000,4,0,1,1,0,1,12
45769256,9565,919,6,361,2012,9,1,1,3,171221,6,0,2,1,0,1,12
45715109,8781,1268,7,145,2012,9,0,2,1.5,102000,4,0,1,1,1,1,2
45769790,314,1017,6,355,2017,9,1,5,2,26802,4,0,2,1,0,1,12
45804878,17876,1338.90845620294,0,103,2007,9,1,5,3,230000,6,2,2,1,0,1,8
45802138,9408,574,3,560,2010,3,0,2,1.3,149000,4,2,1,1,0,14,8
45774087,12388,1399,6,361,2010,9,1,1,3.5,189530,6,0,0,1,0,1,12
45525050,44846,1172,5,701,2011,4,1,2,3.5,114000,6,0,0,1,0,14,12
45651235,251,607,7,268,2019,9,1,2,2.5,39552,4,0,1,1,0,1,12
45763916,54568,1363,5,516,2012,4,1,5,4.6,255406,8,0,0,1,0,1,0
45762384,15994,761,7,643,2010,9,1,5,1.8,184000,4,0,1,1,0,7,6
44732673,15053,1026.00733117836,3,427,2014,3,0,2,1.5,130000,4,0,0,1,1,12,4
45803430,15681,891,4,748,2016,9,1,4,2,314772,4,0,1,1,0,12,4
45795872,3450,970.867153989687,2,570,2001,3,0,5,1.3,74000,4,1,1,0,0,1,2
45767346,26030,382,1,853,2017,3,1,2,1.5,52062,4,0,1,1,0,2,0
45771576,941,1714,7,740,2017,9,1,5,3.5,50243,6,0,1,1,0,7,12
45781636,19130,2084,2,799,1998,2,0,1,2.5,270000,4,1,2,1,0,14,8
45797001,30750,777,4,526,2014,7,1,1,2.5,146216,4,0,1,1,0,12,4
45789223,9408,939.882352941176,7,849,2006,3,0,5,1.5,115000,4,3,1,1,1,1,5
45646633,784,394,7,268,2014,9,1,2,2.5,102397,4,0,1,1,0,1,12
45810482,32302,1338.90845620294,0,882,2011,4,1,5,4.4,170000,8,2,0,1,0,1,12
45644937,784,1537,7,535,2009,4,1,2,3.3,472304,6,0,0,1,0,14,12
45533321,20071,585,7,643,2013,3,1,2,1.8,102400,4,0,1,1,0,14,8
45763895,40142,1811,5,517,2010,4,1,5,4.6,357246,8,0,0,1,0,7,0
42296779,250,1500.5,7,583,2019,4,0,1,3,37000,6,0,0,1,0,7,12
45729666,27654,730,4,387,2016,9,1,5,1.6,87510,4,0,1,1,0,12,4
45769415,7683,810,4,387,2016,9,1,5,1.8,121840,4,0,1,1,0,2,12
45073672,21400,1553.57142857143,6,177,2008,9,0,1,2.2,232000,4,2,2,1,0,7,8
45627200,12544,521,1,317,2011,9,0,5,1.4,72000,4,2,1,1,0,14,10
44382574,15000,2265,7,298,2019,10,0,2,1.5,22000,4,2,1,1,1,14,0
45767924,549,574,3,560,2010,3,1,2,1.3,245070,4,0,1,1,0,14,0
45770002,470,1017,6,355,2017,9,1,5,2,35874,4,0,0,1,0,1,12
45789832,8311,1282,1,289,2007,4,1,1,2,63558,4,0,1,1,0,14,4
45804167,45542,891,4,817,2016,4,1,1,2,88585,4,0,1,1,0,1,4
45776848,10663,988,7,643,2007,9,1,2,1.5,216000,4,0,1,1,0,4,4
36853378,100,1711.27272727273,0,871,2004,4,1,1,3,77000,6,2,0,1,0,1,12
45798197,11992,687,4,387,2010,9,1,5,1.6,124900,4,0,1,1,0,1,4
45769557,10976,872.02838865217,7,824,2002,7,0,5,2,160550,4,0,0,1,1,14,2
45730670,28830,530,4,387,2013,9,1,5,1.6,56764,4,0,1,1,0,14,4
45788550,7840,1132,7,643,2006,9,0,2,1.5,0,4,0,1,1,0,12,6
45809334,17327,271,3,425,2014,10,1,2,1.5,121000,4,0,1,1,0,1,4
45648060,5018,779,7,268,2013,9,1,2,2.5,190549,4,0,1,1,0,1,12
45810273,25456,642,1,620,2012,9,1,5,2,135965,4,0,1,1,0,1,4
45793103,43902,855,0,863,2015,4,1,1,2,153000,4,2,0,1,0,2,12
45792274,5018,1079,4,387,2018,9,1,5,2,61398,4,0,1,1,0,1,12
45766411,3450,1017,6,355,2017,9,1,5,2,50930,4,0,2,1,0,1,12
45772353,11917,2084,2,799,1996,6,0,1,2.5,128965,6,1,2,1,0,14,2
45797937,17484,583,4,387,2011,9,1,5,1.6,128147,4,0,1,1,0,14,4
45733383,26180,836,4,748,2010,9,1,5,2,51476,4,0,1,1,0,14,4
45795661,68994,1222.57819905213,6,361,2014,0,1,5,3.5,42774,6,2,2,0,0,14,12
45760577,6586,1368,3,293,1998,1,0,5,1.4,152000,4,1,1,0,0,10,2
45732601,41193,640,4,733,2013,4,1,1,2,120456,4,0,1,1,0,7,4
45801887,12585,687,4,387,2010,9,1,5,1.6,128965,4,0,1,1,0,14,4
45806949,12231,1429.8433516297,6,602,2007,4,1,1,3.2,0,6,0,0,1,0,14,8
45810614,3136,1204.52272727273,2,421,1994,4,1,0,4,272000,6,0,0,1,0,4,4
45804523,15053,1434.33333333333,6,335,2003,9,0,1,2.2,370000,4,2,2,1,0,1,8
45798473,10349,2078,0,46,2000,3,1,5,2.5,200000,6,1,2,0,0,2,4
45780462,18817,1429.8433516297,6,774,2005,6,0,0,2.3,444444,4,1,2,1,0,14,1
45793969,11290,888.488372093023,7,643,2007,3,0,2,1.4,264000,4,0,1,1,0,1,6
45755485,12231,749.991967871486,7,145,2013,3,0,5,1.5,130000,4,0,1,1,1,12,12
45715978,40,584,7,568,2004,3,1,4,1.3,123000,4,0,1,1,1,12,7
45797469,18346,730,4,387,2016,9,1,4,1.6,33553,4,0,1,1,0,12,4
45586984,21169,582.788167938931,7,643,2014,3,0,2,1.8,76000,4,0,1,1,0,14,8
45813521,627,502,3,293,2013,9,1,2,1.5,95822,4,0,1,1,0,12,12
45803353,10036,891,4,748,2016,9,1,4,2,128965,4,0,1,1,0,8,4
45646981,627,765,6,498,2015,4,1,5,2,0,4,0,0,1,0,14,12
45795279,36065,1020.57819905213,0,871,2011,4,1,1,3.5,105000,6,2,0,1,0,1,12
44930375,29793,1850,6,248,2008,1,1,5,3.5,122600,6,2,2,1,0,1,8
45794891,8781,939.882352941176,7,849,2006,3,0,5,1.3,111000,4,0,1,1,1,2,4
45808867,76029,1011,2,421,2016,4,1,5,2.3,90000,4,0,1,1,0,2,4
45793947,14113,1533.25,2,799,2000,6,0,1,2.5,200000,4,1,2,2,0,14,0
45797176,32578,1091,4,526,2016,7,1,1,2.5,117595,4,0,1,1,0,14,4
45769283,32302,1604,6,361,2014,9,1,5,2,101424,8,0,0,1,0,7,12
45803350,9252,765,4,748,2015,9,1,4,2,128965,4,0,1,1,0,8,4
45812775,3920,779,7,268,2013,9,1,5,2.5,308694,4,0,1,1,0,7,11
45454513,21639,639,1,317,2014,9,1,1,2,101922,4,0,1,1,0,1,6
45695788,25716,765,0,863,2015,4,1,5,2,97527,4,2,0,1,0,7,12
45778719,12544,765,2,452,2015,9,0,5,2,72114,4,0,1,1,0,14,0
45802153,30326,1091,4,526,2016,10,1,1,2.5,40877,4,0,1,1,0,7,4
45790420,17876,595,7,651,2015,3,0,5,1.5,71300,4,0,1,1,0,14,6
44932747,10000,1268,3,462,2012,7,0,5,1.5,145000,4,0,1,1,1,12,4
45651588,10192,456,5,381,2015,9,1,2,2.5,40386,4,0,1,1,0,14,12
45813459,2666,919,0,57,2012,1,1,5,3,92141,6,0,2,0,0,14,12
45809555,65817,830,3,293,2019,9,1,5,1.5,14542,4,0,1,1,0,2,4
45665124,18503,584,4,387,2014,9,0,5,1.8,150000,6,2,1,1,0,7,8
45432702,20698,872.02838865217,7,674,2013,3,1,2,1.8,100000,4,3,1,1,1,12,9
45810071,35617,1249,1,559,2017,9,1,5,2.5,56486,4,0,1,1,0,5,4
45801516,28909,831,4,387,2017,9,1,1,1.6,98000,4,0,1,1,0,14,4
45802869,47217,891,4,733,2016,4,1,1,2,149476,4,0,1,1,0,7,4
45801663,19384,583,4,387,2011,9,1,5,1.6,127983,4,0,1,1,0,7,4
45773576,188,781,7,268,2012,4,1,2,2.5,268683,4,0,1,1,0,2,12
45652841,3450,831,4,748,2011,9,1,2,2.4,224349,4,0,1,1,0,7,0
45798309,16778,531,4,387,2012,9,1,5,1.6,41279,4,0,1,1,0,14,4
45776893,21012,582.788167938931,7,643,2012,9,1,2,1.8,165000,4,0,1,1,0,1,12
45633614,862,333,2,465,2014,9,1,2,2,186048,4,0,1,1,0,1,0
45809222,15486,609,3,425,2016,3,1,5,1.3,66890,4,0,1,1,0,12,4
45802127,21395,781,4,526,2012,10,1,1,2.5,216000,4,0,1,1,0,12,4
45803150,11290,891,4,748,2016,9,1,4,2,257646,4,0,1,1,0,12,4
45774281,1490,562,1,317,2015,9,1,5,1.4,167317,4,0,1,1,0,11,12
45804035,48867,930,4,817,2018,4,1,1,1.7,52782,4,0,1,1,0,12,4
45767361,6586,259,1,853,2014,3,1,2,1.4,112123,4,0,1,1,0,12,0
44279469,6743,1599.33333333333,3,425,2003,3,0,5,1.3,134000,2,3,1,1,1,15,6
45759885,282,2455,5,517,2008,4,1,5,2,218126,8,0,0,1,0,1,0
45803174,18760,891,4,748,2016,9,1,4,2,245705,4,0,1,1,0,12,4
45732753,14740,765,4,748,2015,9,1,4,2,50534,4,0,1,1,0,12,4
44762753,21796,784,2,413,2017,4,1,5,1.5,41092,4,0,0,1,0,7,8
45803066,26804,640,4,733,2013,4,1,1,2,52326,4,0,1,1,0,7,4
45656196,37006,1338.90845620294,0,40,2014,9,1,1,2,159000,4,2,2,1,0,2,8
45648493,549,1750,7,535,2008,4,1,2,3.3,269013,6,0,0,1,0,1,12
45348091,19601,1701.21052631579,6,605,2006,4,1,5,3.5,180000,6,2,0,1,0,1,10
45066288,15367,761,7,643,2010,9,1,2,1.8,93000,4,0,1,1,0,12,12
45771992,314,2410,6,361,2010,9,1,5,2,274771,8,0,2,1,0,14,12
45816635,13172,761,7,643,2010,3,0,2,1.8,90532,4,0,1,1,0,14,12
45641190,3136,781,7,268,2012,9,1,2,2.5,159379,4,0,1,1,0,14,12
44930159,49864,1621,4,735,2017,4,1,5,3.3,44800,6,0,0,1,0,12,12
45770891,1882,746,7,643,2009,9,1,2,1.5,142426,4,0,1,1,0,14,12
45761355,15681,585,4,387,2013,9,0,5,1.8,41600,4,2,1,1,0,7,8
45766670,1490,1360,5,517,2013,4,1,5,4.6,154115,8,0,0,1,0,1,0
44672570,18189,697,4,387,2015,9,0,5,1.8,17000,4,0,1,1,0,7,0
45804649,59338,831,4,817,2017,4,1,5,1.6,35477,4,0,1,1,0,14,4
45732620,8386,639,4,748,2014,9,1,4,2,128965,4,0,1,1,0,8,4
45797379,27921,777,4,526,2014,7,1,1,2.5,184700,4,0,1,1,0,12,4
45810640,6272,364,1,768,2012,3,1,5,1,75407,4,0,1,1,0,1,4
45065028,18189,612.4,2,448,2017,3,0,5,1.6,53000,4,0,1,1,0,1,6
45803630,32772,777,4,526,2014,7,1,1,2.5,50877,4,0,1,1,0,1,4
45793204,10976,939.882352941176,7,849,2007,9,0,5,1.3,145000,4,0,1,1,0,12,2
45781803,15681,1832,6,769,2005,6,0,1,2.2,500000,4,2,2,1,0,11,1
45789259,23521,834.25,7,283,2013,9,1,5,2.5,145000,4,2,1,1,0,7,8
45770288,5802,1055,6,361,2013,9,1,1,3.5,107800,6,0,2,1,0,7,12
45787148,27284,456,7,268,2015,9,1,2,2.5,80000,4,2,1,1,0,7,12
45801472,13589,531,4,387,2012,9,1,5,1.6,162911,4,0,1,1,0,14,4
45633845,6429,1405,0,871,2009,4,1,1,3,262072,6,0,0,1,0,7,0
45792844,13799,779,1,289,2011,4,1,1,2.2,148076,4,0,1,1,0,1,4
45433462,15524,761,7,643,2010,3,0,2,1.8,124000,4,2,1,1,0,7,8
45791856,13799,1505,2,805,2012,2,0,1,1.8,143560,4,1,1,1,1,14,2
45785990,62095,714,7,157,2018,9,1,2,3,80000,8,3,1,1,0,7,10
45641186,3763,779,7,268,2013,9,1,2,2.5,124912,4,0,1,1,0,14,12
45765788,470,1399,6,361,2010,9,1,1,3.5,229904,6,0,0,1,0,1,12
45732831,8006,836,4,748,2010,9,1,4,2,66760,4,0,1,1,0,1,4
45813225,706,585,4,387,2013,9,1,5,1.8,230746,4,0,1,1,0,7,12
45772720,1960,830,7,896,2019,9,1,5,1.5,0,4,0,1,1,0,14,12
45815961,2038,1058,4,733,2012,4,1,5,3.5,258493,6,0,0,1,0,12,12
45793045,13328,1701.21052631579,6,605,2004,4,1,0,3.7,136000,6,2,0,1,0,14,8
45706819,8467,1338.90845620294,0,78,1997,9,1,4,2.5,111111,6,2,2,1,0,12,4
45158060,31047,1077,4,827,2019,3,0,5,2,12000,4,2,1,1,0,14,12
45309383,7527,474,1,767,2013,3,0,5,1.4,190460,4,2,1,1,0,14,8
45605313,26500,1017,4,819,2017,4,1,5,2,46932,4,0,1,1,0,1,10
45793626,6586,1282,1,289,2007,4,1,1,2,74588,4,0,1,1,0,14,4
45550444,17249,502,7,651,2013,3,1,2,1.5,90000,4,0,1,1,0,2,12
45760641,9408,1109,3,425,2014,3,0,2,1.3,139000,4,0,1,1,1,12,2
45732788,5175,765,4,748,2015,9,1,4,2,537500,4,0,1,1,0,8,4
45802761,40142,911,6,835,2010,7,1,1,2.2,177000,4,2,2,1,0,12,8
45809230,36774,833,1,289,2015,4,1,1,2.2,92825,4,0,1,1,0,7,4
44585865,11290,1266,3,425,2014,3,0,2,1.5,60000,4,0,1,1,1,12,4
45776520,31361,798.780396435111,4,528,2011,7,0,1,2.5,77000,4,0,2,1,0,12,4
45618967,13172,1793,6,361,2011,9,1,1,2,325811,8,0,0,1,0,1,12
45649053,549,1493,6,502,2016,4,1,5,3.5,91493,6,0,2,1,0,1,0
45732710,10976,765,4,748,2015,9,1,4,2,128965,4,0,1,1,0,14,4
45660729,282,753,4,748,2012,9,1,2,2.4,93816,4,0,1,1,0,1,0
45418698,25089,875.636363636364,3,312,2012,4,0,4,2.4,87792,4,0,1,1,0,3,12
26248496,150,814.666666666667,6,769,2012,6,1,1,3.2,200000,6,1,2,1,0,12,2
45769269,314,2410,6,361,2010,9,1,5,2,274771,8,0,2,1,0,14,12
45816283,25716,1292,0,871,2016,4,1,5,3,0,6,0,0,1,0,7,12
45759443,94,441,4,748,2015,9,1,2,2.4,261928,4,0,1,1,0,1,0
45768598,941,1750,7,535,2008,9,1,2,3.3,226094,6,0,0,1,0,14,12
45766306,32302,1604,6,361,2014,9,1,1,2,101424,8,0,0,1,0,7,12
45213024,6899,872.02838865217,7,858,2002,3,0,5,1.3,102000,4,0,1,1,1,2,2
45794684,43905,1104,0,94,2015,9,1,5,3,7800,6,2,2,1,0,14,16
45786414,65858,826.8,6,837,2014,7,1,1,2.2,120000,6,1,2,1,0,1,4
45782132,38574,1222.57819905213,6,361,2013,9,1,5,3.5,143000,6,2,0,1,0,7,11
45451903,42337,1222.57819905213,6,361,2013,9,1,5,3.5,150000,6,2,2,1,0,1,12
45815833,11290,1429.8433516297,6,207,2004,9,1,5,3.2,100000,6,1,2,1,0,1,8
45764341,314,1624,6,361,2009,9,1,1,3.5,266061,6,0,0,1,0,1,12
45809743,7527,1203,1,264,2011,1,1,5,3.6,168350,6,0,2,0,0,11,12
45801475,16568,629,4,387,2015,9,1,1,1.6,100535,4,0,1,1,0,14,4
45732610,53580,833,4,733,2015,4,1,1,2.2,143470,4,0,1,1,0,14,4
45814854,5959,781,7,680,2012,4,1,5,2.5,159901,4,0,1,1,0,3,12
45773350,34497,971.138888888889,6,201,2014,9,1,5,3.5,100358,6,2,0,1,0,7,12
45807067,9408,1338.90845620294,0,15,1999,9,1,5,2.5,250000,8,2,2,1,0,1,6
45655702,1803,761,7,643,2010,3,1,2,1.8,258909,4,0,1,1,0,14,12
45797817,17719,781,4,526,2012,7,1,1,2.5,52600,4,0,1,1,0,14,4
45797420,8006,893,4,547,2008,3,1,1,1.6,62444,4,0,1,1,0,12,4
45813707,11917,1533.25,2,799,2000,6,0,0,2.3,300000,4,1,2,1,0,15,0
45809723,42933,784,7,145,2017,3,1,5,1.5,50909,4,0,1,1,0,1,4
45806512,784,586,7,643,2012,3,1,2,1.8,174285,4,0,1,1,0,12,12
45770255,18817,690,3,425,2016,3,0,5,1.5,49600,4,0,1,1,0,14,6
45787754,9408,872.02838865217,7,824,2003,7,0,0,2,200000,4,0,0,2,1,14,2
45809449,15988,502,7,145,2013,10,1,2,1.5,88777,4,0,1,1,0,15,4
45733534,37984,891,4,748,2016,9,1,5,2,101200,4,0,1,1,0,7,4
45814771,25089,1690.85714285714,6,769,2009,6,0,1,2.2,327000,4,1,2,1,0,14,2
45789698,26657,1057.78571428571,7,274,2014,9,1,5,2.5,128320,4,2,1,1,0,12,10
45771968,157,585,7,643,2013,9,1,2,1.8,321616,4,0,1,1,0,11,12
45457244,14113,843,7,643,2008,3,1,2,1.5,95520,4,3,1,1,0,11,0
44964694,23521,777,7,268,2014,9,1,5,2.5,147845,4,0,1,1,0,7,8
45810652,13322,583,1,768,2018,3,1,5,1,62499,4,0,1,1,0,14,4
45654171,314,1646,5,516,2015,4,1,5,4.6,102907,8,0,0,1,0,1,0
45768388,627,1750,7,535,2008,9,1,2,3.3,277405,6,0,0,1,0,7,12
45797649,13454,1347,4,526,2008,7,1,1,2.5,93281,4,0,1,1,0,12,4
45762944,1725,1324,7,535,2010,4,1,2,3.3,226198,6,0,0,1,0,6,12
45809398,45473,770,4,817,2016,4,1,1,1.7,25000,4,2,1,1,0,12,12
45802642,30351,640,4,733,2013,4,1,1,2,149038,4,0,1,1,0,14,4
45802903,43416,971,4,733,2016,4,1,1,2.2,137986,4,0,1,1,0,12,4
45812768,392,1325,7,268,2019,9,1,5,2.5,12336,4,0,1,1,0,2,12
45809277,11726,308,3,425,2015,3,1,2,1.5,102528,4,0,1,1,0,1,4
45751015,19444,582.788167938931,7,643,2012,3,0,2,1.8,137000,4,3,1,1,0,14,12
45806862,28225,911,6,182,2010,9,1,1,2.2,0,4,2,2,1,0,1,6
45781361,25716,891,4,387,2016,9,0,5,2,45500,4,2,1,1,0,1,12
45809816,10349,1429.8433516297,6,357,2001,9,1,0,3.2,0,6,2,2,1,0,7,8
45802049,19000,673.483990147783,4,387,2013,3,1,5,1.8,95000,4,2,1,1,0,7,6
44781690,36065,1624,5,694,2009,4,1,5,3.5,155200,6,2,0,1,0,3,12
45807562,392,441,4,748,2015,9,1,2,2.4,77830,4,0,1,1,0,7,12
45650449,1725,1363,6,605,2012,4,1,1,4.6,180659,8,0,0,1,0,1,12
45797222,36899,1091,4,526,2016,7,1,1,2.5,110169,4,0,1,1,0,12,4
45816502,15367,673.483990147783,4,387,2010,9,0,5,1.8,230400,4,2,1,1,0,10,0
45760855,3450,586,7,643,2012,3,1,2,1.8,35083,4,0,1,1,0,14,12
45787649,16308,1429.8433516297,6,357,2003,9,1,0,3.2,160986,6,2,2,1,0,1,12
45768668,9565,397,5,258,2016,3,1,2,1.8,71904,4,0,1,1,0,14,0
45586951,14113,765,2,452,2015,9,0,5,2,54000,4,0,1,1,0,4,6
45748975,14740,1271.22222222222,7,268,2007,9,1,2,2.4,348800,4,3,1,1,0,7,8
45813360,314,382,2,465,2015,9,1,2,2,91760,4,0,1,1,0,1,0
45771013,6429,830,3,141,2019,9,1,5,1.5,4088,4,0,1,1,0,2,12
45805118,19312,707,4,817,2011,4,1,1,2,199660,4,0,1,1,0,7,4
45797466,44843,1249,4,526,2017,10,1,1,2.5,105743,4,0,1,1,0,14,4
45809542,32744,765,1,289,2015,4,1,1,2,48294,4,0,1,1,0,12,4
42180369,150,1222.57819905213,6,361,2013,9,1,1,3.5,160000,6,0,2,1,0,12,12
45803523,11290,891,4,748,2016,9,1,4,2,256355,4,0,1,1,0,12,4
45802664,4077,1529,0,30,1995,3,0,5,1.8,285000,4,1,2,0,0,2,1
45803493,11604,639,4,748,2014,9,1,4,2,432435,4,0,1,1,0,12,4
45623762,11917,843,7,643,2008,3,0,2,1.5,190000,4,0,1,1,0,13,8
45776592,40142,1269,0,891,2008,4,1,5,3.5,139452,6,2,0,1,0,1,8
45798638,56450,908.2,0,65,2014,1,1,5,2,110000,4,0,2,0,0,14,8
45792745,23521,757.14552238806,7,268,2014,9,0,5,2.5,167680,4,2,1,1,0,1,8
45732648,15681,891,4,748,2016,9,1,4,2,276546,4,0,1,1,0,12,4
45784461,16621,673.483990147783,4,387,2012,9,0,5,1.8,83000,4,2,1,1,0,2,8
45742212,94,1599.33333333333,3,425,2005,3,0,5,1.3,0,4,0,1,1,1,12,4
45755941,14113,888.488372093023,7,643,2007,3,0,2,1.5,0,4,0,1,1,0,13,4
45812776,54882,1327,7,70,2011,4,0,5,4,137600,6,0,0,1,0,7,12
45773501,220,259,1,853,2014,3,1,2,1.4,110958,4,0,1,1,0,1,0
45785575,45473,1249,7,680,2017,4,1,5,2.5,17600,4,0,0,1,0,11,12
45283033,12544,831,4,748,2011,9,0,5,2.4,98000,4,0,1,1,0,12,8
45809562,16766,584,1,317,2014,9,1,5,1.8,59532,4,0,1,1,0,7,4
45732824,10036,891,4,748,2016,9,1,4,2,513137,4,0,1,1,0,8,4
45798296,6272,790,4,387,2009,9,1,1,1.6,53256,4,0,1,1,0,2,4
45803318,15367,765,4,748,2015,9,1,4,2,51274,4,0,1,1,0,12,4
45730878,16621,1511,4,522,2010,1,1,5,3.8,151977,4,0,1,1,0,2,4
45803263,13485,765,4,748,2015,9,1,4,2,30363,4,0,1,1,0,12,4
45804503,22947,836,4,817,2010,4,1,1,2,199356,4,0,1,1,0,14,4
45212809,22580,779,7,268,2013,9,1,2,2.5,166720,4,0,1,1,0,12,12
45759898,15681,1711.27272727273,0,871,2003,4,1,1,3,280000,6,2,0,1,0,7,6
45650059,3450,607,7,268,2019,9,1,2,2.5,9626,4,0,1,1,0,1,12
45756234,9722,862,6,188,2001,9,1,5,2.6,20017,6,2,2,1,0,1,10
45757310,3293,1086,1,559,2012,9,1,5,3.6,128195,6,0,1,1,0,1,12
45802277,13799,749.991967871486,7,145,2012,3,0,2,1.5,96000,4,0,1,1,1,12,8
44954682,14113,761,7,643,2010,3,0,2,1.8,123270,4,0,1,1,0,1,12
45771070,22580,1017,6,355,2017,9,1,5,2,50930,4,0,2,1,0,1,12
45802732,57526,1017,4,733,2017,4,1,1,2,40950,4,0,1,1,0,12,4
45646707,14069,1572,6,251,2019,1,1,5,3,0,6,0,0,1,0,1,12
45786160,6586,1163,7,849,2010,3,0,5,1,39000,4,0,1,1,1,1,10
45761193,627,917,0,94,2013,9,1,2,3,195941,6,0,2,1,0,1,12
45553463,18503,582.788167938931,7,643,2010,3,1,2,1.8,141000,4,0,1,1,0,7,0
45801565,19676,531,4,387,2012,9,1,5,1.6,152000,4,0,1,1,0,14,4
45263544,7527,1387.22222222222,3,638,2005,7,0,5,2.4,225000,4,0,1,1,1,1,12
45646456,18817,609,7,268,2018,9,1,2,2.5,35058,4,0,1,1,0,14,12
45793081,6272,789,1,317,2009,9,1,5,1.6,66444,4,0,1,1,0,1,4
45811158,706,986,5,531,2010,9,1,2,2.4,275654,4,0,1,1,0,11,12
45695157,15681,1991,2,799,2005,6,0,1,2.4,176000,4,1,2,1,0,14,1
45660726,470,753,4,748,2012,9,1,2,2.4,202864,4,0,1,1,0,2,0
45617844,1646,1058,6,361,2012,9,1,1,3.5,240987,6,0,0,1,0,1,12
45776542,12544,1533.25,2,799,2003,6,1,1,2,300000,4,1,1,1,0,15,1
45740923,15681,1429.8433516297,6,718,2001,9,1,4,2,220000,8,2,2,1,0,14,8
45761256,314,259,1,853,2014,3,1,2,1.4,131893,4,0,1,1,0,3,0
45797618,20005,531,4,387,2012,9,1,5,1.6,107179,4,0,1,1,0,14,4
45764816,3293,1659,7,822,2014,9,1,5,2,0,8,0,0,1,0,14,12
45804991,43626,770,4,817,2016,4,1,1,1.7,122856,4,0,1,1,0,1,4
42265660,16725,1429.8433516297,6,339,2002,9,0,1,2,228000,4,2,2,1,0,1,6
45632043,2666,382,2,465,2015,9,1,2,2,100747,4,0,1,1,0,6,0
45362670,21950,757.14552238806,7,268,2014,1,0,5,2.5,92000,4,2,1,0,0,2,6
45652855,188,831,4,748,2011,9,1,2,2.4,108826,4,0,1,1,0,1,0
45809245,35617,765,1,289,2015,4,1,1,2,123843,4,0,1,1,0,7,4
45809441,21893,503,7,145,2012,3,1,5,1.5,58600,4,0,1,1,0,1,4
45651904,1646,640,2,465,2013,9,1,2,2,174619,4,0,1,1,0,7,0
45792635,9408,1429.8433516297,6,725,1992,9,1,0,3.7,123000,6,1,2,1,0,1,0
45645917,314,779,7,268,2013,9,1,2,2.5,225510,4,0,1,1,0,14,12
45732608,53872,765,4,733,2015,4,1,1,2,48484,4,0,1,1,0,12,4
45811231,22580,781,7,268,2012,9,1,5,2.5,13800,6,2,1,1,0,2,12
44930395,19444,673.483990147783,4,387,2016,9,0,5,1.8,75200,4,0,1,1,0,7,10
43832175,13956,757.14552238806,7,268,2014,9,1,2,2.5,266000,4,0,1,1,0,1,10
45768404,157,1363,5,516,2012,4,1,5,4.6,189704,8,0,0,1,0,7,0
45655558,3293,761,7,643,2010,3,1,2,1.8,159382,4,0,1,1,0,14,12
45809914,15530,502,7,145,2013,3,1,5,1.5,123700,4,0,1,1,0,1,4
45645797,5018,779,7,268,2013,9,1,2,2.5,190549,4,0,1,1,0,1,12
45809532,22473,502,3,425,2013,3,1,5,1.5,55000,4,0,1,1,0,5,4
45588228,20100,586,6,191,2012,9,1,5,1.8,96432,4,2,2,1,0,14,12
45809131,25089,502,7,145,2013,3,1,5,1.5,83362,4,0,1,1,0,1,4
45769381,5802,1055,6,361,2013,9,1,1,3.5,107800,6,0,2,1,0,7,12
45810662,14740,645,1,309,2011,9,1,5,1.8,117000,4,2,1,1,0,14,12
45776580,23521,731.977272727273,1,620,2017,9,1,5,1.5,53000,4,2,1,1,0,2,12
45735759,3607,2084,2,799,1992,2,0,1,2.5,1000,4,1,2,1,0,11,1
45809043,7919,503,7,145,2012,3,1,2,1.5,163312,4,0,1,1,0,12,4
45807336,13015,798,6,508,2015,4,1,1,2.1,199189,4,0,0,1,0,2,12
45756868,282,640,2,465,2013,9,1,2,2,174619,4,0,1,1,0,7,0
45801634,19707,531,4,387,2012,9,1,5,1.6,97000,4,0,1,1,0,14,4
45797078,13589,531,4,387,2012,9,1,5,1.6,162911,4,0,1,1,0,14,4
45809406,28015,595,7,145,2015,3,1,5,1.5,122637,4,0,1,1,0,1,4
45788610,43905,1011,2,630,2016,1,0,5,2.3,85000,4,2,2,0,0,2,8
45642662,5488,394,7,268,2014,9,1,2,2.5,109798,4,0,1,1,0,14,12
45770154,1019,831,4,387,2017,9,1,5,1.6,25635,4,0,1,1,0,1,12
45511009,47042,696,6,778,2013,6,0,1,2.2,220000,4,1,2,1,0,14,2
45781791,23207,582.788167938931,7,643,2013,3,0,2,1.8,71244,4,0,1,1,0,7,4
45671060,17876,455.705882352941,7,651,2013,9,0,2,1.5,65000,4,0,1,1,0,11,8
45781943,12544,741.884259259259,3,425,2011,9,0,2,1.3,120521,4,2,1,1,1,1,6
45649726,314,1399,5,701,2010,4,1,2,3.5,382746,6,0,0,1,0,12,12
45668904,11604,475,1,853,2012,9,1,6,1.4,0,4,0,1,1,0,12,10
45732061,53154,891,4,733,2016,4,1,1,2,99000,4,0,1,1,0,12,4
45802445,17719,765,4,525,2015,9,1,4,2,81125,4,0,1,1,0,12,4
45797815,14426,1185,4,526,2009,7,1,1,2.5,72999,4,0,1,1,0,1,4
45523494,6586,1077,7,220,2019,4,1,5,2,19968,4,0,1,1,0,14,12
45803606,20542,765,4,748,2015,9,1,4,2,43071,4,0,1,1,0,14,4
45801732,49000,765,0,64,2015,1,1,5,2,28800,4,2,2,0,0,1,10
45380780,18660,650,1,324,2016,9,1,5,1.4,9470,4,0,1,1,0,12,8
45794280,9408,1429.8433516297,6,716,2000,9,1,5,4.3,0,8,2,2,1,0,12,0
45474006,21953,582.788167938931,7,643,2012,3,0,2,1.8,90000,4,0,1,1,0,14,4
45591643,14113,888.488372093023,7,643,2006,9,0,2,1.5,0,4,3,1,1,0,12,12
45649752,862,394,7,268,2014,9,1,2,2.5,130478,4,0,1,1,0,14,12
45772936,392,1017,6,355,2017,9,1,5,2,1600,4,0,2,1,0,1,12
45470589,3,1082.27272727273,6,182,1998,9,0,1,2.2,20600,4,1,2,1,0,1,2
45650064,18817,609,7,268,2018,9,1,2,2.5,35058,4,0,1,1,0,14,12
45809465,28288,446,3,425,2014,3,1,5,1.3,36261,4,0,1,1,0,1,4
45682399,10036,2148,6,369,2001,9,0,5,2,230000,4,1,2,1,0,1,12
44982672,53314,915,0,94,2014,9,1,1,3,64000,6,2,2,1,0,7,12
45772407,94,1017,4,387,2017,4,1,5,2,284251,4,0,1,1,0,7,12
45265205,14269,1266,3,426,2014,9,0,2,1.5,76000,4,2,1,1,1,1,8
45760161,16308,1811,5,517,2010,4,1,5,4.6,357246,8,0,0,1,0,7,0
45732131,27858,640,4,733,2013,4,1,1,2,273371,4,0,1,1,0,12,4
45810534,22357,642,1,639,2012,4,1,1,2,176379,4,0,1,1,0,7,4
45814828,1882,862,7,268,2011,9,1,5,2.5,236936,4,0,1,1,0,2,12
45758420,20385,934,7,680,2015,4,1,5,2.5,91174,4,0,0,1,0,12,0
45767143,4704,896.105072463768,0,84,1998,9,0,5,2.8,250130,6,2,2,1,0,2,5
37812584,40,1599.33333333333,3,425,2003,3,0,5,1.3,120000,4,3,1,1,1,0,0
45772742,862,2455,5,517,2008,4,1,5,2,263190,8,0,0,1,0,14,0
45497296,12231,707,2,805,2011,2,0,5,2,160000,4,0,1,1,0,7,6
45814914,1803,585,7,643,2013,3,1,2,1.8,245486,4,0,1,1,0,2,12
45760862,4391,456,7,157,2015,9,1,2,2.5,0,4,0,1,1,0,14,12
45800995,8781,1848,6,335,1998,9,0,1,2.2,230000,4,1,2,1,0,12,7
45730976,44533,1413,4,522,2016,9,1,5,3.3,33705,4,0,1,1,0,7,4
45455218,16621,639,2,460,2014,3,0,5,2,130326,4,0,1,1,0,7,6
45804731,37066,770,4,817,2016,4,1,1,1.7,88000,4,0,1,1,0,12,4
44316413,24462,777,7,268,2014,9,1,5,2.5,66000,4,2,1,1,0,1,10
45762441,1333,585,5,258,2013,9,1,2,1.8,0,4,0,1,1,0,11,0
45803072,16546,769,4,733,2011,4,1,1,2.2,244538,4,0,1,1,0,12,4
45785705,11917,742,3,293,2008,9,0,2,1.3,248126,4,0,1,1,0,1,8
45803055,48534,1017,4,733,2017,4,1,1,2,78843,4,0,1,1,0,12,4
45809467,10349,830,1,407,2019,9,1,5,1.5,17051,4,0,1,1,0,14,12
45801621,20005,531,4,387,2012,9,1,5,1.6,96860,4,0,1,1,0,14,4
45809701,30891,697,3,293,2015,9,1,5,1.8,100658,4,0,1,1,0,12,4
45776860,14740,697,4,387,2015,9,1,5,1.8,10000,6,2,1,1,0,1,9
45645644,3607,781,7,268,2012,9,1,2,2.5,156518,4,0,1,1,0,14,12
45641176,3607,781,7,268,2012,9,1,2,2.5,156518,4,0,1,1,0,14,12
45660975,1882,1211,0,871,2010,4,1,1,3,265210,6,0,0,1,0,1,0
45731773,36219,1091,4,526,2016,10,1,1,2.5,156151,4,0,1,1,0,7,4
45794503,10976,2084,2,799,1998,6,0,1,2.5,325812,4,1,1,0,0,14,2
45810917,188,481,2,465,2017,9,1,2,2,78373,4,0,1,1,0,14,12
45798705,9408,1527,6,174,1999,9,0,5,1.8,250000,4,1,2,1,0,2,4
44044380,25402,1057.78571428571,7,274,2011,9,0,5,2.5,72000,4,2,1,1,0,12,10
45810980,11447,777,5,549,2014,9,1,5,2.5,87462,6,0,2,1,0,1,12
45797021,38574,518,7,268,2016,9,1,2,2.5,60000,5,0,1,1,0,14,12
45430423,9252,1673,2,799,2005,2,0,1,2,170000,4,1,1,0,0,14,4
45788453,18817,971.138888888889,6,201,2009,9,1,5,3,130000,6,2,1,1,0,14,0
45647069,26971,2067,6,251,2019,1,1,5,4,0,8,0,0,1,0,12,12
45797509,40688,1091,4,526,2016,10,1,1,2.5,135206,4,0,1,1,0,14,4
45802698,24283,640,4,733,2013,4,1,1,2,238939,4,0,1,1,0,12,4
45654431,1176,753,4,748,2012,9,1,2,2.4,0,4,0,1,1,0,11,0
45433733,3136,528,2,450,2014,3,0,5,1.6,144000,4,0,1,1,0,11,7
45782276,4704,862,4,523,2008,3,0,5,1.4,0,4,1,1,1,0,2,2
45814848,3293,810,7,298,2016,9,1,5,1.8,94602,4,0,1,1,0,1,12
45769021,251,753,4,748,2012,9,1,2,2.4,259184,4,0,1,1,0,12,0
41705081,16151,586,7,665,2012,3,0,2,1.8,144000,4,0,1,1,0,14,0
45803397,11604,639,4,748,2014,9,1,4,2,401021,4,0,1,1,0,12,4
45793329,13485,551,1,768,2017,9,1,5,1,32852,4,0,1,1,0,12,4
45733155,20266,642,4,748,2012,9,1,5,2,161952,4,0,1,1,0,1,4
45552232,15524,738,1,321,2017,9,0,5,1.4,26585,4,0,1,1,0,7,8
45807976,21950,862,4,527,2011,7,1,1,2.5,72000,4,2,2,1,0,14,2
45772602,20385,1507.30769230769,6,837,2004,6,1,1,2.2,400000,4,1,1,1,0,2,0
45624964,7213,915,0,871,2014,4,1,1,3,0,6,0,0,1,0,1,0
45688300,20385,1429.8433516297,6,619,2006,4,1,5,2,264000,8,0,0,1,0,1,6
45810826,3763,879,2,448,2019,9,1,5,1.6,47736,4,0,1,1,0,7,12
45437321,10976,843,7,643,2008,3,1,2,1.5,178000,4,3,1,1,0,5,12
45648502,8154,919,0,871,2012,4,1,1,3,103458,6,0,0,1,0,14,0
45660813,392,690,5,701,2016,4,1,2,3.5,27038,6,0,0,1,0,14,12
45796421,17249,562,1,317,2015,9,1,5,1.4,37000,4,0,1,1,0,3,8
41911644,7840,1111,3,425,2012,3,1,2,1.3,59000,4,3,1,1,1,1,4
45773229,470,1083,1,559,2013,9,1,5,3.6,295126,6,0,1,1,0,1,12
45649801,9722,609,7,268,2018,9,1,2,2.5,127515,4,0,1,1,0,1,12
45715705,21639,749,4,760,2014,9,0,5,2.4,92000,4,2,1,1,0,7,12
45814022,16308,586,7,643,2012,3,0,2,1.8,99000,4,0,1,1,0,2,7
45498407,21012,595.03007518797,2,465,2013,9,0,2,2,156800,4,0,1,1,0,1,12
45642885,28225,2366.56363636364,5,517,2003,4,1,0,2,175000,8,2,0,1,0,12,12
45804923,44875,930,4,817,2018,4,1,1,1.7,87862,4,0,1,1,0,14,4
45809909,35168,308,7,145,2015,10,1,2,1.5,31040,4,0,1,1,0,1,4
45770463,40769,1269,0,891,2009,4,1,5,3.5,158000,6,2,0,1,0,14,12
45804774,35237,891,4,817,2016,4,1,1,2,120142,4,0,1,1,0,14,4
45732669,13877,836,4,748,2010,9,1,5,2,161240,4,0,1,1,0,14,4
45065470,20695,697,2,799,2012,2,0,1,2.2,272000,4,1,1,1,0,14,2
45666890,13482,1690.85714285714,6,769,2000,6,0,1,2.2,360000,4,1,2,2,0,14,2
45762145,7213,1529,0,30,1998,9,0,0,1.9,312000,4,1,2,1,0,14,8
45803602,31361,1091,7,268,2016,9,1,5,2.5,70000,4,2,1,1,0,1,14
45807566,5645,1429.8433516297,6,372,1999,9,1,5,4.3,200000,8,0,2,1,0,12,8
45779350,52059,985.7,5,549,2015,9,1,5,2.5,93000,6,0,0,1,0,3,12
45773736,392,831,4,817,2011,4,1,5,2.4,179746,4,0,1,1,0,14,0
45733698,49431,765,4,748,2015,9,1,5,2,63750,4,0,1,1,0,1,4
45793637,11917,1681,0,35,2003,1,0,5,2,170005,4,2,2,0,0,2,8
45809450,34560,345,3,425,2016,10,1,2,1.5,23779,4,0,1,1,0,15,4
45762630,470,753,4,748,2012,4,1,2,2.4,123862,4,0,1,1,0,14,0
45809062,23129,831,1,289,2011,4,1,5,2.4,81344,4,0,1,1,0,14,4
45732576,55932,891,4,733,2016,4,1,1,2,90612,4,0,1,1,0,1,4
45768194,470,353,5,258,2015,3,1,2,1.8,115347,4,0,1,1,0,7,0
45781482,14426,1690.85714285714,6,769,2001,6,0,1,2.2,500,4,1,2,1,0,14,0
45637800,20385,639,2,465,2014,9,1,5,2,70600,4,2,1,1,0,14,8
44959956,26657,625.709923664122,1,317,2017,9,1,5,1.4,32000,4,0,1,1,0,14,12
45397225,10000,1521.27188940092,6,769,1998,6,1,0,3.2,128965,6,1,2,1,0,14,2
45771899,16621,1172,6,361,2011,9,1,1,3.5,119379,6,0,0,1,0,12,12
45816451,17249,934,2,465,2015,9,0,5,2.5,112000,5,0,1,1,0,14,8
45816321,157,1578,0,871,2015,4,1,5,4.4,117782,8,0,0,1,0,1,12
45810823,3450,1869,1,559,2019,9,1,5,3.6,18438,6,0,1,1,0,12,12
45612973,14740,474,1,317,2013,9,0,5,1.4,93000,4,0,1,1,0,10,8
45648537,10349,1018,0,871,2011,4,1,1,3,332243,6,0,0,1,0,1,0
45787271,33556,1055,6,361,2013,1,1,5,3.5,110000,6,2,2,0,0,1,8
45731827,7665,1099,4,525,2010,9,1,4,2.7,68224,4,0,1,1,0,12,4
45806835,1882,456,7,268,2015,9,1,2,2.5,273651,4,0,1,1,0,1,12
45751808,10506,2562,2,424,2019,9,1,5,2,7224,8,0,1,1,0,1,12
45770065,5802,1055,6,361,2013,9,1,1,3.5,107800,6,0,2,1,0,7,12
44815850,17249,1528,2,799,2007,6,0,1,2.4,168000,4,1,2,1,0,2,2
45668198,27598,985.7,5,549,2013,9,1,5,2.5,64023,8,2,0,1,0,14,6
45694879,20385,582.788167938931,7,643,2015,3,0,2,1.8,253206,6,0,1,1,0,12,6
45804466,67483,1055,5,694,2013,4,1,5,3.5,69997,4,0,1,1,0,1,4
45803198,20382,891,4,748,2016,9,1,5,2,44608,4,0,1,1,0,14,4
45417465,26343,259,1,853,2014,3,0,6,1.4,66000,4,0,1,1,0,12,10
45769096,16308,832.188679245283,2,409,2008,4,0,2,2.5,149000,4,0,0,1,0,14,12
45813867,549,761,7,643,2010,3,1,2,1.8,236539,4,0,1,1,0,14,0
45815236,7213,915,6,487,2014,4,1,1,3,86541,6,0,0,1,0,2,12
45813156,627,781,2,409,2012,4,1,2,2.5,239395,4,0,1,1,0,14,12
45789675,11917,1533.25,2,799,2005,6,0,1,2.9,231000,4,1,2,0,0,14,2
40423642,12544,1271.22222222222,7,268,2007,9,0,2,2.4,0,4,3,1,1,0,7,8
45765965,3450,1017,6,355,2017,9,1,5,2,50930,4,0,2,1,0,1,12
45524856,6586,1077,7,220,2019,1,1,5,2,5219,4,0,1,1,0,14,12
45776801,8781,1681,0,35,2000,9,0,5,2.5,207000,6,2,2,1,0,2,6
45798320,19601,629,4,387,2015,9,1,4,1.6,35607,4,0,1,1,0,14,4
45795856,20071,1405,0,872,2002,4,1,1,3,256000,6,2,0,2,0,12,12
45810495,17249,1711.27272727273,0,871,2004,4,1,4,4.4,240000,8,2,0,1,0,1,8
45648545,1490,1058,7,535,2012,4,1,2,3.5,363059,6,0,0,1,0,14,12
45763912,30734,2151,5,517,2009,4,1,5,2,264339,8,0,0,1,0,1,0
45649452,12074,888.488372093023,7,643,2008,9,1,2,1.5,167000,4,3,1,1,0,2,8
45807417,32302,1360,6,495,2013,4,1,5,4.6,214763,8,0,0,1,0,1,12
45804979,38016,770,4,817,2016,4,1,1,1.7,116082,4,0,1,1,0,14,4
45777630,18189,565.416666666667,2,214,2013,7,0,6,2,117000,4,0,1,1,0,14,0
45803471,15681,891,4,748,2016,9,1,4,2,258706,4,0,1,1,0,12,4
45598636,14113,1759,3,314,2006,4,0,5,2.4,1000,4,0,1,1,0,3,0
45781498,11604,1246,2,409,2008,4,0,2,2.3,156423,4,0,1,1,0,1,6
45797326,25264,777,4,526,2014,7,1,1,2.5,198916,4,0,1,1,0,15,4
45789872,15681,1429.8433516297,6,616,2001,4,1,5,2,170000,8,0,0,1,0,1,10
45810027,21558,503,7,145,2012,3,1,5,1.5,20400,4,0,1,1,0,2,4
45806434,14426,394,5,379,2014,9,1,2,2.5,176213,4,0,1,1,0,1,12
45732962,13485,765,4,748,2015,9,1,4,2,72369,4,0,1,1,0,12,4
45777033,15681,585,4,387,2013,9,1,5,1.8,70978,4,0,1,1,0,2,0
45802598,28589,640,4,733,2013,4,1,1,2,179067,4,0,1,1,0,1,4
45801445,16286,629,4,138,2015,9,1,1,1.6,39712,4,0,1,1,0,11,4
45810617,5018,364,1,768,2012,3,1,5,1,129436,4,0,1,1,0,12,4
45804593,9408,2084,2,799,1998,6,0,1,2.5,326729,4,1,2,1,0,7,2
45810146,20385,598.5,4,827,2012,3,1,5,1.6,120000,6,0,1,1,0,1,0
45808874,29777,831,1,162,2017,9,1,5,1.6,67122,4,0,1,1,0,1,4
45773489,15367,582.788167938931,7,643,2011,9,0,4,1.8,110000,4,3,1,1,0,12,4
45781988,19757,586,7,643,2012,3,0,2,1.8,182000,4,3,1,1,0,14,12
45679200,5645,1429.8433516297,6,351,1997,9,0,0,2.8,0,6,1,2,1,0,2,2
45811805,20385,565.416666666667,2,214,2012,3,0,2,2,117000,4,0,1,1,0,1,8
45619081,157,1055,6,361,2013,9,1,1,3.5,237158,6,0,0,1,0,1,12
45770495,34,872.02838865217,7,732,2005,3,0,5,1.3,134000,4,0,1,1,1,14,6
45797713,19416,583,4,387,2011,9,1,5,1.6,141799,4,0,1,1,0,14,4
42927238,72758,757.14552238806,7,268,2018,9,0,2,2.5,27000,4,2,1,1,0,3,12
44672035,25089,1338.90845620294,0,593,2008,9,1,5,2,150000,8,2,2,1,0,14,12
45525398,282,1077,7,220,2019,4,1,5,2,3237,4,0,1,1,0,1,12
45776590,12231,741.884259259259,3,425,2011,3,0,2,1.3,119000,4,2,1,1,1,12,4
45773340,5959,394,7,268,2014,9,1,2,2.5,0,4,0,1,1,0,1,12
45809854,16618,585,1,317,2013,9,1,5,1.8,119791,4,0,1,1,0,1,4
45769657,1646,1750,7,535,2008,4,1,2,3.3,269162,6,0,0,1,0,12,12
45765422,220,1194,7,792,2013,4,1,5,4,239342,6,0,0,1,0,12,12
45771046,5959,730,4,827,2016,9,1,5,1.6,91677,4,0,1,1,0,11,12
45809841,18519,584,1,317,2014,9,1,5,1.8,1000,4,0,1,1,0,2,4
45810421,23602,730,1,639,2016,4,1,1,1.6,110112,4,0,1,1,0,14,4
45698304,15681,1271.22222222222,7,268,2007,9,0,2,2.4,200000,4,0,1,1,0,7,6
45801529,15323,531,4,387,2012,9,1,5,1.6,117061,4,0,1,1,0,7,4
45808895,14069,1156,2,421,2017,4,1,5,2.3,61057,4,0,1,1,0,14,4
45733732,52696,765,4,748,2015,9,1,5,2,68920,4,0,1,1,0,14,4
45732013,10976,473,1,317,2014,9,1,5,1.4,83000,4,0,1,1,0,14,6
45809721,10697,586,1,317,2012,9,1,5,1.8,165392,4,0,1,1,0,14,4
45800218,17249,1684.925,6,361,2006,9,1,5,3.5,241000,6,2,0,1,0,1,12
45801865,14069,687,4,387,2010,9,1,5,1.6,100403,4,0,1,1,0,14,4
44533321,14113,2874,2,423,2006,4,1,5,4,117000,12,0,0,1,0,7,12
45767291,314,1624,6,361,2009,9,1,1,3.5,266061,6,0,0,1,0,1,12
45799067,28852,1017,4,387,2017,9,1,5,2,36400,4,2,1,1,0,12,12
45721275,30,1599.33333333333,3,425,2003,3,0,5,1.5,0,4,0,1,1,1,12,4
45813033,4704,1017,4,387,2017,9,1,5,2,45242,4,0,1,1,0,7,12
45809788,2430,584,3,293,2014,9,1,5,1.8,148640,4,0,1,1,0,2,12
45800123,7840,1599.33333333333,3,425,2005,3,0,5,1.3,123456,4,3,1,1,1,7,6
45688159,11917,382,4,748,2014,9,0,2,2.4,152000,4,0,1,1,0,1,10
45659046,1725,1363,6,605,2012,4,1,1,4.6,180659,8,0,0,1,0,1,12
45793481,6429,1282,1,289,2007,4,1,1,2,76113,4,0,1,1,0,12,4
45813195,188,1091,7,268,2016,9,1,5,2.5,96995,4,0,1,1,0,1,12
45793589,7683,1282,1,289,2007,4,1,1,2,64554,4,0,1,1,0,1,4
45647790,1882,1211,0,871,2010,4,1,1,3,265210,6,0,0,1,0,1,0
45653700,43278,1514,5,516,2011,4,1,5,4.6,160138,8,0,0,1,0,14,0
45731746,52959,1091,4,526,2016,10,1,1,2.5,85720,4,0,1,1,0,1,4
45806592,3607,831,1,620,2018,9,1,5,1.5,64600,4,0,1,1,0,7,12
45343362,45,1599.33333333333,3,425,2007,3,0,5,1.3,124000,4,0,1,1,1,2,4
45733492,46518,1017,4,748,2017,9,1,5,2,70000,4,0,1,1,0,7,4
45774608,15837,730,2,409,2016,4,0,5,1.6,0,4,0,0,1,0,1,0
45732586,61816,891,4,733,2016,4,1,1,2,33934,4,0,1,1,0,2,4
45810443,27425,730,1,639,2016,4,1,1,1.6,77836,4,0,1,1,0,7,4
45731805,21953,862,4,526,2011,7,1,1,2.5,61142,4,0,1,1,0,12,4
44164759,15681,690,1,622,2016,9,0,5,1.5,71671,4,0,1,1,0,12,8
45807632,11917,888.488372093023,7,643,2008,9,0,2,1.6,432000,2,0,0,1,0,7,0
45764155,1490,1360,5,517,2013,4,1,5,4.6,154115,8,0,0,1,0,1,0
45812757,392,1017,2,409,2017,4,1,5,2,110702,4,0,1,1,0,1,12
45781963,26030,757.14552238806,7,268,2012,9,1,2,2.5,148800,4,0,1,1,0,7,8
45797058,34905,777,4,526,2014,7,1,1,2.5,132023,4,0,1,1,0,7,4
45617025,13172,397,7,665,2016,3,0,2,1.8,23000,4,3,1,1,0,15,12
45801468,10192,531,4,138,2012,3,1,1,1.6,52352,4,0,1,1,0,1,4
45786779,7527,1082.27272727273,6,182,1999,2,0,1,2.2,150000,4,1,2,1,0,12,6
45755781,14426,761,7,643,2010,3,0,2,1.8,162424,4,0,1,1,0,14,0
45770072,941,1750,7,535,2008,9,1,2,3.3,226094,6,0,0,1,0,14,12
45805342,48610,1273,7,740,2015,7,1,5,3.5,93000,6,2,1,1,0,1,12
45803711,23991,765,4,817,2015,4,1,1,2,40602,4,0,1,1,0,7,4
45332550,39201,518,7,680,2016,4,1,2,2.5,115000,4,2,0,1,0,1,12
45803118,9879,765,4,748,2015,9,1,4,2,38600,4,0,1,1,0,12,4
45292420,67113,1946,7,70,2017,4,1,5,4,91813,8,0,0,1,0,1,10
45519429,45473,1690.85714285714,6,769,2008,6,1,1,2.2,357000,4,1,2,1,0,1,2
45732153,44790,891,4,733,2016,4,1,1,2,123206,4,0,1,1,0,14,4
45802625,32302,639,4,733,2014,4,1,1,2,42367,4,0,1,1,0,11,4
45770181,314,2410,6,361,2010,9,1,5,2,274771,8,0,2,1,0,14,12
45764706,9565,397,5,258,2016,3,1,2,1.8,71904,4,0,1,1,0,14,0
45808928,14069,1011,2,421,2016,4,1,5,2.3,63992,4,0,1,1,0,14,4
45810091,37611,1091,1,559,2016,9,1,5,2.5,136469,4,0,1,1,0,12,4
45806509,6743,1277,4,748,2018,9,1,5,2.4,57555,4,0,1,1,0,14,12
45646691,18817,609,7,268,2018,9,1,2,2.5,35058,4,0,1,1,0,14,12
45772903,1333,585,5,258,2013,9,1,2,1.8,0,4,0,1,1,0,11,0
45732715,10349,639,4,748,2014,9,1,4,2,128965,4,0,1,1,0,14,4
45803551,61781,1076,4,748,2020,9,1,5,2,98,4,0,1,1,0,14,4
45807159,18503,970.867153989687,2,811,2004,6,0,1,2.4,185641,4,1,2,0,0,14,4
45537093,12544,741.884259259259,3,425,2012,1,0,2,1.3,140000,4,0,1,1,1,12,10
45810029,52959,1091,1,559,2016,9,1,5,2.5,80245,4,0,1,1,0,1,4
45066063,13015,730,4,140,2016,3,0,5,1.6,74509,4,0,1,1,0,2,6
45733349,9722,765,4,748,2015,9,1,4,2,377149,4,0,1,1,0,8,4
45769651,30734,1053,6,361,2014,9,1,1,3.5,200179,6,0,0,1,0,1,12
45803114,9565,765,4,748,2015,9,1,4,2,38000,4,0,1,1,0,8,4
45798323,16160,531,4,387,2012,9,1,5,1.6,68976,4,0,1,1,0,14,4
45813725,28225,1338.90845620294,0,104,2011,9,1,5,3,213000,6,2,0,1,0,7,12
45802254,36899,777,4,526,2014,7,1,1,2.5,86227,4,0,1,1,0,12,4
45768091,1646,1750,7,535,2008,4,1,2,3.3,269162,6,0,0,1,0,12,12
45811007,5018,645,7,643,2011,3,1,2,1.8,489584,4,0,1,1,0,7,12
44904675,29009,891,4,819,2016,4,0,5,2,52019,4,0,0,1,0,14,10
45812974,157,749,4,748,2014,9,1,5,2.4,144123,4,0,1,1,0,12,12
45809103,7053,502,7,145,2013,3,1,2,1.5,152517,4,0,1,1,0,1,4
45761450,14069,1104,0,881,2015,4,1,5,4.4,65500,8,0,0,1,0,2,12
45809675,53185,784,3,293,2017,9,1,5,1.5,38037,4,0,1,1,0,14,4
45808704,7840,1429.8433516297,6,331,1995,9,0,0,2,554,4,1,2,1,0,2,2
45655549,470,586,7,643,2012,3,1,2,1.8,373634,4,0,1,1,0,14,12
45644978,706,574,3,560,2010,3,1,2,1.3,189571,4,0,1,1,0,12,0
45651083,11133,394,7,268,2014,9,1,2,2.5,179381,4,0,1,1,0,1,12
45813484,282,753,4,748,2012,9,1,2,2.4,277614,4,0,1,1,0,14,0
45807545,110,765,6,201,2015,9,1,5,2,64003,4,0,2,1,0,12,12
45803653,14834,707,4,817,2011,4,1,1,2,40973,4,0,1,1,0,14,4
45788147,10976,2078,0,46,2000,1,1,5,2.5,45595,6,1,2,0,0,1,8
45802317,16935,1141,7,268,2009,9,0,5,2.4,125000,4,0,0,1,0,5,4
45795414,11604,888.488372093023,7,643,2007,9,1,2,1.5,300000,4,3,1,1,0,12,16
45732666,10976,765,4,748,2015,9,1,4,2,128965,4,0,1,1,0,14,4
45803411,13485,765,4,748,2015,9,1,4,2,72369,4,0,1,1,0,12,4
45772588,1803,765,1,10,2015,9,1,5,2,55040,4,0,1,1,0,12,12
45813314,17249,1058,5,694,2012,4,1,5,3.5,0,6,0,1,1,0,1,12
45778090,20385,642,4,748,2012,9,1,5,2,82000,4,2,1,1,0,12,9
45803927,20237,836,4,817,2010,4,1,1,2,130001,4,0,1,1,0,7,4
45803327,13495,707,4,748,2011,9,1,5,2,91678,4,0,1,1,0,7,4
45648818,18817,609,7,268,2018,9,1,2,2.5,35058,4,0,1,1,0,14,12
44342500,21500,1296,7,70,2003,4,0,5,2,146000,6,0,0,1,0,1,6
45656638,706,574,3,560,2010,3,1,2,1.3,189571,4,0,1,1,0,12,0
45797299,26971,836,4,522,2010,1,1,5,2,140013,4,0,1,1,0,11,4
45776995,6586,1527,6,174,1998,9,0,0,1.8,250000,4,0,2,1,0,14,0
45769330,12544,1750,7,535,2008,4,1,2,3.3,334414,6,0,0,1,0,14,12
45776999,15681,584,4,387,2014,9,0,5,1.8,73688,4,0,1,1,0,12,0
45809587,56450,2959,7,576,2008,4,1,5,2,176400,8,0,0,1,0,7,12
45790830,12544,584,1,317,2014,9,0,5,1.8,87685,4,0,1,1,0,2,0
45770198,314,1053,6,361,2014,9,1,1,3.5,149486,6,0,0,1,0,12,12
45796949,9408,1429.8433516297,6,238,2002,1,1,1,2.7,294000,5,2,2,0,0,2,0
45802690,19657,836,4,733,2010,4,1,1,2,188000,4,0,1,1,0,7,4
45625438,13172,697,4,387,2015,9,0,5,1.8,147200,4,0,1,1,0,14,8
45816307,282,917,0,871,2013,4,1,5,3,176973,6,0,0,1,0,1,12
45732637,16151,891,4,748,2016,9,1,4,2,227033,4,0,1,1,0,14,4
45770177,9408,585,4,387,2013,4,1,5,1.8,207606,4,0,1,1,0,7,12
45497404,13172,1834,6,837,2004,7,0,1,2.2,179375,4,1,2,0,0,2,0
45654365,188,831,4,748,2011,9,1,2,2.4,108826,4,0,1,1,0,1,0
45811044,5018,939.882352941176,7,849,2000,3,0,5,1,111111,4,0,1,1,1,9,4
45809528,30251,765,1,289,2015,4,1,1,2,123097,4,0,1,1,0,7,4
45677276,16621,673.483990147783,4,387,2012,9,0,5,1.8,109000,4,0,1,1,0,12,8
39385874,27582,1836,6,772,2008,6,0,1,2.2,300000,4,0,2,0,0,14,2
45803638,18029,836,4,817,2010,4,1,1,2,195953,4,0,1,1,0,14,4
45797656,13172,1024,4,526,2010,7,1,1,2.5,115078,4,0,1,1,0,12,4
45797060,11099,836,4,522,2010,1,1,5,2,111849,4,0,1,1,0,14,4
45771071,470,1017,6,355,2017,9,1,5,2,35874,4,0,0,1,0,1,12
45793904,9408,965,1,289,2009,4,1,1,2,63648,4,0,1,1,0,1,4
45792542,80,673.483990147783,4,387,2013,9,1,4,1.8,208000,6,2,1,1,0,5,6
45813592,5488,1685,0,35,1994,1,1,5,2,1000,6,1,2,1,0,2,6
45755382,12544,741.884259259259,3,425,2011,3,0,2,1.3,123000,4,0,1,1,1,2,4
45807601,6968,1338.90845620294,0,45,2003,10,0,5,2.3,200000,4,2,0,1,1,2,6
44480912,24000,2265,3,462,2019,7,1,2,1.5,1544,4,0,1,1,1,11,2
44293576,24148,757.14552238806,7,268,2012,9,0,2,2.4,154000,4,0,1,1,0,12,8
45809121,44228,800,2,630,2011,1,1,5,2.3,99971,4,0,1,1,0,11,4
45809155,25274,503,7,145,2012,3,1,2,1.5,88836,4,0,1,1,0,14,4
45760113,26657,1702.77011494253,7,535,2008,4,0,2,3.3,128487,8,3,0,1,0,1,8
44963869,17249,1533.25,2,799,2007,6,0,1,2.4,165000,4,1,2,1,0,2,2
45815525,7840,1599.33333333333,3,425,2003,3,0,5,1.5,209000,4,2,0,1,1,14,2
45769541,14583,834,7,792,2013,4,1,5,2.7,265558,4,0,2,1,0,14,12
45806930,16308,308,7,643,2014,3,0,2,1.8,88447,4,0,1,1,0,12,12
45435109,13350,888.488372093023,7,643,2009,9,1,2,1.5,15000,4,0,1,1,0,5,10
45773248,4547,475,1,853,2012,3,1,2,1.4,162190,4,0,1,1,0,2,0
45640530,282,640,2,465,2013,9,1,2,2,174619,4,0,1,1,0,7,0
45786994,12231,650,1,326,2016,9,0,5,1.4,9000,4,2,1,1,0,4,12
45049360,46728,1329.79585953434,5,380,2014,9,1,2,2.5,133000,4,0,1,1,0,1,10
45732843,15681,891,4,748,2016,9,1,4,2,267311,4,0,1,1,0,12,4
45804454,45210,1399,5,694,2010,4,1,5,3.5,74592,4,0,1,1,0,1,4
45712358,16621,1533.25,2,799,2004,6,0,1,2.4,180000,4,1,2,1,0,14,2
45768841,627,645,4,387,2011,4,1,5,1.8,172502,4,0,1,1,0,1,12
45772360,30734,2151,5,517,2009,4,1,5,2,264339,8,0,0,1,0,1,0
45772412,1490,1360,5,517,2013,4,1,5,4.6,154115,8,0,0,1,0,1,0
45773773,1254,462,7,643,2019,9,1,2,1.8,7518,4,0,0,1,0,14,12
45813423,470,605,7,268,2020,9,1,2,2.5,3541,4,0,1,1,0,1,12
45772589,251,1750,7,535,2008,4,1,2,3.3,318467,6,0,0,1,0,2,12
45655658,282,1399,5,701,2010,4,1,2,3.5,311949,6,0,1,1,0,12,12
45813596,28980,691.5,7,279,2014,9,0,2,2.5,145000,4,0,1,1,0,1,8
45813879,1803,777,2,465,2014,9,1,5,2.5,83213,4,0,1,1,0,8,12
45777139,21953,779,7,268,2013,9,0,5,2.5,140328,4,0,1,1,0,7,0
45775361,13485,2467,0,56,2004,9,1,5,3,149770,6,0,2,1,0,7,8
45774679,18817,582.788167938931,7,643,2010,9,1,4,1.8,145000,4,0,1,1,0,14,6
45787437,14113,749.991967871486,7,145,2012,9,1,2,1.5,147000,4,3,1,1,1,14,0
45802341,18346,862,4,526,2011,7,1,1,2.5,76519,4,0,1,1,0,14,4
45809469,25597,769,1,289,2011,4,1,1,2.2,88565,4,0,1,1,0,7,4
45733519,39458,900,4,748,2015,9,1,5,2.4,120000,4,0,1,1,0,3,4
45813111,188,259,1,853,2014,3,1,2,1.4,140461,4,0,1,1,0,11,12
45766711,3293,761,7,643,2010,4,1,2,1.8,0,4,0,1,1,0,14,12
45764104,30734,2151,5,517,2009,4,1,5,2,264339,8,0,0,1,0,1,0
45650309,29479,1058,7,535,2012,4,1,2,3.5,205250,6,0,0,1,0,12,12
45732994,23104,891,4,748,2016,9,1,4,2,100702,4,0,1,1,0,12,4
44670645,18189,582.788167938931,7,643,2010,3,1,2,1.8,174000,4,3,1,1,0,14,8
45621658,18189,1172,6,361,2011,9,1,1,3.5,248525,6,0,0,1,0,1,12
45801734,18240,687,4,387,2010,9,1,5,1.6,100230,4,0,1,1,0,1,4
45436193,10349,888.488372093023,7,643,2006,3,0,5,1.5,220000,4,3,1,1,0,7,12
45656559,392,761,7,643,2010,3,1,2,1.8,267165,4,0,1,1,0,14,12
45765275,706,1850,6,361,2008,9,1,1,3.5,122874,6,0,2,1,0,1,12
45810080,24085,503,7,145,2012,3,1,5,1.5,42796,4,0,1,1,0,11,4
45810627,8674,364,1,768,2012,3,1,5,1,50261,4,0,1,1,0,14,4
41957882,14069,1338.90845620294,0,895,2014,4,1,5,4.4,95000,8,2,0,1,0,1,12
45284313,19444,781,7,268,2012,9,1,5,2.5,104000,8,2,1,1,0,14,6
45465321,314,1077,7,220,2019,4,1,5,2,47253,4,0,1,1,0,1,12
45642376,251,607,7,268,2019,9,1,2,2.5,39552,4,0,1,1,0,1,12
45801400,21953,862,6,374,2004,9,1,5,2,99000,8,2,2,1,0,1,10
45801452,16621,673.483990147783,4,387,2014,9,0,5,1.8,66000,4,2,1,1,0,4,0
45802960,59087,971,4,733,2016,4,1,1,2.2,71867,4,0,1,1,0,3,4
45804879,60994,1077,4,817,2019,4,1,1,2,1217,4,0,1,1,0,2,4
45804516,22357,836,4,817,2010,4,1,1,2,160114,4,0,1,1,0,7,4
45802125,35846,1249,4,526,2017,10,1,1,2.5,143629,4,0,1,1,0,1,4
45774264,22580,1017,6,355,2017,9,1,5,2,50930,4,0,2,1,0,1,12
45787084,21953,1026.00733117836,3,445,2016,9,1,5,1.5,55000,4,2,1,1,0,4,4
45733319,15367,765,4,748,2015,9,1,4,2,509362,4,0,1,1,0,12,4
43965200,14069,1500.5,7,583,2018,4,1,1,3,92000,6,2,0,1,0,2,12
44987376,13485,753,4,748,2012,9,0,5,2.4,108000,4,0,1,1,0,2,8
45788627,14113,1841,6,347,2002,9,0,1,2.7,378000,5,2,2,1,0,12,12
45776402,17562,751,4,748,2013,9,0,2,2.4,162000,4,2,1,1,0,1,12
45813436,1019,1736,0,891,2010,4,1,5,4.4,0,8,0,0,1,0,7,12
45620667,8938,1399,6,361,2010,9,1,1,3.5,256914,6,0,0,1,0,7,12
45360889,21953,777,7,268,2014,9,1,5,2.5,160000,6,0,1,1,0,7,10
45798488,3136,2078,0,46,2001,9,1,5,2.5,1000,6,1,2,1,1,1,2
45815282,4077,761,7,298,2010,9,1,5,1.8,232507,4,0,1,1,0,7,0
45804626,39226,1017,4,817,2017,4,1,1,2,98273,4,0,1,1,0,7,4
45797481,11704,687,4,387,2010,9,1,5,1.6,180093,4,0,1,1,0,1,4
45652018,941,1058,5,701,2012,4,1,2,3.5,232357,6,0,0,1,0,1,12
45762304,862,259,1,853,2014,4,1,2,1.4,133195,4,0,1,1,0,1,0
45791044,11290,872.02838865217,7,824,2004,7,0,5,2,186000,4,0,1,1,1,14,6
45806604,4077,308,7,643,2014,3,1,2,1.8,173605,4,0,1,1,0,7,12
45803159,15681,891,4,748,2016,9,1,4,2,236958,4,0,1,1,0,14,4
45803070,33870,765,4,733,2015,4,1,1,2,50031,4,0,1,1,0,14,4
45764486,4861,1324,7,535,2010,4,1,2,3.3,264877,6,0,0,1,0,14,12
43995670,24462,1405,0,871,2009,4,1,5,3,107000,6,2,0,1,0,1,8
45484571,11917,1246,2,409,2008,4,0,2,2.3,164470,4,0,0,1,0,6,8
45751935,3136,585,4,387,2013,9,1,5,1.8,286043,4,0,1,1,0,1,12
45787508,19444,900,4,748,2015,9,0,5,2.4,51000,4,2,1,1,0,3,12
45733337,9722,765,4,748,2015,9,1,4,2,413499,4,0,1,1,0,8,4
45732643,13978,765,4,748,2015,9,1,4,2,51865,4,0,1,1,0,12,4
45732382,45025,639,4,733,2014,4,1,1,2,106806,4,0,1,1,0,7,4
45732112,48108,765,4,733,2015,4,1,1,2,119038,4,0,1,1,0,7,4
45647516,314,779,7,268,2013,9,1,2,2.5,225510,4,0,1,1,0,14,12
45619026,157,1058,6,361,2012,9,1,1,3.5,174253,6,0,0,1,0,1,12
45804660,12388,741.884259259259,3,425,2013,3,0,2,1.3,182300,4,0,1,1,1,12,6
45757788,13485,934,2,465,2015,9,0,5,2.5,122395,4,0,1,1,0,7,0
45653705,34811,1363,5,516,2012,4,1,5,4.6,229334,8,0,0,1,0,1,0
45648585,157,1058,6,605,2012,4,1,1,3.5,245762,6,0,0,1,0,1,12
45803391,10036,891,4,748,2016,9,1,4,2,458442,4,0,1,1,0,8,4
45809862,53185,690,3,293,2016,9,1,5,1.5,22715,4,0,1,1,0,7,4
44807224,28222,862,6,212,1999,9,1,5,4.3,61000,8,0,2,1,0,12,8
45805014,13777,836,4,817,2010,4,1,1,2,65594,4,0,1,1,0,7,4
45800412,18503,585,7,665,2013,10,1,5,1.8,267200,4,3,1,1,0,14,0
45802620,29489,640,4,733,2013,4,1,1,2,210768,4,0,1,1,0,12,4
45787154,56450,1190,7,70,2014,4,1,5,4,135000,6,0,0,1,0,7,0
45126766,21012,1338.90845620294,0,6,2009,1,1,5,3,198000,6,2,2,1,0,14,8
45803300,7683,640,4,748,2013,9,1,4,2,90178,4,0,1,1,0,12,4
45645625,11133,394,7,268,2014,9,1,2,2.5,179381,4,0,1,1,0,1,12
45798930,23521,1711.27272727273,0,871,2008,4,1,5,3,180000,6,2,0,1,0,2,10
45762462,2038,779,1,620,2013,9,1,5,2.5,200338,4,0,1,1,0,7,12
45525377,2587,1079,7,220,2018,4,1,5,2,16213,4,0,1,1,0,7,12
45815656,12544,585,4,387,2013,9,0,5,1.8,176000,4,2,1,1,0,1,12
45771441,56136,1017,6,355,2017,9,1,5,2,50963,4,0,2,1,0,1,12
45810070,66150,831,3,293,2018,3,1,5,1.5,17223,4,0,1,1,0,1,4
45816580,4077,1079,4,387,2018,9,1,5,2,46686,4,0,1,1,0,12,12
45802974,62653,1077,4,733,2019,4,1,1,2,7865,4,0,1,1,0,3,4
45809280,23722,271,7,145,2014,3,1,2,1.5,41500,4,0,1,1,0,2,4
45797024,31581,777,4,526,2014,7,1,1,2.5,175342,4,0,1,1,0,7,4
45790390,18817,586,7,643,2012,3,0,2,1.8,205248,4,0,1,1,0,1,0
45653541,22894,1273,6,605,2015,4,1,1,3.5,79080,6,0,0,1,0,7,12
45767509,2430,1598,6,361,2008,9,1,1,3,175614,6,0,2,1,0,1,12
45805833,17421,1387.22222222222,3,638,2006,7,1,0,3.5,220000,6,0,1,1,0,14,8
44631622,11290,741.884259259259,3,425,2011,3,0,2,1.3,120000,4,0,1,1,1,11,10
45816549,5645,1079,4,387,2018,9,1,5,2,31470,4,0,1,1,0,14,12
45816531,7370,810,4,387,2016,9,1,5,1.8,215032,4,0,1,1,0,3,12
45755785,34497,1104,0,881,2010,4,1,5,4.4,150000,8,2,0,1,0,1,12
45766473,15681,1429.8433516297,6,614,2002,4,1,0,2,0,8,2,0,1,0,1,12
45796783,13589,1347,4,526,2008,10,1,1,2.5,234278,4,0,1,1,0,15,4
45644575,784,394,7,268,2014,9,1,2,2.5,102397,4,0,1,1,0,1,12
45755697,5331,585,5,258,2013,3,1,2,1.8,174043,4,0,1,1,0,14,0
45765230,627,1058,6,361,2012,9,1,1,3.5,318285,6,0,0,1,0,1,12
45619321,1568,1598,6,361,2008,9,1,1,3,175614,6,0,2,1,0,1,12
45789503,31361,919,0,871,2012,4,1,1,3,208000,6,2,0,1,0,14,6
45801888,12849,687,4,387,2010,9,1,5,1.6,113861,4,0,1,1,0,12,4
45651719,470,753,4,748,2012,9,1,2,2.4,202864,4,0,1,1,0,2,0
45798524,17876,639,4,399,2014,3,1,5,2,104000,4,0,1,1,0,11,8
44415285,11917,1195,2,799,2008,10,0,1,2.2,172323,4,1,1,1,0,14,2
45802593,34497,456,7,268,2015,9,1,2,2.5,89000,4,0,1,1,0,14,12
45797029,18500,707,4,522,2011,1,1,5,2,168315,4,0,1,1,0,1,4
45656813,13956,603,5,701,2015,4,1,2,3.5,143619,6,0,0,1,0,1,12
45800060,10976,2084,2,799,1995,6,0,1,2.5,200000,4,1,2,2,0,14,2
45543017,16621,1888,0,87,2003,9,0,5,3,190000,6,2,2,1,0,12,6
45732958,11604,639,4,748,2014,9,1,4,2,336971,4,0,1,1,0,12,4
45636327,16935,765,2,465,2015,9,1,5,2,71454,4,0,1,1,0,1,0
45773218,941,2467,2,171,2005,4,1,5,3,264666,6,0,1,1,0,7,12
45776705,10036,888.488372093023,7,643,2005,9,0,2,1.5,197000,4,0,1,1,0,12,8
45809753,25387,595,3,425,2015,3,1,5,1.5,73225,4,0,1,1,0,12,4
45746575,10976,1267,3,425,2013,3,0,2,1.5,109000,4,0,1,1,1,2,8
45761646,60,888.488372093023,7,643,2009,9,0,2,1.5,128965,2,0,1,1,0,14,2
45803211,16935,1017,4,748,2017,9,1,4,2,275721,4,0,1,1,0,14,4
45776673,49237,891,0,50,2016,9,1,5,2,33000,4,2,2,1,0,7,10
45815911,4704,749,4,733,2014,4,1,5,2.4,306288,4,0,1,1,0,11,12
45755120,470,382,2,465,2015,9,1,2,2,149048,4,0,1,1,0,14,0
40484138,17249,455.705882352941,7,651,2014,3,1,2,1.5,69000,5,0,1,1,1,14,12
45810135,11848,790,1,575,2009,9,1,5,1.6,87250,4,0,1,1,0,7,4
44948908,53314,910.173913043478,6,498,2016,4,1,5,2,65000,4,0,0,1,0,1,12
45763931,54568,1360,5,517,2013,4,1,5,4.6,202651,8,0,0,1,0,1,0
45635147,2666,382,2,465,2015,9,1,2,2,100747,4,0,1,1,0,6,0
45425171,29793,1690.85714285714,6,769,2004,6,0,1,2.2,371500,4,1,0,1,0,14,2
45433667,19444,831,3,312,2011,4,1,5,2.4,180000,4,0,0,1,0,2,6
45771300,188,1185,2,409,2009,4,1,2,2.5,196682,4,0,1,1,0,1,0
45788423,7213,1429.8433516297,6,357,1997,9,0,0,3.2,180000,6,0,2,1,0,2,8
42806635,34497,1429.8433516297,6,848,2009,7,0,1,2.2,160000,4,2,2,1,0,6,6
45732685,11415,765,4,748,2015,9,1,4,2,286046,4,0,1,1,0,12,4
45803488,13172,891,4,748,2016,9,1,4,2,475406,4,0,1,1,0,8,4
45540550,14069,971.138888888889,6,201,2018,9,1,5,2,10000,4,2,2,1,0,14,12
45624795,7997,1537,7,535,2009,4,1,2,3.3,251278,6,0,0,1,0,6,12
45789869,45473,919,6,491,2012,4,1,1,3,140200,6,0,0,1,0,7,10
45782091,7997,761,7,643,2010,3,0,2,1.8,153795,4,3,1,1,0,7,10
45811135,10976,872.02838865217,7,825,2003,7,0,5,2,195000,4,0,1,1,1,12,1
45762520,10663,1273,7,740,2015,9,1,5,3.5,53014,6,0,1,1,0,7,12
45758602,18000,399,3,739,2019,3,0,2,1.5,9000,4,0,0,1,0,12,6
45813428,188,1091,7,268,2016,9,1,5,2.5,61098,4,0,1,1,0,1,12
45760009,15053,1338.90845620294,0,901,2003,0,1,5,2.5,15000,6,1,2,0,0,2,2
45648312,5018,779,7,268,2013,9,1,2,2.5,190549,4,0,1,1,0,1,12
45776795,9408,1599.33333333333,3,425,2006,3,0,5,1.5,150000,4,1,1,1,1,12,2
45799369,12231,888.488372093023,7,643,2009,3,1,2,1.5,187000,4,0,1,1,0,7,6
45770398,15210,1141,7,268,2009,9,1,2,2.4,24817,4,0,1,1,0,12,12
45811784,48296,919,6,605,2012,4,1,1,3,203500,6,2,0,1,0,12,12
45787911,23521,966.724137931034,0,94,2008,9,1,5,3,186000,6,2,2,1,0,1,12
45751260,24462,769,6,841,2011,6,0,1,2.2,260000,4,1,2,2,0,14,8
45801195,17876,697,4,387,2015,3,0,5,1.8,62000,4,2,1,1,0,1,6
45732633,15530,891,4,748,2016,9,1,4,2,246040,4,0,1,1,0,12,4
43272676,56450,1122.62941176471,5,701,2013,4,1,2,3.5,85000,6,2,0,1,0,14,12
44166194,27000,1690.85714285714,6,769,2003,6,0,1,2.7,230000,5,1,2,1,0,14,1
45810545,21181,642,1,639,2012,4,1,1,2,92866,4,0,1,1,0,12,4
45793131,6429,961,1,317,2009,9,1,1,2,66287,4,0,1,1,0,1,4
45797017,15612,966,4,522,2009,1,1,5,2,137851,4,0,1,1,0,1,4
45653715,4077,1363,5,516,2012,4,1,5,4.6,150909,8,0,0,1,0,1,0
45786848,10976,988,7,643,2007,9,0,2,1.5,0,4,3,1,1,0,12,10
45802238,24433,777,4,526,2014,7,1,1,2.5,128000,4,0,1,1,0,7,4
45787202,14113,585,4,387,2013,9,0,5,1.8,89000,4,2,1,1,0,12,8
45647685,314,1646,5,516,2015,4,1,5,4.6,102907,8,0,0,1,0,1,0
45804885,9408,645,7,643,2011,3,0,2,1.8,318400,4,0,1,1,0,14,8
45690564,18817,455.705882352941,7,651,2012,3,0,2,1.5,120000,4,0,1,1,0,7,6
45802963,25810,836,4,733,2010,4,1,1,2,132000,4,0,1,1,0,14,4
45794841,6272,1429.8433516297,6,135,2000,3,0,1,1.7,270000,4,1,1,1,0,12,4
44480639,18000,2266,7,741,2018,7,1,5,1.5,15000,4,0,1,1,1,1,2
45653882,220,1399,5,701,2010,4,1,2,3.5,317470,6,0,0,1,0,7,12
45809302,22166,503,7,145,2012,3,1,2,1.5,91000,4,0,1,1,0,15,4
45804821,34240,639,4,817,2014,4,1,1,2,117436,4,0,1,1,0,14,4
45762775,8311,891,6,498,2016,4,1,5,2,109555,4,0,1,1,0,14,0
45802302,4704,1426.38333333333,2,630,1986,1,0,5,3.8,12000,6,0,2,0,0,14,0
45645429,2038,1172,6,605,2011,4,1,1,3.5,186542,6,0,0,1,0,14,12
45811132,14583,1058,5,701,2012,4,1,2,3.5,257072,6,0,0,1,0,7,12
45701625,11290,1119.75,7,298,2007,9,0,5,1.4,211000,4,1,1,1,0,1,6
45760918,94,441,4,748,2015,9,1,2,2.4,261928,4,0,1,1,0,1,0
45614391,26343,777,7,268,2014,9,1,5,2.5,132000,4,2,1,1,0,12,12
45802692,32954,639,4,733,2014,4,1,1,2,195861,4,0,1,1,0,14,4
45792047,627,831,1,620,2011,9,1,5,2.4,489821,4,0,1,1,0,12,12
45803942,14113,802.125,2,799,2010,6,0,5,3,185000,6,2,2,1,1,6,11
45807073,29793,1823,6,502,2018,4,1,5,3.5,9765,6,0,0,1,0,14,12
45785485,17249,503,7,651,2012,3,0,2,1.5,75000,4,0,1,1,0,14,8
45804016,53188,877,4,817,2017,4,1,1,1.7,66911,4,0,1,1,0,7,4
45802541,14069,1176,4,733,2019,7,1,1,2.2,14480,4,0,1,1,0,14,4
45776433,20385,779,7,268,2013,9,1,5,2.5,87000,6,2,1,1,0,12,0
45796927,19657,781,4,526,2012,10,1,1,2.5,236332,4,0,1,1,0,12,4
45801891,27924,880,4,387,2018,9,1,5,1.6,53000,4,0,1,1,0,14,4
45809620,13877,585,1,317,2013,9,1,5,1.8,125874,4,0,1,1,0,14,4
45333124,8467,939.882352941176,7,849,2006,9,0,5,1,170000,4,0,1,1,1,2,4
45802345,13768,862,4,526,2011,7,1,1,2.5,53440,4,0,1,1,0,12,4
45654591,220,1399,5,701,2010,4,1,2,3.5,317470,6,0,0,1,0,7,12
45791598,15649,1440,0,84,2009,9,1,4,2.8,240000,6,2,2,1,0,1,6
45803108,8467,765,4,748,2015,9,1,4,2,541854,4,0,1,1,0,8,4
45776714,23521,377.528,1,853,2013,3,1,6,1.4,102000,4,3,1,1,0,11,12
45809415,22502,447,3,425,2013,3,1,5,1.3,107300,4,0,1,1,0,14,4
45804001,23505,639,4,817,2014,4,1,1,2,31169,4,0,1,1,0,14,4
45653933,392,690,5,696,2016,4,1,2,3.5,27038,6,0,0,1,0,14,12
45758201,20385,1451,0,107,2011,9,1,5,4.4,85723,8,0,0,1,0,1,0
43813860,53314,582.788167938931,7,643,2017,9,1,6,1.8,32000,4,3,1,1,0,14,8
45802601,24600,765,4,733,2015,4,1,1,2,214420,4,0,1,1,0,14,4
45810630,7370,364,1,768,2013,7,1,5,1,48143,4,0,1,1,0,12,4
45781359,21639,781,7,680,2012,4,0,5,2.5,58000,4,0,0,1,0,1,12
45786131,17876,582.788167938931,7,643,2012,3,0,2,1.8,161000,4,3,1,1,0,13,6
45803022,68148,1077,4,733,2019,4,1,1,2,31327,4,0,1,1,0,14,4
45661022,9879,1018,6,605,2011,4,1,1,3,275862,6,0,0,1,0,12,12
45607103,14000,501,7,705,2014,3,0,5,1.5,34000,4,0,1,1,0,1,2
45801448,14426,629,4,138,2015,3,1,1,1.6,36871,4,0,1,1,0,7,4
31881664,3700,696,6,337,2001,9,1,1,2.2,0,4,0,2,1,1,2,4
45776852,16935,1429.8433516297,6,331,2007,9,1,1,2.2,333444,4,2,2,1,0,0,8
45567391,6899,1429.8433516297,6,235,1998,1,1,5,2.3,301000,6,0,2,0,0,12,5
45796850,16766,1024,4,526,2010,10,1,1,2.5,213696,4,0,1,1,0,7,4
45434036,48296,1055,5,694,2013,4,1,5,3.5,92000,6,2,0,1,0,12,12
45382087,37633,730,4,818,2017,4,1,5,2,131200,6,2,1,1,0,7,8
45813903,50178,1429.8433516297,6,331,2014,9,1,1,2.1,238000,4,0,2,1,0,1,10
45787671,14740,1888,0,87,2004,9,1,5,3,280000,6,2,2,1,0,7,8
45474606,13485,1338.90845620294,0,92,2002,9,0,5,3,155000,6,2,2,1,0,12,12
45728039,30107,1058,5,701,2012,4,1,2,3.5,236016,6,0,1,1,0,1,12
45396868,36000,1222.57819905213,6,361,2012,9,1,1,3,97500,6,2,2,1,0,1,16
45718254,12544,645,7,643,2011,9,0,2,1.8,20000,4,0,1,1,0,2,12
45814788,549,1018,6,201,2011,9,1,5,3,155058,6,0,2,1,0,14,12
45773504,26030,382,1,853,2017,3,1,2,1.5,52062,4,0,1,1,0,2,0
45641672,784,394,7,268,2014,9,1,2,2.5,102397,4,0,1,1,0,1,12
45797122,13630,966,4,522,2009,1,1,5,2,104157,4,0,1,1,0,7,4
45760033,188,382,1,853,2017,3,1,2,1.5,125358,4,0,1,1,0,7,0
44802996,50178,1222.57819905213,6,361,2014,9,1,5,3.5,75000,6,0,0,1,0,12,12
45792894,13485,2084,2,799,1997,2,1,1,2.5,134080,4,1,2,1,0,2,2
45801630,19707,583,4,387,2011,9,1,5,1.6,76462,4,0,1,1,0,7,4
45732758,16894,836,4,748,2010,9,1,5,2,195921,4,0,1,1,0,1,4
45782659,5959,1429.8433516297,6,230,2000,1,1,5,2,0,6,1,2,0,0,1,6
45767579,16308,595.03007518797,2,465,2010,9,1,2,2.5,250000,4,3,1,1,0,1,8
45655717,23521,757.14552238806,7,268,2012,9,0,5,2.5,102000,4,2,1,1,0,14,0
45762479,862,779,1,620,2013,9,1,5,2.5,228285,4,0,1,1,0,14,12
45813945,706,639,6,227,2014,9,1,5,2,62976,4,0,1,1,0,12,12
45659834,941,1646,5,516,2015,4,1,5,4.6,188078,8,0,0,1,0,1,0
45803977,59504,891,4,817,2016,4,1,1,2,32948,4,0,1,1,0,8,4
45810563,20005,642,1,639,2012,4,1,1,2,122050,4,0,1,1,0,1,4
45809618,26949,527,3,425,2015,10,1,5,1.3,50927,4,0,1,1,0,2,4
45782738,21326,1429.8433516297,6,352,2008,9,0,1,3,32000,6,2,2,2,0,12,12
45770307,627,1172,6,361,2011,9,1,1,3.5,230696,6,0,0,1,0,1,12
45769326,1568,1172,7,535,2011,4,1,2,3.5,342622,6,0,0,1,0,1,12
45732959,15681,891,4,748,2016,9,1,4,2,284189,4,0,1,1,0,12,4
45809869,58172,690,3,293,2016,1,1,5,1.5,30274,4,0,1,1,0,1,4
45796804,18450,1024,4,526,2010,10,1,1,2.5,126760,4,0,1,1,0,12,4
45750735,314,629,2,448,2015,9,1,5,1.6,0,4,0,1,1,0,12,12
45804481,23207,707,4,817,2011,4,1,1,2,144096,4,0,1,1,0,12,4
45771222,8781,900,3,141,2015,9,1,5,2.4,129779,4,0,1,1,0,1,12
45771620,706,1091,2,465,2016,9,1,5,2.5,135810,4,0,1,1,0,7,12
45733363,13172,891,4,748,2016,9,1,4,2,358526,4,0,1,1,0,8,4
45779722,23521,777,7,268,2014,9,1,5,2.5,118400,4,2,1,1,0,7,8
45789121,20698,530,2,466,2013,9,1,5,1.6,249600,4,2,1,1,0,1,10
45803071,55515,891,4,733,2016,4,1,1,2,87331,4,0,1,1,0,2,4
45732781,13366,836,4,748,2010,9,1,5,2,104727,4,0,1,1,0,1,4
45766281,1882,1053,6,361,2014,9,1,1,3.5,146395,6,0,2,1,0,7,12
45802739,61286,1079,4,733,2018,4,1,1,2,69000,4,0,1,1,0,7,4
45769589,11290,2377,7,822,2016,4,1,5,2,54875,8,0,2,1,0,7,12
45766280,549,1190,7,792,2014,9,1,5,4,238203,6,0,0,1,0,7,12
45797380,10117,687,4,387,2010,9,1,5,1.6,72000,4,0,1,1,0,14,4
45771977,470,1399,6,361,2010,9,1,5,3.5,229904,6,0,0,1,0,1,12
45792466,10349,1429.8433516297,6,343,2001,9,1,5,2.4,235000,6,0,2,1,0,12,6
45794649,16099,777,7,268,2014,9,0,5,2.5,103123,4,0,1,1,0,12,12
45741884,17876,2195,0,871,2009,4,1,5,2,112000,8,2,0,1,0,14,8
44729649,24148,1750,5,696,2008,4,1,2,3.3,209000,6,3,0,1,0,1,10
45809824,40889,784,3,293,2017,3,1,5,1.5,1461,4,0,1,1,0,12,4
45812665,6586,1525,6,174,1998,9,0,0,1.8,111111,4,1,2,1,0,14,4
45760207,392,1514,5,517,2011,9,1,5,4.6,202048,8,0,0,1,0,14,0
45284672,20385,970.867153989687,2,813,2010,2,0,1,2.2,210000,4,1,1,1,0,14,2
38849132,8311,888.488372093023,7,643,2008,3,0,2,1.5,204839,4,0,1,1,0,12,0
45269943,43905,1222.57819905213,6,361,2010,1,1,5,3.5,39000,6,2,2,0,0,1,12
45780676,10976,2084,2,799,1997,6,0,1,2.5,0,4,1,2,1,0,14,2
45755757,13799,645,7,643,2011,3,0,2,1.8,204387,4,0,1,1,0,14,0
45814659,12544,749.991967871486,7,145,2013,9,0,2,1.5,200000,4,3,1,1,1,14,0
45792091,10976,888.488372093023,7,643,2008,9,0,2,1.5,368000,4,0,1,1,0,14,8
45017513,49237,1327,7,268,2018,9,1,5,2.5,22000,4,2,1,1,0,1,12
45647997,3136,781,7,268,2012,9,1,2,2.5,159379,4,0,1,1,0,14,12
45655783,392,690,5,701,2016,4,1,2,3.5,27038,6,0,0,1,0,14,12
45656203,4391,308,7,643,2014,3,1,2,1.8,151923,4,0,1,1,0,14,12
44316088,80,673.483990147783,4,387,2015,9,1,5,1.8,76800,4,0,1,1,0,2,12
45811019,5175,1055,5,701,2013,4,1,2,3.5,151288,6,0,0,1,0,7,12
45770119,30734,2151,5,517,2009,4,1,5,2,264339,8,0,0,1,0,1,0
45766793,125,474,1,853,2013,3,1,2,1.4,239027,4,0,1,1,0,1,12
45802202,36567,1091,4,526,2016,7,1,1,2.5,120000,4,0,1,1,0,1,4
45809342,21316,828,3,425,2020,3,1,5,1.5,15601,4,0,1,1,0,8,4
45806196,16621,1271.22222222222,7,268,2008,9,1,2,2.4,135000,4,0,1,1,0,0,6
45766152,16621,1172,6,361,2011,9,1,1,3.5,119379,6,0,0,1,0,12,12
45770503,20385,757.14552238806,7,268,2010,9,1,2,2.4,288000,4,3,1,1,0,5,10
45811366,10663,1405,6,605,2009,4,1,1,3,278904,6,0,0,1,0,2,12
45770888,1882,442,7,643,2017,9,1,2,1.8,47672,4,0,1,1,0,14,12
45426133,12858,939.882352941176,7,849,2011,3,0,5,1,89000,3,3,1,1,0,14,10
45808065,18817,792.627815866797,4,748,2012,9,0,2,2.4,150000,8,0,1,1,0,1,12
45804580,8781,1429.8433516297,6,357,1999,9,1,5,0.6,230000,6,0,2,1,0,2,8
45766451,3920,781,7,268,2012,9,1,5,2.5,285214,4,0,1,1,0,1,12
45804070,45542,930,4,817,2018,4,1,1,1.7,32066,4,0,1,1,0,1,4
45772147,251,753,4,748,2012,9,1,2,2.4,259184,4,0,1,1,0,12,0
45724902,26657,642,0,50,2012,9,1,5,2,144000,4,2,2,1,0,1,10
45813929,15994,585,7,643,2013,3,0,2,1.8,76509,4,0,1,1,0,12,7
45801642,19707,629,4,387,2015,9,1,5,1.6,138770,4,0,1,1,0,14,4
45741264,17249,585,7,643,2013,3,1,2,1.8,0,4,0,1,1,0,1,12
45732119,47217,765,4,733,2015,4,1,1,2,108177,4,0,1,1,0,1,4
45732059,27889,707,4,733,2011,4,1,1,2,151594,4,0,1,1,0,12,4
45793895,7056,1286,1,289,2007,4,1,1,2,61435,4,0,1,1,0,12,4
45732044,36231,642,4,733,2012,4,1,1,2,68359,4,0,1,1,0,12,4
45804845,40092,639,4,817,2014,4,1,1,2,68725,4,0,1,1,0,11,4
45765765,3920,697,7,298,2015,9,1,5,1.8,136835,4,0,1,1,0,14,12
45771496,392,1514,5,517,2011,9,1,5,4.6,202048,8,0,0,1,0,14,0
45803168,12143,642,4,748,2012,9,1,4,2,236781,4,0,1,1,0,14,4
45728027,157,603,5,701,2015,4,1,2,3.5,399906,6,0,0,1,0,1,12
44863544,10976,1994.5,3,312,2002,4,1,5,2,197000,4,0,0,1,1,13,4
45809742,43548,584,3,293,2014,9,1,5,1.8,70742,4,0,1,1,0,14,4
45793900,10976,1434.33333333333,6,335,2001,9,0,1,2.2,10000,4,0,2,1,0,12,12
45809217,16264,609,3,425,2016,3,1,5,1.3,57400,4,0,1,1,0,12,4
45813897,7213,1058,6,605,2012,4,1,5,3.5,193267,6,0,0,1,0,7,12
45771731,10976,888.488372093023,7,643,2008,3,0,5,1.6,155000,4,0,1,1,0,14,2
45797307,36968,777,4,526,2014,7,1,1,2.5,139905,4,0,1,1,0,12,4
45769666,2666,521,1,853,2011,3,1,2,1.4,288778,4,0,1,1,0,1,0
45731093,30583,777,4,526,2014,7,1,1,2.5,120309,4,0,1,1,0,1,4
44950260,26030,753,4,817,2012,4,1,5,2.4,98000,4,2,1,1,0,11,12
45765621,27911,1197,7,792,2012,9,1,5,4,365810,6,0,0,1,0,14,12
45732083,14069,1076,4,733,2020,4,1,1,2,6631,4,0,1,1,0,7,4
45797028,31581,915,4,526,2014,7,1,1,3,114142,4,0,1,1,0,12,4
45788509,12544,888.488372093023,7,643,2008,3,0,2,1.5,111111,4,3,1,1,0,14,0
45798374,29793,1888,0,871,2007,4,1,1,3,19000,6,0,0,1,0,1,12
45731749,40340,1249,4,526,2017,10,1,1,2.5,171690,4,0,1,1,0,12,4
45804254,25004,836,4,817,2010,4,1,1,2,97137,4,0,1,1,0,7,4
45810102,44943,891,3,293,2016,9,1,5,2,23919,4,0,1,1,0,7,4
45816125,314,1017,4,387,2017,9,1,5,2,110456,4,0,1,1,0,12,12
45776730,17249,888.488372093023,7,643,2009,9,1,2,1.8,128965,4,0,1,1,0,14,4
45804967,23270,640,4,817,2013,4,1,1,2,74476,4,0,1,1,0,14,4
45809594,44611,690,3,293,2016,9,1,5,1.5,72066,4,0,1,1,0,1,4
45768575,11917,888.488372093023,7,643,2007,9,1,5,1.6,235200,8,2,1,1,0,1,8
45804349,22947,836,4,817,2010,4,1,1,2,155300,4,0,1,1,0,12,4
45816019,706,1017,4,387,2017,9,1,5,2,106611,4,0,1,1,0,12,12
45793374,7840,364,1,768,2012,9,1,5,1,32387,4,0,1,1,0,1,4
45791958,1882,749,4,748,2014,9,1,5,2.4,166008,4,0,1,1,0,14,12
45793661,23521,769,2,799,2011,6,0,1,2.2,122000,4,1,1,1,0,14,2
45809746,14586,501,7,145,2014,3,1,5,1.5,116350,4,0,1,1,0,14,4
45115490,17562,780,1,317,2019,3,0,5,1.4,13,4,0,1,1,0,1,8
45452333,14113,642,2,214,2012,9,1,2,2,140000,5,0,1,1,0,13,6
45767339,220,259,1,853,2014,3,1,2,1.4,110958,4,0,1,1,0,1,0
45761994,10976,888.488372093023,7,643,2005,9,0,2,1.5,43200,4,0,1,1,0,14,0
45643390,34497,855,0,863,2013,4,1,5,2,0,8,2,1,1,0,14,9
45184417,38260,779,7,680,2013,4,0,5,2.5,176000,4,2,0,1,0,12,8
45810064,15530,501,7,145,2014,3,1,5,1.5,99529,4,0,1,1,0,12,4
45803452,15681,1017,4,748,2017,9,1,4,2,61257,4,0,1,1,0,14,4
45771814,3136,924,7,298,2017,9,1,5,1.8,61701,4,0,1,1,0,12,12
45759294,8781,1254.5,2,797,2008,2,0,1,1.8,160000,4,1,1,0,0,14,2
40194711,70,673.483990147783,4,387,2014,9,1,5,1.8,50000,6,2,1,1,0,3,8
44809281,13485,878,7,643,2009,9,0,2,1.8,316800,4,2,0,1,0,7,12
45797243,48196,1079,4,387,2018,9,1,5,2,17172,4,0,1,1,0,7,4
45798455,47042,1020.57819905213,0,871,2010,4,1,1,3.5,150000,6,2,0,1,0,1,16
45618353,40769,794.604651162791,7,298,2017,9,0,5,1.6,18700,4,0,1,1,0,14,12
45809495,36721,784,3,425,2017,3,1,5,1.5,30430,4,0,1,1,0,14,4
45720035,18503,585,4,393,2013,3,1,5,1.8,118400,4,2,2,1,0,14,6
45754055,9722,2410,1,264,2010,1,1,5,2,111274,8,0,2,0,0,8,12
45765509,188,1659,7,822,2014,4,1,5,2,101928,8,0,0,1,0,1,12
45766350,314,1053,6,361,2014,9,1,1,3.5,149486,6,0,0,1,0,12,12
45754134,25089,757.14552238806,7,268,2012,9,1,5,2.5,139000,4,2,1,1,0,1,10
45803510,12544,765,4,748,2015,9,1,4,2,533571,4,0,1,1,0,8,4
45768569,15367,888.488372093023,7,643,2009,9,0,2,1.5,220800,4,3,1,1,0,2,8
45768160,21953,781,7,268,2012,9,1,5,2.5,148000,4,2,1,1,0,1,8
45815971,10192,1205,4,733,2015,4,1,5,3.3,97304,6,0,1,1,0,14,12
45811576,42965,1946,6,483,2017,4,1,5,4,54730,8,0,0,1,0,14,12
45816038,470,810,4,387,2016,9,1,5,1.8,159790,4,0,1,1,0,14,12
45732599,54458,891,4,733,2016,4,1,1,2,90727,4,0,1,1,0,2,4
45797054,15323,836,4,522,2010,1,1,5,2,132008,4,0,1,1,0,7,4
45656852,392,761,7,643,2010,3,1,2,1.8,267165,4,0,1,1,0,14,12
45793964,22580,1271.22222222222,7,268,2009,9,0,2,2.4,320000,4,0,1,1,0,12,6
44651588,26971,585,6,191,2013,1,1,5,1.8,85121,4,0,1,0,0,7,12
45793832,5488,1282,1,289,2007,4,1,1,2,54785,4,0,1,1,0,14,4
45809692,2195,749,3,312,2014,4,1,5,2.4,0,4,0,0,1,0,4,12
45804904,23602,642,4,817,2012,4,1,1,2,72018,4,0,1,1,0,14,4
45770557,39829,1269,0,891,2009,4,1,5,3.5,152000,4,2,0,1,0,7,16
45804674,30750,770,4,817,2016,4,1,1,1.7,158258,4,0,1,1,0,14,4
45797686,19707,531,4,387,2012,9,1,5,1.6,97000,4,0,1,1,0,14,4
45368138,14069,1104,0,891,2015,4,1,5,3,97600,6,2,0,1,0,1,10
45806790,549,1076,5,634,2020,4,1,5,2,1792,4,0,1,1,0,14,12
45759520,6743,397,5,258,2016,3,1,2,1.8,71904,4,0,1,1,0,14,0
45731125,31082,777,4,526,2014,7,1,1,2.5,170971,4,0,1,1,0,7,4
45802972,49293,1017,4,733,2017,4,1,1,2,156887,4,0,1,1,0,7,4
45770566,5959,1026.00733117836,3,641,1999,4,0,0,3.2,300000,6,0,0,1,0,6,2
45066165,14426,765,4,392,2015,3,0,5,2,65566,6,0,1,1,0,14,6
45781563,18817,552,2,452,2017,9,0,5,1,18080,3,0,1,1,0,4,8
45810252,28608,639,1,620,2014,9,1,5,2,76686,4,0,1,1,0,1,4
43640636,21012,781,7,268,2012,9,1,5,2.5,101000,4,2,1,1,0,1,10
45776476,12544,843,7,643,2008,9,0,2,1.5,227200,4,0,1,1,0,2,4
45547047,27284,595.03007518797,2,465,2014,9,1,2,2,138000,4,2,1,1,0,1,12
45807185,7527,1429.8433516297,6,240,2000,9,1,5,3.2,253640,6,2,2,0,0,1,6
45642325,392,781,7,268,2012,9,1,2,2.5,314373,4,0,1,1,0,7,12
45787196,21012,891,4,389,2016,9,0,5,2,20900,4,2,1,1,0,2,8
45798118,25089,844.645161290323,2,409,2013,4,0,5,2.5,192000,4,0,1,1,0,7,12
45812049,314,749,1,289,2014,4,1,5,2.4,119768,4,0,1,1,0,14,12
45664419,1803,1405,0,871,2009,4,1,1,3,229854,6,0,0,1,0,6,0
45810604,8643,364,1,768,2012,3,1,5,1,160000,4,0,1,1,0,2,4
45812656,8311,781,1,317,2018,9,1,5,1.4,65738,4,0,1,1,0,11,12
45515029,24462,781,7,276,2012,9,1,5,2.5,95000,4,2,2,1,0,11,9
45790796,16308,582.788167938931,7,643,2010,3,1,5,1.8,259200,4,0,1,1,0,7,8
44755619,7527,1429.8433516297,6,205,2001,9,1,5,3.2,247000,6,2,2,1,0,1,8
45801899,33575,880,4,387,2018,9,1,5,1.6,65734,4,0,1,1,0,2,4
45774064,314,1172,6,361,2011,9,1,1,3.5,132630,6,0,2,1,0,12,12
45648997,17562,1017,6,498,2017,4,1,5,2,109608,4,0,1,1,0,14,0
44878269,35752,1222.57819905213,6,361,2011,9,1,1,3,167000,6,2,2,1,0,12,12
45809259,10722,271,3,425,2014,3,1,2,1.5,81917,4,0,1,1,0,12,4
45793240,6115,760,1,317,2010,9,1,5,1.8,63223,4,0,1,1,0,12,4
45237284,26030,1018,6,361,2011,9,1,1,3,160000,6,2,2,1,0,14,10
45654888,157,1172,6,605,2011,4,1,1,3.5,220323,6,0,0,1,0,1,12
45733369,12544,765,4,748,2015,9,1,4,2,367783,4,0,1,1,0,8,4
45733093,11604,639,4,748,2014,9,1,4,2,352590,4,0,1,1,0,12,4
45732588,57961,891,4,733,2016,4,1,1,2,75540,4,0,1,1,0,14,4
45656048,314,586,7,643,2012,3,1,2,1.8,418667,4,0,1,1,0,14,12
45801231,12231,1515,6,184,2004,9,1,5,1.8,221000,4,2,2,1,0,12,10
45656822,941,1850,5,696,2008,4,1,2,3.5,364523,6,0,0,1,0,1,12
45637959,30,888.488372093023,7,643,2007,9,0,2,1.5,18000,4,3,1,1,0,14,0
45520687,65858,517,5,701,2014,4,1,2,3.5,66575,6,2,0,1,0,14,12
45804514,22621,707,4,817,2011,4,1,1,2,165452,4,0,1,1,0,7,4
45642503,19444,757.14552238806,7,268,2010,9,1,2,2.4,158000,4,2,1,1,0,14,12
45764328,220,1053,6,361,2014,9,1,1,3.5,95987,6,0,0,1,0,1,12
45809350,23110,503,7,145,2012,3,1,2,1.5,120800,4,0,1,1,0,14,4
45803155,10036,639,4,748,2014,9,1,4,2,402468,4,0,1,1,0,12,4
45799561,7213,1917,6,133,2005,3,0,5,1.7,180600,4,2,1,1,0,5,6
45816258,6899,915,0,891,2014,4,1,5,3,224938,6,0,0,1,0,14,12
45803002,37498,694,4,733,2014,4,1,1,2.2,157970,4,0,1,1,0,7,4
45502537,7840,1599.33333333333,3,425,2005,3,0,5,1.3,126000,4,3,1,1,1,12,4
45740854,23000,690,1,620,2016,9,0,5,1.5,104000,4,2,1,1,0,2,0
45621113,12231,1119.75,7,298,2006,9,0,5,1.6,177000,4,1,1,1,0,7,8
39636496,2600,819.6,3,293,2002,9,0,5,1.5,205609,4,0,1,1,1,12,6
45767906,941,746,7,643,2009,9,1,2,1.5,433658,4,0,1,1,0,14,12
45660254,941,1055,5,701,2013,4,1,2,3.5,361603,6,0,1,1,0,1,12
45802225,33575,1091,4,526,2016,7,1,1,2.5,186000,4,0,1,1,0,14,4
45761156,188,1185,2,409,2009,4,1,2,2.5,196682,4,0,1,1,0,1,0
45787346,18189,846.977310156905,4,733,2009,4,1,1,2.2,290000,4,0,0,1,0,1,4
45667768,19444,673.483990147783,4,387,2015,9,0,5,1.8,126400,4,0,1,1,0,2,8
45758696,9722,574,3,560,2010,3,0,2,1.3,183000,4,3,1,1,0,2,9
45543501,22580,891,4,387,2016,9,0,5,2,62000,4,2,1,1,0,1,8
43805739,20,1599.33333333333,3,425,2005,3,0,5,1.3,187000,4,0,1,1,1,12,4
45738985,15681,792.627815866797,4,748,2012,9,0,5,2.4,180800,4,2,1,1,0,1,10
45761587,7213,939.882352941176,7,849,2002,3,0,5,1,138000,4,0,1,1,1,12,2
45759240,549,2455,5,517,2008,4,1,5,2,0,8,0,0,1,0,14,0
43991726,39201,870,6,335,2010,9,1,1,2.2,1000,4,2,2,1,0,1,12
45809356,2666,1399,3,141,2010,9,1,5,3.5,241786,6,0,1,1,0,14,12
43935484,14500,333,2,214,2014,3,0,2,2,118400,4,3,1,1,0,12,12
45793263,11604,488,1,768,2016,9,1,5,1,28904,4,0,1,1,0,14,4
45810197,28909,891,1,620,2016,9,1,5,2,108630,4,0,1,1,0,1,4
45796795,24628,862,4,526,2011,7,1,1,2.5,47676,4,0,1,1,0,12,4
45451157,12600,862,3,405,2004,7,1,4,2.4,190000,4,2,1,1,1,14,10
45793695,4861,1288,1,289,2007,4,1,1,2,54114,4,0,1,1,0,12,4
45774080,30734,1053,6,361,2014,9,1,1,3.5,200179,6,0,0,1,0,1,12
45803295,15132,707,4,748,2011,9,1,5,2,155127,4,0,1,1,0,7,4
45761466,20071,673.483990147783,4,387,2012,9,1,5,1.8,58000,4,2,1,1,0,14,12
45797448,15367,749.991967871486,7,145,2012,3,0,5,1.8,99000,4,0,1,1,0,1,0
45804632,21953,765,4,817,2015,4,1,1,2,51722,4,0,1,1,0,14,4
45774492,16935,1026.00733117836,3,315,2007,10,0,5,2,121000,4,0,0,1,1,12,4
45292333,11133,1429.8433516297,6,35,2000,9,1,1,3.2,385000,6,2,2,1,0,12,6
45798418,21856,798.780396435111,4,829,2014,3,1,5,1.6,51000,4,1,1,1,0,14,10
45772830,314,1017,6,355,2017,9,1,5,2,26802,4,0,2,1,0,1,12
45815085,14583,779,7,268,2013,9,1,2,2.5,131400,4,0,1,1,0,2,12
45765690,1882,831,5,531,2011,9,1,2,2.4,0,4,0,1,1,0,12,12
45732066,52263,891,4,733,2016,4,1,1,2,108025,4,0,1,1,0,1,4
45813306,706,1172,5,694,2011,4,1,5,3.5,270320,6,0,0,1,0,14,12
45434063,9408,1599.33333333333,3,425,2005,9,0,5,1.3,170000,4,3,1,1,1,12,4
45655071,2509,1399,5,701,2010,4,1,2,3.5,315270,6,0,0,1,0,7,12
45813881,2195,1586,2,630,2010,1,1,5,4,139966,6,0,2,0,0,11,12
45772349,40142,1811,5,517,2010,4,1,5,4.6,357246,8,0,0,1,0,7,0
45785602,43905,917,0,94,2013,9,1,5,3,118000,6,2,2,1,0,14,10
44695943,24148,872.02838865217,7,154,2014,3,1,5,1.5,52000,4,2,1,1,0,1,8
45645939,1019,333,2,465,2014,9,1,2,2,0,4,0,1,1,0,12,0
45793641,5331,1095,1,289,2008,4,1,1,2,45777,4,0,1,1,0,12,4
45731456,26528,777,4,526,2014,7,1,1,2.5,183731,4,0,1,1,0,12,4
45798330,5927,988,4,387,2007,9,1,1,1.5,53668,4,0,1,1,0,12,4
45764829,3450,1624,6,361,2009,9,1,1,3.5,109139,6,0,2,1,0,1,12
45813589,4861,1104,0,589,2015,1,1,5,3,64338,6,0,2,0,0,14,12
45641227,18817,609,7,268,2018,9,1,2,2.5,35058,4,0,1,1,0,14,12
45649678,11133,394,7,268,2014,9,1,2,2.5,179381,4,0,1,1,0,1,12
45776741,15367,584,4,387,2014,9,0,5,1.8,193600,4,0,1,1,0,12,0
45797014,36711,642,4,522,2012,1,1,5,2,77231,4,0,1,1,0,7,4
45810486,29504,639,1,639,2014,4,1,1,2,66883,4,0,1,1,0,7,4
45781881,8000,1429.8433516297,6,357,1997,9,0,0,3.2,280000,6,0,2,1,0,2,4
45605395,15524,583,2,460,2018,9,0,5,1,12459,3,0,1,1,0,1,8
45809877,16107,503,7,145,2012,3,1,5,1.5,138000,4,0,1,1,0,2,4
45656422,220,919,0,871,2012,4,1,1,3,273962,6,0,0,1,0,14,0
45796891,17054,1185,4,526,2009,10,1,1,2.5,99076,4,0,1,1,0,12,4
45778514,18817,586,7,665,2012,10,0,5,1.8,174000,4,3,1,1,0,13,8
45769322,125,1324,7,535,2010,9,1,2,3.3,316912,6,0,0,1,0,2,12
45620827,3450,1055,6,361,2013,9,1,1,3.5,107800,6,0,2,1,0,7,12
45809212,16399,691,3,425,2017,3,1,5,1.3,79363,4,0,1,1,0,1,4
45694920,12560,888.488372093023,7,643,2008,3,1,2,1.5,248392,4,0,1,1,0,1,4
45355329,18660,798.780396435111,4,831,2013,3,0,5,1.6,70400,4,2,1,1,0,15,8
45732143,37125,640,4,733,2013,4,1,1,2,146740,4,0,1,1,0,7,4
45745597,21169,582.788167938931,7,643,2012,3,1,2,1.8,160000,4,0,1,1,0,14,12
44532981,15681,1266,7,152,2013,3,0,2,1.5,120000,4,0,1,1,1,14,12
45115372,17876,1195,2,799,2008,6,0,1,2.2,150000,4,1,1,1,0,12,2
45793062,16621,750,1,620,2015,9,1,1,2,61260,4,0,1,1,0,14,4
45802270,28357,777,4,526,2014,7,1,1,2.5,151780,4,0,1,1,0,12,4
45730250,25299,629,4,387,2015,9,1,5,1.6,48424,4,0,1,1,0,12,4
45779221,14113,749.991967871486,7,145,2013,3,0,2,1.5,104000,4,0,1,1,1,11,6
45802959,31449,911,4,733,2010,4,1,1,2.2,121302,4,0,1,1,0,7,4
45697031,28539,1711.27272727273,0,871,2009,4,1,5,2,136000,8,2,0,1,0,1,12
45802807,51373,891,4,733,2016,4,1,1,2,111830,4,0,1,1,0,7,4
45814841,50178,908.2,0,65,2014,1,1,5,2,70000,4,2,2,0,0,1,10
45787111,15994,2156,6,237,2002,1,1,5,2.6,119000,6,0,2,0,0,14,8
45780730,7370,1599.33333333333,3,425,2001,3,0,5,1.3,95000,4,0,1,2,1,12,4
45773942,5959,394,7,268,2014,9,1,2,2.5,0,4,0,1,1,0,1,12
45731488,38574,934,4,526,2015,10,1,4,2.5,132320,4,0,1,1,0,12,4
45804939,10976,746,7,643,2009,3,0,2,1.5,200533,4,0,1,1,0,12,10
45687781,26971,1055,6,209,2013,9,1,5,3.5,107200,6,2,0,1,0,7,10
45764500,4547,475,1,853,2012,3,1,2,1.4,162190,4,0,1,1,0,2,0
45523486,29793,1077,7,220,2019,4,1,5,2,4330,4,0,1,1,0,14,12
45732359,58018,1079,4,733,2018,4,1,1,2,17245,4,0,1,1,0,14,4
45811255,7997,1091,7,680,2016,4,1,5,2.5,95762,4,0,0,1,0,1,12
45797553,20266,531,4,387,2012,9,1,5,1.6,133770,4,0,1,1,0,7,4
45619242,5175,1172,6,361,2011,9,1,1,3.5,140944,6,0,2,1,0,14,12
45816564,1725,1017,4,387,2017,9,1,5,2,47914,4,0,1,1,0,14,12
45790446,16935,582.788167938931,7,643,2010,3,1,2,1.8,196000,4,3,1,1,0,7,12
45761454,18817,781,7,268,2012,9,0,5,2.5,148000,4,2,1,1,0,7,12
45810776,9500,794.604651162791,7,298,2010,9,0,4,1.8,140000,4,0,1,1,0,4,8
45772044,14269,1053,7,740,2014,9,1,5,3.5,0,6,0,1,1,0,7,12
44788599,39201,1009.5,0,68,2015,1,1,5,3,56000,6,2,2,0,0,1,12
41349011,17249,872.02838865217,7,653,2013,3,0,2,1.5,110000,4,0,1,1,0,12,12
45809098,14069,2566,2,630,2018,1,1,5,2,15305,4,0,1,1,0,1,4
45758241,17562,1356,5,517,2014,4,1,5,4.6,146218,8,0,0,1,0,1,0
45765698,4861,1058,6,361,2012,9,1,1,3.5,128202,6,0,2,1,0,1,12
45621648,9408,919,0,871,2012,4,1,1,3,149520,6,0,0,1,0,7,0
45768660,3293,645,5,258,2011,3,1,2,1.8,224267,4,0,1,1,0,12,0
45773936,2274,394,7,268,2014,9,1,2,2.5,128739,4,0,1,1,0,6,12
45802973,48998,765,4,733,2015,4,1,1,2,88829,4,0,1,1,0,14,4
45801372,32929,1172,6,365,2011,9,1,5,3.5,108000,6,2,0,1,0,1,12
45797277,14454,583,4,387,2011,9,1,5,1.6,158787,4,0,1,1,0,12,4
45789177,10036,939.882352941176,7,849,2007,9,0,5,1,128965,3,0,1,1,1,12,4
45660964,1019,1104,0,871,2015,4,1,1,3,196614,6,0,0,1,0,1,0
45805257,15053,749,7,268,2014,9,0,5,2.4,0,4,0,1,1,0,1,0
45802124,46251,1249,4,526,2017,10,1,1,2.5,83138,4,0,1,1,0,7,4
45766450,549,781,7,268,2012,9,1,5,2.5,214173,4,0,1,1,0,14,12
39491579,100,1429.8433516297,6,602,2004,4,1,5,3.2,15000,6,0,0,1,0,14,6
45770108,706,1850,6,361,2008,9,1,1,3.5,122874,6,0,2,1,0,1,12
45805763,13172,521,1,326,2011,9,1,5,1.4,135000,4,0,1,2,0,11,12
45457666,15681,761,7,643,2010,3,0,2,1.8,396800,4,0,1,1,0,1,4
45776193,11604,1429.8433516297,6,199,2001,9,1,1,2.7,340000,5,2,2,1,0,1,8
45792992,6743,961,1,317,2009,9,1,1,2,64274,4,0,1,1,0,1,4
45769757,7213,1163,7,849,2010,3,0,5,1,133000,4,0,1,1,1,1,8
45790853,3763,1338.90845620294,0,27,1994,1,0,5,1.6,262000,4,1,2,1,0,11,2
45796713,31361,1172,6,366,2011,9,1,5,3.5,102000,6,2,0,1,0,12,12
45515088,17249,642,4,748,2012,9,1,5,2,120480,4,2,1,1,0,14,12
45782789,24462,779,7,268,2013,9,1,5,2.5,99200,4,0,1,1,0,1,10
45801815,16308,531,4,387,2012,9,1,5,1.6,165294,4,0,1,1,0,12,4
45624811,39201,517,7,535,2014,9,1,2,3.5,166560,6,0,0,1,0,1,12
45804670,30282,770,4,817,2016,4,1,1,1.7,156000,4,0,1,1,0,12,4
45629900,2587,382,2,465,2015,9,1,2,2,88795,4,0,1,1,0,1,0
45646281,157,1058,6,605,2012,4,1,1,3.5,245762,6,0,0,1,0,1,12
45677545,10349,878,1,317,2009,9,0,5,1.8,53000,4,2,1,1,0,7,12
45732052,28927,707,4,733,2011,4,1,1,2,121581,4,0,1,1,0,7,4
45769429,627,645,4,387,2011,4,1,5,1.8,172502,4,0,1,1,0,1,12
45791169,5018,1529,0,30,1999,3,0,5,1.8,300000,4,1,2,0,0,0,6
45433343,10036,970.867153989687,2,411,2008,4,1,2,2.3,313600,4,0,0,1,0,2,6
44874446,23834,1141,2,799,2009,6,0,1,2.4,0,4,1,2,1,0,15,2
45656531,392,690,5,701,2016,4,1,2,3.5,27038,6,0,0,1,0,14,12
45810033,52066,1091,1,559,2016,9,1,5,2.5,62735,4,0,1,1,0,1,4
44627601,12858,585,4,387,2013,3,0,5,1.8,106000,4,0,1,1,0,1,8
45803365,10036,639,4,748,2014,9,1,4,2,421703,4,0,1,1,0,12,4
45321909,16621,582.788167938931,7,643,2010,3,0,2,1.8,154000,4,3,1,1,0,14,6
45625157,784,394,7,268,2014,9,1,2,2.5,102397,4,0,1,1,0,1,12
45587504,38260,1202,4,733,2017,4,0,5,2.4,49000,4,2,1,1,0,12,12
45802376,17719,781,4,526,2012,7,1,1,2.5,52600,4,0,1,1,0,14,4
45810485,30082,765,1,639,2015,4,1,1,2,55838,4,0,1,1,0,3,4
45731500,16151,862,4,526,2011,7,1,1,2.5,66597,4,0,1,1,0,12,4
45813289,8781,397,7,643,2016,3,1,2,1.8,101357,4,0,1,1,0,14,12
45793529,9408,862,0,73,2001,9,1,1,2,0,4,1,2,1,0,12,10
45509252,26500,924,3,545,2017,4,0,5,1.8,19211,4,0,0,1,0,1,8
45793567,7850,961,1,289,2009,4,1,1,2,72538,4,0,1,1,0,1,4
45264219,13172,529.21686746988,3,560,2013,3,0,2,1.3,138000,4,3,1,1,1,12,6
45794054,13172,595.03007518797,2,465,2010,9,0,5,2.5,0,4,0,1,1,0,11,6
45816561,470,751,4,748,2013,9,1,5,2.4,169386,4,0,1,1,0,12,12
45773380,549,640,2,465,2013,9,1,2,2,216658,4,0,1,1,0,11,0
45790387,18817,586,7,643,2012,3,0,2,1.8,197619,4,0,1,1,0,7,0
45760889,12858,586,4,387,2012,9,0,5,1.8,156800,4,0,1,1,0,1,6
45789666,18817,1684.925,6,361,2007,9,1,5,3.5,215000,6,2,0,1,0,14,8
36866733,18817,1429.8433516297,6,840,2007,7,0,1,2.2,22004,4,1,2,0,0,14,2
45765988,314,1017,6,355,2017,9,1,5,2,26802,4,0,2,1,0,1,12
45803874,29774,639,4,817,2014,4,1,1,2,162973,4,0,1,1,0,12,4
45766226,29793,1053,6,361,2014,9,1,1,3.5,219030,6,0,0,1,0,1,12
45785718,34497,1058,5,694,2012,4,1,5,3.5,174400,6,2,1,1,0,7,10
45758136,20385,779,7,268,2013,9,1,5,2.5,95000,4,2,1,1,0,1,12
45790834,12544,650,1,317,2016,9,0,5,1.4,119709,4,0,1,1,0,7,0
45802469,6743,1099,4,525,2010,9,1,4,2.7,66000,4,0,1,1,0,1,4
45815762,17249,1711.27272727273,0,871,2001,4,1,0,4.4,232000,8,2,0,2,0,1,8
45633701,2666,382,2,465,2015,9,1,2,2,100747,4,0,1,1,0,6,0
45209317,18033,583,2,382,2018,4,0,5,1,8813,3,0,0,1,0,11,8
45767971,392,585,7,643,2013,9,1,2,1.8,114526,4,0,1,1,0,14,12
45797213,20071,831,4,387,2017,9,1,1,1.6,40177,4,0,1,1,0,14,4
45775871,14426,1888,0,87,2005,9,1,5,3,15000,6,2,2,1,0,7,6
45660604,1019,1055,5,701,2013,4,1,2,3.5,138038,6,0,1,1,0,14,12
45733287,12544,765,4,748,2015,9,1,4,2,539937,4,0,1,1,0,8,4
45648559,549,1750,7,535,2008,4,1,2,3.3,260053,6,0,0,1,0,12,12
45809776,28438,595,7,145,2015,3,1,5,1.5,28730,4,0,1,1,0,1,4
45770115,12388,1399,6,361,2010,9,1,1,3.5,189530,6,0,0,1,0,1,12
45767366,627,1172,6,361,2011,9,1,1,3.5,230696,6,0,0,1,0,1,12
45800910,8311,1429.8433516297,6,597,2001,4,1,1,2.7,308000,5,2,0,1,0,2,10
45661395,220,1399,5,701,2010,4,1,2,3.5,317470,6,0,0,1,0,7,12
45812911,6500,1429.8433516297,6,331,1997,9,0,5,2,250000,4,1,2,1,0,1,6
45815240,282,1058,6,510,2012,4,1,5,3.5,55290,6,0,2,1,0,1,12
45795399,9722,1267,7,145,2013,3,0,2,1.5,104000,4,0,1,1,1,13,4
45757765,862,690,3,425,2016,4,1,5,1.5,31869,4,0,1,1,0,1,0
45730072,25889,528,4,387,2014,9,1,5,1.6,79000,4,0,1,1,0,11,4
45781432,60213,971.138888888889,6,201,2015,9,0,5,2,20000,4,2,2,1,0,1,12
45797501,43655,1091,4,526,2016,10,1,1,2.5,145631,4,0,1,1,0,1,4
45678420,23521,640,2,465,2013,9,1,2,2,113523,4,0,1,1,0,1,12
45656650,157,585,7,643,2013,3,1,2,1.8,169301,4,0,1,1,0,14,12
45804289,24386,707,4,817,2011,4,1,1,2,134797,4,0,1,1,0,12,4
45791566,14113,1533.25,2,799,2006,6,0,1,2.2,123556,6,1,1,1,0,0,0
45642927,19130,586,7,643,2012,3,1,2,1.8,117900,4,0,1,1,0,12,8
45790019,18817,1832,6,837,2005,7,1,1,2.2,275000,4,1,2,1,0,2,4
45755111,220,505,2,465,2018,9,1,2,2,127746,4,0,1,1,0,1,12
45809981,21316,503,7,145,2012,3,1,5,1.5,33395,4,0,1,1,0,12,4
45808586,8781,442,7,643,2017,3,1,2,1.8,19109,4,0,1,1,0,12,12
42525873,22000,794.604651162791,7,298,2013,9,0,5,1.3,38265,4,1,1,1,0,12,8
45721329,10036,1451.8,7,680,2001,4,1,5,2,202000,4,0,0,1,0,12,0
45773794,8781,1429.8433516297,6,200,1997,9,1,5,2.8,200000,6,0,2,1,0,1,16
45764529,314,259,1,853,2014,3,1,2,1.4,131893,4,0,1,1,0,3,0
45772154,2744,751,4,748,2013,9,1,2,2.4,126690,4,0,1,1,0,12,0
45797511,14113,528,4,387,2014,9,1,1,1.6,32844,4,0,1,1,0,14,4
45799373,15053,2084,2,799,1998,6,0,1,2.5,300000,4,1,2,1,0,14,6
45816053,157,585,4,387,2013,9,1,5,1.8,158438,4,0,1,1,0,11,11
45811569,1000,970.867153989687,2,418,1997,9,1,5,1.6,11000,4,1,1,1,0,6,8
45651960,7997,1850,5,696,2008,4,1,2,3.5,244731,6,0,1,1,0,1,12
45803425,23433,891,4,748,2016,9,1,4,2,88900,4,0,1,1,0,14,4
45813913,6899,891,6,201,2016,9,1,5,2,26096,4,0,2,1,0,14,12
45790519,15681,642,2,214,2012,3,0,2,2,74500,4,0,1,1,0,14,6
45782234,18189,862,7,268,2011,9,0,5,2.5,147037,4,0,1,1,0,12,6
45784073,20385,753,4,753,2012,9,1,3,2.4,116800,6,2,1,1,0,7,8
45714618,43278,1266.6,2,630,2016,1,0,5,2.3,111000,4,1,2,0,0,11,6
45675635,11447,843,7,643,2008,9,0,2,1.5,170000,4,0,1,1,0,1,8
45789858,70562,1338.90845620294,0,893,2009,4,1,5,4.4,173000,8,2,0,1,0,14,12
43942444,40,1599.33333333333,3,425,2004,3,0,5,1.3,160000,4,3,1,1,1,14,2
45725877,15994,582.788167938931,7,643,2010,3,0,2,1.8,182000,4,3,1,1,0,12,0
45808889,54926,640,2,421,2013,4,1,5,2,90352,4,0,1,1,0,12,4
45798583,53314,1077,7,220,2019,4,1,5,2,17600,4,3,1,1,0,7,10
45801423,13589,528,4,138,2014,9,1,1,1.6,150743,4,0,1,1,0,12,4
45645945,392,640,2,465,2013,9,1,2,2,215965,4,0,1,1,0,1,0
45804390,41340,1514,5,572,2011,9,1,5,4.6,188121,4,0,1,1,0,1,4
45760738,47669,1017,6,498,2017,4,1,5,2,55704,4,0,0,1,0,1,0
45815292,784,779,7,268,2013,9,1,5,2.5,78670,4,0,1,1,0,12,12
45814948,6,87,6,361,2016,9,1,5,0,33600,6,0,2,1,0,14,12
45516140,18189,777,7,268,2014,9,0,5,2.5,104000,4,2,1,1,0,14,4
45645423,2666,1018,6,605,2011,4,1,1,3,0,6,0,0,1,0,1,12
45807987,11917,640,2,409,2013,4,1,5,2,151000,4,0,0,1,0,12,12
45731784,29122,934,4,526,2015,10,1,1,2.5,238518,4,0,1,1,0,7,4
45804718,29583,770,4,817,2016,4,1,1,1.7,162093,4,0,1,1,0,2,4
45764665,6272,1750,5,693,2000,4,1,0,3,145000,6,0,0,1,0,12,4
45764335,125,1172,6,361,2011,9,1,1,3.5,223472,6,0,0,1,0,1,12
45745377,29793,814.666666666667,6,769,2012,6,1,1,3.2,195000,5,2,2,1,0,14,8
45796235,18900,645,7,643,2011,3,1,2,1.8,89900,4,0,1,1,0,0,8
45813946,470,891,6,201,2016,9,1,5,2,41611,4,0,2,1,0,1,12
45656224,706,751,4,748,2013,9,1,2,2.4,0,4,0,1,1,0,14,0
45649195,21326,832.188679245283,2,409,2009,4,1,2,2.5,169000,4,0,0,1,0,2,6
45732773,14834,707,4,748,2011,9,1,5,2,190000,4,0,1,1,0,7,4
45641700,3136,781,7,268,2012,9,1,2,2.5,159379,4,0,1,1,0,14,12
45798430,23834,582.788167938931,7,643,2012,3,1,2,1.8,64500,4,0,1,1,0,2,12
45801255,15681,584,4,395,2014,9,0,5,1.8,94400,4,2,1,1,0,1,10
45805988,48610,970.867153989687,2,632,2017,1,0,5,2.3,59805,4,2,2,0,0,1,12
45733487,46223,1017,4,748,2017,9,1,5,2,78476,4,0,1,1,0,1,4
45788438,13172,1266,3,425,2014,3,0,2,1.5,100000,4,2,1,1,1,14,7
45768924,15994,1172,6,361,2011,1,1,1,3.5,170429,6,0,2,0,0,12,12
45771970,314,1017,6,355,2017,9,1,5,2,26802,4,0,2,1,0,1,12
45649083,20071,1292,6,502,2016,4,1,5,3,62938,6,0,0,1,0,1,0
45646393,3763,779,7,268,2013,9,1,2,2.5,124912,4,0,1,1,0,14,12
45808647,470,562,1,317,2015,9,1,5,1.4,68235,4,0,1,1,0,4,12
45731726,24148,777,4,526,2014,7,1,1,2.5,51155,4,0,1,1,0,1,4
45781245,17249,582.788167938931,7,643,2011,9,0,5,1.8,121000,4,3,1,1,0,12,10
45758427,17249,781,7,268,2012,9,1,5,2.5,80000,4,0,1,1,0,12,12
45368273,13172,753,4,748,2012,9,0,2,2.4,112000,4,0,1,1,0,4,10
45262815,25089,1011,2,421,2016,4,1,5,2.3,59758,4,0,1,1,0,4,10
45813477,11917,2084,2,799,1998,6,0,1,2.5,0,6,1,2,2,0,14,2
45802034,13793,836,4,522,2010,1,1,5,2,170000,4,0,1,1,0,1,4
44755209,21639,1172,7,742,2011,7,1,5,3.5,130000,6,2,0,1,0,12,12
45802297,45734,1091,4,526,2016,10,1,1,2.5,61057,4,0,1,1,0,1,4
45654654,7527,1714,6,502,2017,4,1,5,3.5,55403,6,0,2,1,0,1,0
45802352,39578,1091,4,526,2016,7,1,1,2.5,29086,4,0,1,1,0,7,4
45809970,16599,642,1,317,2012,9,1,1,2,101275,4,0,1,1,0,14,4
45647865,22266,1058,6,605,2012,4,1,1,3.5,193267,6,0,0,1,0,7,12
45809410,23204,501,3,425,2014,3,1,5,1.5,63300,4,0,1,1,0,12,4
45771081,1882,442,7,643,2017,9,1,2,1.8,47672,4,0,1,1,0,14,12
45769829,392,1514,5,517,2011,9,1,5,4.6,202048,8,0,0,1,0,14,0
45760536,10036,1267,7,145,2013,3,0,2,1.5,156000,4,0,1,1,1,12,2
45804452,28225,934,7,680,2015,4,1,5,2.5,38280,4,0,0,1,0,11,0
45765846,32302,1604,6,361,2014,9,1,1,2,101424,8,0,0,1,0,7,12
45810189,627,586,4,387,2012,9,1,5,1.8,240560,4,0,1,1,0,1,12
45802853,14069,1174,4,733,2020,4,1,1,2.2,8803,4,0,1,1,0,14,4
45789771,28852,595.03007518797,2,465,2017,9,1,2,2,27000,4,0,1,1,0,2,10
45794605,7213,939.882352941176,7,849,2005,3,0,5,1,0,3,0,1,1,1,12,4
44782614,59586,1357.33333333333,6,495,2011,4,1,5,2,125000,8,2,0,1,0,7,12
45769001,58018,769.5,6,227,2018,9,1,5,2,44000,4,0,1,1,0,1,10
45786449,49864,917,5,379,2013,9,1,2,3,100000,10,0,1,1,0,1,12
45802265,26594,777,4,526,2014,7,1,1,2.5,179918,4,0,1,1,0,12,4
45789733,16308,888.488372093023,7,643,2008,9,1,5,1.5,259200,4,0,1,1,0,6,8
45804172,27065,836,4,817,2010,4,1,1,2,140200,4,0,1,1,0,14,4
45459425,37633,757.14552238806,7,268,2016,9,1,5,2.5,20800,4,2,1,1,0,7,8
45749193,4234,1429.8433516297,6,341,1995,9,1,0,2.3,0,4,1,2,1,0,2,2
45794593,20385,582.788167938931,7,643,2012,9,0,2,1.8,130000,4,3,1,1,0,7,8
45804841,23060,765,4,817,2015,4,1,1,2,32329,4,0,1,1,0,14,4
45803130,11604,1017,4,748,2017,9,1,4,2,410807,4,0,1,1,0,8,4
45809910,13150,707,1,317,2011,9,1,1,2,211514,4,0,1,1,0,1,4
45803030,38894,765,4,733,2015,4,1,1,2,139235,4,0,1,1,0,14,4
45732990,7809,891,4,748,2016,9,1,4,2,423487,4,0,1,1,0,8,4
45451599,16308,751,4,748,2013,9,1,5,2.4,124800,4,2,1,1,0,7,6
45815952,1646,585,4,387,2013,9,1,5,1.8,114510,4,0,1,1,0,1,12
45652480,157,1172,6,605,2011,4,1,1,3.5,220323,6,0,0,1,0,1,12
45437492,20385,1211,0,54,2009,9,1,5,3,192000,6,2,2,1,0,12,8
45790382,7840,1429.8433516297,6,343,1999,9,1,5,2.4,200000,5,0,1,1,0,12,4
45800780,17249,582.788167938931,7,643,2011,9,1,2,1.8,115023,4,0,1,1,0,7,8
45810636,9832,363,1,768,2014,3,1,5,1,98861,4,0,1,1,0,2,4
45719857,10976,530,4,138,2013,3,0,5,1.6,129000,4,2,1,1,0,2,8
45116136,21012,530,2,465,2013,9,1,5,1.6,172800,4,2,1,1,0,1,10
45656439,8154,919,0,871,2012,4,1,1,3,103458,6,0,0,1,0,14,0
45804743,36636,770,4,817,2016,4,1,1,1.7,101395,4,0,1,1,0,7,4
45809944,19243,503,7,145,2012,3,1,5,1.5,81595,4,0,1,1,0,12,4
45732075,14069,1174,4,733,2020,4,1,1,2.2,29900,4,0,1,1,0,7,4
45491803,7213,1624,6,206,2001,10,1,5,3.2,210000,6,2,2,1,0,12,8
45793121,5328,760,1,317,2010,9,1,5,1.8,41253,4,0,1,1,0,4,4
45815529,15367,645,7,643,2011,3,0,2,1.8,171000,4,3,1,1,0,7,4
45797876,17710,1185,4,526,2009,7,1,1,2.5,194280,4,0,1,1,0,12,4
45758707,24462,792.627815866797,4,748,2016,9,0,5,2.4,60800,4,2,1,1,0,14,8
45733265,11604,639,4,748,2014,9,1,4,2,496592,4,0,1,1,0,12,4
45731789,37984,1091,4,526,2016,10,1,1,2.5,111817,4,0,1,1,0,12,4
45809667,25823,595,7,145,2015,3,1,5,1.5,33000,4,0,1,1,0,11,4
45802976,15053,836,4,733,2010,4,1,1,2,40645,4,0,1,1,0,14,4
45771377,470,1399,6,361,2010,9,1,5,3.5,229904,6,0,0,1,0,1,12
45776887,19444,1507.30769230769,6,837,2007,2,0,1,2.2,385000,4,1,2,1,0,14,4
44164473,22737,397,7,643,2016,3,0,2,1.8,72939,4,0,1,1,0,2,8
45811021,48296,1817,5,694,2020,4,1,5,3.5,1040,6,0,0,1,0,1,12
45804803,39891,639,4,817,2014,4,1,1,2,97081,4,0,1,1,0,14,4
45732667,10192,707,4,748,2011,9,1,5,2,64367,4,0,1,1,0,12,4
45815071,1411,986,7,268,2010,9,1,2,2.4,324613,4,0,1,1,0,14,12
45114236,20071,846.977310156905,4,733,2007,4,1,1,2.2,69500,4,2,1,1,0,1,6
45813966,9408,891,6,227,2016,9,1,5,2,56795,4,0,1,1,0,11,12
45636981,314,333,2,465,2014,9,1,2,2,124493,4,0,1,1,0,14,0
45813997,1803,1053,6,361,2014,9,1,5,3.5,74971,6,0,0,1,0,14,12
45278315,33500,1172,6,605,2011,4,1,5,3.5,196800,6,2,0,1,0,7,12
45794626,20698,792.627815866797,4,748,2015,9,0,5,2,106112,4,2,1,1,0,12,12
45802011,11290,741.884259259259,3,425,2010,9,0,5,1.3,155000,4,0,1,1,1,1,4
45453483,16308,612.4,2,448,2015,9,0,5,1.6,103000,4,0,1,1,0,12,8
45813734,12388,919,0,871,2012,4,1,1,3,420794,6,0,0,1,0,1,0
45782211,15210,749.991967871486,7,145,2012,3,0,2,1.5,143000,8,0,1,1,1,11,6
45809320,25299,642,1,289,2012,4,1,1,2,138292,4,0,1,1,0,12,4
45764346,3450,1624,6,361,2009,9,1,1,3.5,109139,6,0,2,1,0,1,12
45759113,39201,1811,5,516,2010,4,1,5,4.6,155821,8,0,0,1,0,1,0
45793336,7840,1026.00733117836,3,790,2000,7,0,5,2,186000,4,2,1,1,1,14,0
45797403,15612,687,4,387,2010,9,1,5,1.6,138425,4,0,1,1,0,14,4
45797874,18531,583,4,387,2011,9,1,5,1.6,163693,4,0,1,1,0,7,4
45732827,9252,765,4,748,2015,9,1,4,2,429379,4,0,1,1,0,8,4
45815308,9879,1327,7,268,2018,9,1,5,2.5,44845,4,0,1,1,0,3,12
44917682,29793,872.02838865217,7,159,2013,9,1,2,2.5,200000,6,2,1,1,0,2,0
45796223,37633,1682.5,6,722,2008,9,1,5,2,250001,8,2,0,1,0,1,16
45809545,26064,833,1,289,2015,4,1,1,2.2,50555,4,0,1,1,0,12,4
45794920,11290,843,7,643,2008,3,0,2,1.5,137000,4,0,1,1,0,2,8
45771788,282,1408,1,530,2007,4,1,5,2.2,207442,4,0,1,1,0,11,12
45803270,13877,836,4,748,2010,9,1,5,2,148769,4,0,1,1,0,12,4
44294557,12544,1711.27272727273,0,871,2003,4,1,5,3,206000,6,2,0,1,0,12,12
45575086,13485,503,7,651,2012,3,0,2,1.5,93000,4,0,1,2,0,12,8
45810988,392,810,1,317,2016,9,1,5,1.8,107846,4,0,1,1,0,1,12
45788834,19,1711.27272727273,0,871,2005,4,1,1,3,330000,6,2,0,1,0,7,12
45813506,1725,765,0,84,2015,9,1,5,2,86616,4,0,0,1,0,7,12
45552188,18189,1024,2,409,2010,4,0,2,2.5,127000,4,0,0,1,0,14,6
45648986,26030,1017,6,498,2017,4,1,5,2,44995,4,0,0,1,0,1,0
45653232,2509,1399,5,701,2010,4,1,2,3.5,315270,6,0,0,1,0,7,12
45708353,15500,2265,7,145,2019,3,0,2,1.5,5000,4,0,1,1,1,14,6
45804842,27591,639,4,817,2014,4,1,1,2,101816,4,0,1,1,0,14,4
45732582,30006,642,4,733,2012,4,1,1,2,134052,4,0,1,1,0,1,4
45801573,14113,528,4,387,2014,9,1,1,1.6,32844,4,0,1,1,0,14,4
45808317,1333,934,1,620,2015,9,1,5,2.5,96242,4,0,1,1,0,14,12
45816076,1176,586,4,387,2012,9,1,5,1.8,264398,4,0,1,1,0,2,12
44607769,14069,1269,0,891,2011,4,1,1,4,277100,6,0,2,1,0,14,6
45810236,19676,891,1,620,2016,9,1,5,2,138865,4,0,1,1,0,1,4
45781742,30420,707,0,84,2011,9,1,5,2,192000,6,0,0,1,0,14,8
45804843,41281,1017,4,817,2017,4,1,1,2,137967,4,0,1,1,0,14,4
45801747,17942,687,4,387,2010,9,1,5,1.6,50008,4,0,1,1,0,12,4
45625135,392,781,7,268,2012,9,1,2,2.5,314373,4,0,1,1,0,7,12
45642897,9408,1268,7,145,2012,3,0,2,1.5,88000,4,0,1,1,1,12,8
45795475,50178,1429.8433516297,6,710,2005,9,1,5,3.5,79000,6,2,2,1,0,14,12
44996190,16935,832.188679245283,2,409,2008,4,1,2,2.3,86400,4,0,1,1,0,13,10
45814984,2352,779,7,268,2013,9,1,5,2.5,185699,4,0,1,1,0,14,12
44609764,8000,1387.22222222222,3,638,2003,10,0,5,2.4,1111,4,0,1,1,1,1,10
45756960,157,1363,5,516,2012,4,1,5,4.6,189704,8,0,0,1,0,7,0
45788431,18189,792.627815866797,4,748,2011,9,1,5,2.4,0,1,2,2,1,0,12,12
45786633,35,888.488372093023,7,643,2007,3,0,0,1.5,220000,4,0,1,1,0,14,4
45811222,862,779,7,680,2013,4,1,5,2.5,200755,4,0,0,1,0,1,12
45781385,43905,1104,0,881,2009,10,1,5,4.4,170000,8,2,0,1,0,2,12
45548623,21326,1211,0,50,2010,0,1,5,3,91000,6,2,2,0,0,2,6
45809229,18045,691,3,425,2017,3,1,5,1.3,37074,4,0,1,1,0,12,4
45452982,29479,1682.5,6,722,2006,9,1,5,2,128000,8,2,2,1,0,1,12
45798288,14426,528,4,387,2014,9,1,1,1.6,78836,4,0,1,1,0,12,4
43153632,14069,1171.41025641026,7,535,2017,4,1,2,3.5,17202,4,2,0,1,0,14,12
45763146,862,447,3,560,2013,3,1,2,1.3,143597,4,0,1,1,0,12,0
45085819,18189,598.5,4,827,2012,9,1,5,1.6,110000,4,2,1,0,0,11,12
45765780,314,1017,6,355,2017,9,1,1,2,26802,4,0,2,1,0,1,12
45770152,43000,1211,0,54,2014,9,0,5,2,92361,4,2,2,1,0,13,0
44839716,14426,1018,0,50,2011,9,1,5,3,56990,4,0,2,1,0,7,12
45750726,2744,862,2,630,2004,9,1,5,3.9,60426,6,0,2,1,0,1,12
45810136,11704,687,1,575,2010,9,1,5,1.6,181976,4,0,1,1,0,2,4
45496305,7683,1599.33333333333,3,425,2003,3,0,5,1.3,180000,4,0,1,1,1,2,4
45786739,17249,1429.8433516297,6,615,2006,4,1,5,2,101000,8,2,0,1,0,5,12
45768169,9565,1058,7,535,2012,4,1,5,3.5,285186,6,0,1,1,0,7,12
44782804,10036,988,7,643,2007,3,0,2,1.5,194000,4,3,1,1,0,12,8
45761408,15681,455.705882352941,7,651,2013,3,0,2,1.4,228800,4,0,1,1,0,11,0
45040305,20071,475,1,853,2012,3,1,6,1.4,100000,4,0,1,1,0,12,10
45662047,784,448,3,560,2012,3,1,2,1.3,321269,4,0,1,1,0,11,0
45664442,784,917,0,871,2013,9,1,1,3,0,6,0,0,1,0,1,0
34286300,50,658,3,560,2009,3,0,2,1.3,141000,6,0,2,1,0,7,6
45324007,150,1690.85714285714,6,769,2009,6,1,1,2.7,30000,5,1,2,1,0,14,3
45788801,7527,1236,3,425,2011,3,0,5,1.3,112254,4,0,1,1,1,11,4
45805834,11917,862,6,188,2003,9,1,5,2.4,220000,4,2,2,1,0,6,0
45802197,32910,777,4,526,2014,7,1,1,2.5,154154,4,0,1,1,0,1,4
45019663,50150,1325,7,268,2019,9,1,5,2.5,39200,4,2,1,2,0,14,12
45640934,392,1018,0,871,2011,4,1,1,3,213195,6,0,0,1,0,3,0
45806513,17249,1266,7,152,2013,3,0,5,1.4,31563,4,0,1,1,1,7,6
45730587,20297,583,4,387,2011,9,1,5,1.6,64897,4,0,1,1,0,12,4
45788499,10036,642,2,452,2012,9,0,5,2,87000,4,0,1,1,0,7,0
45814021,15681,585,4,387,2013,9,0,5,1.8,138000,4,0,1,1,0,7,12
45810571,18531,642,1,639,2012,4,1,1,2,198034,4,0,1,1,0,12,4
45651267,941,1055,5,701,2013,4,1,2,3.5,361603,6,0,1,1,0,1,12
45810772,17876,1268.31428571429,4,526,2005,6,0,1,2.5,107000,6,0,2,1,0,12,0
45793884,5331,1429.8433516297,6,132,2000,9,0,0,1.6,200000,4,0,1,1,0,12,2
45304276,18817,308,7,643,2014,3,0,2,1.8,107500,4,3,1,1,0,2,12
45791770,11917,888.488372093023,7,643,2008,3,0,2,1.5,0,4,0,1,1,0,7,6
45651133,12858,765,6,498,2015,4,1,5,2,159928,4,0,1,1,0,1,0
45767162,36692,2366.56363636364,5,517,2005,4,1,5,2,147000,8,2,0,1,0,1,8
45773749,15681,755.375,3,293,2011,9,0,5,1.8,230000,4,0,1,1,0,1,6
45798031,14834,530,4,387,2013,9,1,5,1.6,166447,4,0,1,1,0,14,4
44839957,23834,798.697674418605,0,50,2012,9,1,5,2,0,6,2,2,1,0,7,6
45815569,11917,1347,2,409,2008,4,0,2,2.5,192000,4,3,0,1,0,2,8
45798004,15132,687,4,387,2010,9,1,5,1.6,143415,4,0,1,1,0,12,4
45523740,21012,1077,7,220,2019,4,1,5,2,19834,4,0,1,1,0,12,12
45802840,21953,836,4,733,2010,4,1,1,2,174000,4,0,1,1,0,12,4
45732686,9418,765,4,748,2015,9,1,4,2,39736,4,0,1,1,0,14,4
45802874,47217,765,4,733,2015,4,1,1,2,108177,4,0,1,1,0,1,4
45788585,28225,540.146341463415,5,258,2013,3,1,2,1.8,112000,4,0,1,1,0,12,8
45733528,38251,891,4,748,2016,9,1,5,2,54000,4,0,1,1,0,14,4
45758491,5018,431,4,748,2016,9,1,2,2,71218,4,0,1,1,0,1,0
45770031,15500,792.627815866797,4,748,2011,9,0,2,2.4,240000,4,0,1,1,0,12,6
45815290,4234,353,7,643,2015,3,1,2,1.8,123778,4,0,1,1,0,7,12
45801811,16543,687,4,387,2010,9,1,5,1.6,79995,4,0,1,1,0,12,4
45808922,14069,1011,2,421,2016,4,1,5,2.3,66508,4,0,1,1,0,1,4
45732798,16741,836,4,748,2010,9,1,5,2,201000,4,0,1,1,0,14,4
45645649,314,1646,5,516,2015,4,1,5,4.6,102907,8,0,0,1,0,1,0
45787944,10976,819.6,3,293,2003,1,0,5,2,180000,4,2,1,0,1,1,4
45805467,9408,1527,6,174,1998,9,0,5,1.8,281000,4,1,2,1,0,1,4
45809578,19030,446,3,425,2014,10,1,5,1.3,39373,4,0,1,1,0,12,4
45647020,2038,1017,6,355,2017,9,1,5,2,66933,4,0,0,1,0,14,12
45801707,18826,583,4,387,2011,9,1,5,1.6,173678,4,0,1,1,0,14,4
45815321,22580,1442,7,70,2015,4,1,5,4,67355,6,0,1,1,0,8,12
45802237,36834,1091,4,526,2016,7,1,1,2.5,139398,4,0,1,1,0,1,4
44809294,13485,765,2,452,2015,9,0,5,2,17000,4,0,1,2,0,12,12
45796948,16480,1024,4,526,2010,10,1,1,2.5,328034,4,0,1,1,0,2,4
45803188,15053,765,4,748,2015,9,1,4,2,283593,4,0,1,1,0,12,4
45798325,11917,530,4,387,2013,9,1,5,1.6,31691,4,0,1,1,0,14,4
45656138,11917,690,5,701,2016,4,1,2,3.5,59858,6,0,1,1,0,12,12
45789779,11917,2078,0,46,2003,9,1,5,2.5,244000,6,2,2,1,0,1,0
44960988,13642,529.21686746988,3,560,2011,3,0,2,1.3,209000,4,0,1,1,0,7,6
45633647,2666,431,2,465,2016,9,1,2,2,194974,4,0,1,1,0,1,0
45682634,11400,843,7,643,2008,9,0,2,1.5,248383,4,0,1,1,0,2,12
45804829,32578,765,4,817,2015,4,1,1,2,115553,4,0,1,1,0,7,4
45657074,36379,1078.53623188406,6,605,2011,4,1,5,3.5,154000,6,2,2,1,0,1,12
45487175,25089,528,2,448,2014,9,0,5,1.6,152000,4,1,1,1,0,1,6
45291964,10976,585,1,317,2013,9,0,5,1.8,88000,4,0,1,1,0,14,6
45756524,1176,862,7,268,2011,9,1,5,2.5,400154,4,0,1,1,0,7,12
45732134,44247,765,4,733,2015,4,1,1,2,115633,4,0,1,1,0,14,4
45816430,47,753,4,748,2012,9,1,5,2.4,90720,4,0,1,1,0,2,12
45803573,9722,765,4,748,2015,9,1,4,2,462954,4,0,1,1,0,8,4
45648029,18817,609,7,268,2018,9,1,2,2.5,35058,4,0,1,1,0,14,12
45592286,90,872.02838865217,7,824,2008,7,0,5,2,180000,4,0,0,1,0,14,2
45810320,21410,642,1,620,2012,9,1,5,2,72960,4,0,1,1,0,1,4
23242980,200,1500.5,7,583,2017,4,1,5,2.7,95000,4,0,0,2,0,1,10
45809786,55845,784,3,293,2017,1,1,5,1.5,32692,4,0,1,1,0,1,4
45797666,20005,531,4,387,2012,9,1,5,1.6,96860,4,0,1,1,0,14,4
45798567,11604,888.488372093023,7,643,2007,9,0,2,1.5,180000,4,0,1,1,0,2,8
45524789,15681,1077,7,220,2019,4,1,5,2,18950,4,0,1,1,0,1,12
45810088,16960,503,7,145,2012,3,1,5,1.5,90000,4,0,1,1,0,11,4
45280672,18817,832.188679245283,2,409,2009,4,0,2,2.5,198000,4,0,0,1,0,14,4
45804069,45542,1017,4,817,2017,4,1,1,2,95251,4,0,1,1,0,12,4
45789901,68994,1325,7,268,2019,9,1,5,2.5,4000,4,0,1,1,0,1,10
45751075,13328,609,7,680,2018,9,1,2,2.5,73646,4,0,0,1,0,7,12
45809351,13702,247,3,425,2014,3,1,2,1.3,102082,4,0,1,1,0,14,4
45806026,9252,1553.57142857143,6,177,2000,2,0,0,2,21000,4,1,2,1,0,12,4
43802229,49864,1500.5,7,583,2010,4,1,5,2.7,90000,4,0,0,0,0,14,8
45809857,11177,503,7,145,2012,3,1,5,1.5,147562,4,0,1,1,0,12,4
45815982,2352,584,4,387,2014,9,1,5,1.8,157760,4,0,1,1,0,2,12
44888867,16778,738,1,321,2017,9,0,5,1.4,43107,4,0,1,1,0,12,8
45776816,13230,645,7,643,2011,9,0,2,1.8,188800,4,0,1,1,0,12,10
45785918,15367,586,7,643,2012,3,0,2,1.8,300000,4,0,1,1,0,12,0
45809180,22843,1399,2,794,2010,9,1,5,3.5,56503,4,0,1,1,0,12,4
45099195,23521,1017,4,387,2017,9,0,5,2,34000,4,2,1,1,0,1,12
45813132,220,1205,4,733,2015,4,1,5,3.3,60232,6,0,1,1,0,14,12
45732145,35344,639,4,733,2014,4,1,1,2,129927,4,0,1,1,0,1,4
43805977,40769,1588,7,542,2006,4,0,4,4,220000,6,0,0,1,0,14,6
45803126,11259,640,4,748,2013,9,1,5,2,66690,4,0,1,1,0,14,4
45652534,2038,1172,6,605,2011,4,1,1,3.5,186542,6,0,0,1,0,14,12
45764480,30734,1053,6,361,2014,9,1,1,3.5,200179,6,0,0,1,0,1,12
45766246,549,1202,4,733,2017,9,1,5,2.4,45054,4,0,0,1,0,1,12
45797742,19416,583,4,387,2011,9,1,5,1.6,132749,4,0,1,1,0,12,4
45654375,470,441,4,748,2015,9,1,2,2.4,135730,4,0,1,1,0,12,0
45800343,5488,1599.33333333333,3,425,2001,3,1,5,1.9,147000,4,0,1,1,1,1,4
45762461,706,503,3,425,2012,4,1,5,1.5,277856,4,0,1,1,0,14,0
45796759,44517,1249,4,526,2017,10,1,1,2.5,97440,4,0,1,1,0,7,4
45161909,43278,1429.8433516297,6,711,2011,9,1,1,3.2,240000,6,2,2,1,0,1,12
39856789,14069,1338.90845620294,0,590,2017,1,1,5,3,17000,6,2,2,0,0,8,12
45802663,41886,891,4,733,2016,4,1,1,2,166588,4,0,1,1,0,7,4
45667886,16308,455.705882352941,7,651,2014,9,1,2,1.5,75000,4,0,1,1,0,12,8
45809621,1254,831,4,138,2017,9,1,5,1.6,88771,4,0,1,1,0,2,12
45648183,470,441,4,748,2015,9,1,2,2.4,135730,4,0,1,1,0,12,0
45810477,20385,586,7,643,2012,3,1,5,1.8,119230,4,0,1,1,0,12,8
45793877,21953,475,1,853,2012,9,1,6,1.4,110213,4,3,1,1,0,1,12
45809879,16010,473,1,317,2014,9,1,5,1.4,121122,4,0,1,1,0,14,4
45802229,36068,1091,4,526,2016,7,1,1,2.5,112193,4,0,1,1,0,12,4
45804206,25591,642,4,817,2012,4,1,1,2,212079,4,0,1,1,0,1,4
45636347,2666,431,2,465,2016,9,1,2,2,194974,4,0,1,1,0,1,0
45793955,100,673.483990147783,4,387,2014,9,1,5,1.8,34343,4,2,1,1,0,4,10
45774042,4547,1850,6,361,2008,9,1,1,3.5,494317,6,0,0,1,0,1,12
45768683,470,353,5,258,2015,3,1,2,1.8,115347,4,0,1,1,0,7,0
45769412,627,1172,6,361,2011,9,1,1,3.5,230696,6,0,0,1,0,1,12
45784404,4704,1368,3,293,1992,9,0,5,1.5,0,4,1,1,1,0,14,0
45644280,7213,1446.97098646035,3,312,1999,4,0,5,2,189000,4,0,0,1,1,11,4
45815825,18817,2084,2,799,1997,6,0,1,2,204000,4,1,2,0,0,14,2
45681534,30,888.488372093023,7,643,2008,9,0,2,1.5,211200,4,0,1,1,0,14,8
45791695,30,888.488372093023,7,643,2009,9,1,2,1.5,200000,4,0,1,1,0,14,6
45729748,27654,629,4,387,2015,9,1,5,1.6,118997,4,0,1,1,0,14,4
45656545,11290,738,1,317,2017,9,1,5,1.4,148800,4,2,1,1,0,11,12
45769750,60,645,7,556,2008,7,0,5,2,200000,4,0,1,1,1,14,8
45640903,1803,1405,0,871,2009,4,1,1,3,229854,6,0,0,1,0,6,0
45770001,22580,1017,6,355,2017,9,1,5,2,50930,4,0,2,1,0,1,12
45796289,18817,779,2,465,2013,9,1,5,2.5,49016,4,0,1,1,0,1,0
45762191,3763,872.02838865217,7,543,1995,4,0,5,3,170000,6,0,0,1,1,11,2
45808840,20777,1185,2,409,2009,4,1,5,2.5,77872,4,0,1,1,0,1,4
45798260,25299,730,4,387,2016,9,1,5,1.6,79845,4,0,1,1,0,14,4
43226487,40,1599.33333333333,3,425,2007,3,0,5,1.3,170000,4,0,1,2,1,14,0
45803950,20237,642,4,817,2012,4,1,1,2,166122,4,0,1,1,0,7,4
44873520,13172,650,1,317,2016,9,0,5,1.4,143000,4,0,1,1,0,2,12
45636994,2666,382,2,465,2015,9,1,2,2,100747,4,0,1,1,0,6,0
45648461,1019,1104,0,871,2015,4,1,1,3,196614,6,0,0,1,0,1,0
45794537,21953,1888,0,87,2004,9,1,5,3,0,6,2,2,1,0,1,10
45765633,15053,1429.8433516297,6,16,2006,9,1,5,2.5,270000,6,2,2,1,0,1,8
45803195,15681,891,4,748,2016,9,1,4,2,239314,4,0,1,1,0,12,4
45761358,282,2455,5,517,2008,4,1,5,2,218126,8,0,0,1,0,1,0
45789351,11604,1678,2,799,2002,6,0,1,2,190000,4,1,1,1,0,12,1
45765107,13799,394,7,268,2014,9,0,2,2.5,172480,4,0,1,1,0,14,0
45767334,3763,259,1,853,2014,3,1,2,1.4,138491,4,0,1,1,0,1,0
45809362,33798,784,3,425,2017,3,1,5,1.5,75000,4,0,1,1,0,1,4
45757154,188,382,1,853,2017,3,1,2,1.5,125358,4,0,1,1,0,7,0
45813910,392,639,6,227,2014,9,1,5,2,151334,4,0,1,1,0,11,12
45369144,9408,530,4,138,2013,9,0,5,1.6,111000,4,0,1,1,0,14,4
45781315,7840,742,3,293,2008,9,0,2,1.3,195200,4,0,1,1,0,12,8
45792994,7213,961,1,317,2009,9,1,1,2,71112,4,0,1,1,0,1,4
45769795,54568,1363,5,516,2012,4,1,5,4.6,255406,8,0,0,1,0,1,0
45437488,15053,529.21686746988,3,560,2011,3,0,2,1.3,80000,4,0,1,1,0,12,5
45664397,7213,919,0,871,2012,4,1,1,3,274098,6,0,0,1,0,14,0
45651246,63663,1575,6,502,2018,4,1,5,3,21499,6,0,0,1,0,14,12
45802838,23138,836,4,733,2010,4,1,1,2,188083,4,0,1,1,0,1,4
45656579,470,586,7,643,2012,3,1,2,1.8,373634,4,0,1,1,0,14,12
44956069,14069,1429.8433516297,6,504,2018,4,1,5,3,20000,6,0,0,1,0,12,12
45795596,11604,843,7,643,2008,3,0,2,1.5,100000,4,3,1,1,0,1,10
41228647,14069,1429.8433516297,6,601,2015,4,1,5,3,66000,12,2,0,1,0,1,10
45453862,10500,612.4,2,448,2010,9,0,5,1.6,11111,2,0,1,1,0,14,6
45816547,45473,1017,7,220,2017,4,0,5,2,30000,4,0,1,1,0,1,12
45808546,5645,749,3,62,2014,4,1,5,2.4,117536,4,0,1,1,0,14,12
45802700,14069,1076,4,733,2020,4,1,1,2,26000,4,0,1,1,0,7,4
45769302,7213,1446.97098646035,3,312,1997,4,0,5,2,200000,4,0,0,1,1,12,1
45556418,49550,1055,5,694,2013,4,1,5,3.5,64248,6,2,0,1,0,7,10
45766134,627,1058,6,361,2012,9,1,1,3.5,318285,6,0,0,1,0,1,12
45776418,6272,1599.33333333333,3,425,2001,3,0,5,1.3,169300,4,3,1,1,1,13,2
45761435,5018,1368,3,293,1997,1,0,5,1.4,200000,4,1,1,0,0,11,2
45797847,23772,781,4,526,2012,7,1,1,2.5,54595,4,0,1,1,0,7,4
45505872,16308,741.884259259259,3,425,2013,3,0,5,1.5,110325,4,0,1,1,1,7,12
45641154,11133,394,7,268,2014,9,1,2,2.5,179381,4,0,1,1,0,1,12
45809399,14768,502,3,425,2013,10,1,2,1.5,80699,4,0,1,1,0,12,4
45803746,20237,707,4,817,2011,4,1,1,2,106360,4,0,1,1,0,12,4
45796983,13589,1185,4,526,2009,10,1,1,2.5,242021,4,0,1,1,0,11,4
45810509,14953,364,1,639,2012,4,1,1,1,155329,4,0,1,1,0,12,4
45774072,9879,1018,6,361,2011,9,1,1,3,273186,6,0,2,1,0,14,12
45775006,14069,1338.90845620294,0,595,2014,9,1,5,0.4,100000,8,0,2,1,0,1,12
45803186,10036,639,4,748,2014,9,1,4,2,377942,4,0,1,1,0,12,4
45661607,314,1646,5,516,2015,4,1,5,4.6,102907,8,0,0,1,0,1,0
45815897,3293,585,4,387,2013,9,1,5,1.8,109179,4,0,1,1,0,2,12
45813591,706,579,7,680,2017,4,1,2,2.5,0,4,0,0,1,0,2,12
45793186,5645,790,1,317,2009,9,1,5,1.6,110000,4,0,1,1,0,12,4
45774892,5331,1527,6,174,1996,9,0,0,1.8,0,4,1,2,1,0,11,4
45765276,9879,1018,6,361,2011,9,1,1,3,273186,6,0,2,1,0,14,12
45732162,40569,891,4,733,2016,4,1,1,2,194067,4,0,1,1,0,1,4
45809674,27193,446,3,425,2014,3,1,5,1.3,50000,4,0,1,1,0,1,4
45650012,3763,779,7,268,2013,9,1,2,2.5,124912,4,0,1,1,0,14,12
44921503,13172,888.488372093023,7,643,2007,3,0,5,1.5,0,4,0,1,2,0,2,4
45803146,19914,891,4,748,2016,9,1,4,2,290838,4,0,1,1,0,8,4
45815919,21953,612,1,853,2010,3,1,6,1.4,84000,4,0,1,1,0,14,10
44555129,42337,1711.27272727273,0,871,2009,4,1,1,3,220000,6,2,0,1,0,1,6
44082868,8467,1277,7,643,2005,3,0,2,1.5,163000,4,0,1,1,0,1,8
45730579,20266,531,4,387,2012,9,1,5,1.6,134000,4,0,1,1,0,12,4
42411603,14897,749.991967871486,7,145,2012,3,0,2,1.5,159000,4,0,1,1,1,2,2
45797103,13297,966,4,522,2009,1,1,5,2,177000,4,0,1,1,0,12,4
45771938,3293,645,7,643,2011,1,1,2,1.8,229461,4,0,1,1,0,1,12
45788943,20071,757.14552238806,7,268,2010,9,1,2,2.4,120000,4,3,1,1,0,7,10
45813354,4861,1017,0,35,2017,9,1,5,2,78195,4,0,2,1,0,1,12
45758148,470,289,2,409,2008,4,1,2,0.4,115893,4,0,1,1,0,14,0
45629156,2666,431,2,465,2016,9,1,2,2,194974,4,0,1,1,0,1,0
45774265,470,1017,6,355,2017,9,1,5,2,35874,4,0,0,1,0,1,12
45765835,2744,751,4,748,2013,9,1,2,2.4,126690,4,0,1,1,0,12,0
45764559,784,382,1,853,2017,3,1,2,1.5,81440,4,0,1,1,0,1,0
45631422,7056,915,0,871,2014,4,1,1,3,141384,6,0,0,1,0,2,0
45731511,47217,1249,4,526,2017,10,1,1,2.5,112523,4,0,1,1,0,7,4
45765699,6429,2225,7,822,2017,9,1,5,4.6,190875,8,0,0,1,0,14,12
42866939,22580,595.03007518797,2,465,2013,9,0,2,2,155000,4,0,1,1,0,14,12
45732836,11604,639,4,748,2014,9,1,4,2,386544,4,0,1,1,0,12,4
45764503,3763,259,1,853,2014,3,1,2,1.4,138491,4,0,1,1,0,1,0
45653305,1019,333,2,465,2014,9,1,2,2,0,4,0,1,1,0,12,0
45732861,15681,891,4,748,2016,9,1,4,2,215572,4,0,1,1,0,12,4
45720645,30,1599.33333333333,3,425,2006,3,0,5,1.3,0,4,0,1,1,1,12,4
45771394,1882,1053,6,361,2014,9,1,5,3.5,146395,6,0,2,1,0,7,12
45739579,9722,1599.33333333333,3,425,2006,3,0,5,1.3,202000,4,3,1,1,1,1,2
45798739,34497,1078.53623188406,6,605,2011,4,1,5,3.5,182400,8,0,1,1,0,14,6
45793614,7840,587.673913043478,4,138,2007,9,0,5,1.6,229000,4,0,1,1,0,1,10
45803307,12858,640,4,748,2013,9,1,5,2,52668,4,0,1,1,0,1,4
45769732,10976,1841,6,347,2000,9,0,1,2.7,210000,5,2,2,1,0,1,10
45732147,24327,707,4,733,2011,4,1,1,2,177194,4,0,1,1,0,14,4
45758224,5018,1646,5,516,2015,4,1,5,4.6,188078,8,0,0,1,0,1,0
45757938,21639,1296,2,799,2008,6,0,1,2.4,176890,4,1,2,1,0,2,2
45816352,3,503,7,651,2012,3,1,5,1.5,172800,4,0,1,1,0,7,12
45797370,9261,687,4,547,2010,9,1,1,1.6,72140,4,0,1,1,0,12,4
45732624,9164,765,4,748,2015,9,1,4,2,128965,4,0,1,1,0,8,4
45810643,8151,363,1,768,2014,9,1,5,1,37542,4,0,1,1,0,14,4
45812074,7840,1111,3,425,2012,3,0,2,1.3,117000,4,0,1,1,1,9,4
44236528,23521,792.627815866797,4,748,2015,9,1,2,2.4,94000,4,0,1,1,0,13,8
45792185,15994,1271.22222222222,7,268,2006,9,1,5,2.4,15000,4,3,1,1,0,7,10
45740454,11917,473,1,317,2014,9,1,5,1.4,120000,4,0,2,1,0,1,4
45677703,45473,582.788167938931,7,643,2018,9,1,2,1.8,5700,4,0,1,1,0,14,12
45813184,549,645,4,387,2011,9,1,5,1.8,194674,4,0,1,1,0,7,12
44165847,13799,503,7,651,2012,3,0,2,1.5,1600,4,3,1,1,0,14,12
43497334,13172,781,7,268,2012,9,0,2,2.5,302400,4,2,1,1,0,1,10
45755019,470,518,7,157,2016,9,1,2,2.5,132645,4,0,1,1,0,14,12
44984362,16151,640,2,219,2013,3,1,2,2,96289,4,0,1,1,0,14,8
45757979,10036,585,7,643,2013,3,0,2,1.8,113000,4,0,1,1,0,2,12
45803076,16546,769,4,733,2011,4,1,1,2.2,192686,4,0,1,1,0,12,4
45749511,17249,2570,6,168,2007,3,1,1,2,218000,4,0,1,1,0,12,6
45803560,8781,639,4,748,2014,9,1,4,2,128965,4,0,1,1,0,8,4
45770334,1882,1053,6,361,2014,9,1,5,3.5,146395,6,0,2,1,0,7,12
45115113,13172,690,1,620,2016,9,0,5,1.5,86000,4,2,1,1,0,12,8
45781201,9722,1338.90845620294,0,78,2002,9,1,4,2.5,166818,6,2,2,1,0,9,8
45771933,706,645,7,643,2011,4,1,2,1.8,415150,4,0,1,1,0,7,12
45814981,470,1024,7,268,2010,9,1,5,2.5,369814,4,0,1,1,0,2,12
45764368,16308,769,2,799,2011,6,0,1,2.2,167000,4,1,1,1,0,14,2
45804085,44878,891,4,817,2016,4,1,1,2,61785,4,0,1,1,0,7,4
45802246,34108,777,4,526,2014,7,1,1,2.5,97010,4,0,1,1,0,7,4
44390368,29166,934,7,268,2015,9,1,5,2.5,83200,4,2,1,1,0,14,10
45646897,5488,394,7,268,2014,9,1,2,2.5,109798,4,0,1,1,0,14,12
45802417,21103,1104,4,525,2015,9,1,4,3,273249,4,0,1,1,0,1,4
44631202,13172,530,4,387,2013,9,1,5,1.6,75000,4,2,1,1,0,14,8
45669073,19757,353,7,643,2015,3,0,2,1.8,105000,4,0,1,1,0,12,8
45647811,1019,917,0,871,2013,4,1,1,3,137802,6,0,0,1,0,1,0
45768173,125,1750,7,535,2008,9,1,2,3.3,287274,6,0,0,1,0,14,12
45314858,52373,1429.8433516297,6,718,2010,9,1,5,2,125000,8,2,2,1,0,1,12
45772704,15994,1172,6,361,2011,1,1,1,3.5,170429,6,0,2,0,0,12,12
45656750,1019,1055,5,701,2013,4,1,2,3.5,138038,6,0,1,1,0,14,12
43695282,8154,1527,6,174,1997,10,0,5,1.8,183987,4,0,2,1,0,14,4
45800176,15053,587.673913043478,4,138,2016,3,0,5,1.6,57736,4,2,1,1,0,14,8
45798013,14834,687,4,387,2010,9,1,5,1.6,87640,4,0,1,1,0,7,4
44716364,11290,1429.8433516297,6,190,2004,10,0,5,2.6,143000,6,0,2,1,1,14,8
45689461,9408,862,0,73,1994,9,0,0,2,111111,6,1,2,1,0,1,1
45797359,9565,893,4,547,2008,3,1,5,1.6,72760,4,0,1,1,0,1,4
45732385,21363,707,4,733,2011,4,1,1,2,215647,4,0,1,1,0,14,4
45793051,7213,876,1,317,2009,9,1,5,1.8,133457,4,0,1,1,0,14,4
45653648,2038,1172,6,605,2011,4,1,1,3.5,186542,6,0,0,1,0,14,12
45801566,16618,531,4,387,2012,9,1,5,1.6,115471,4,0,1,1,0,7,4
45635130,3763,640,2,465,2013,9,1,2,2,320554,4,0,1,1,0,14,0
45660665,706,751,4,748,2013,9,1,2,2.4,0,4,0,1,1,0,14,0
45758429,1254,1058,2,384,2012,4,1,5,3.5,115485,6,0,1,1,0,2,12
45797869,18531,687,4,387,2010,9,1,5,1.6,111280,4,0,1,1,0,14,4
44943782,10349,831,4,748,2011,9,0,2,2.4,167000,4,2,1,1,0,4,12
45793162,7840,462,1,626,2010,9,1,5,1,39498,4,0,1,1,0,1,4
45789649,36692,640,0,50,2013,9,1,5,2,126400,4,1,2,1,0,1,12
45653199,282,1399,5,701,2010,4,1,2,3.5,311949,6,0,1,1,0,12,12
45776560,18189,308,7,651,2015,3,0,2,1.5,107267,4,0,1,1,0,11,0
45816056,17876,673.483990147783,4,387,2015,9,0,5,1.8,95000,4,0,1,1,0,12,6
45776655,31361,1690.85714285714,6,769,2005,6,1,1,2.2,0,4,1,2,1,0,14,2
45646664,862,394,7,268,2014,9,1,2,2.5,130478,4,0,1,1,0,14,12
45455349,14426,781,7,268,2012,9,1,5,2.5,102000,4,2,1,1,0,7,8
45751254,2038,810,4,387,2016,9,1,5,1.8,133437,4,0,1,1,0,3,12
45762772,47669,1017,6,498,2017,4,1,5,2,55704,4,0,0,1,0,1,0
45801879,11290,308,7,643,2014,9,1,2,1.8,10000,4,0,1,1,0,7,0
45793672,23521,891,4,387,2016,9,1,5,2,97600,4,2,1,1,0,1,16
45649692,5488,394,7,268,2014,9,1,2,2.5,109798,4,0,1,1,0,14,12
45645955,18817,582.788167938931,7,643,2013,9,0,2,1.8,169000,4,0,1,1,0,12,0
45770309,4861,1058,6,361,2012,9,1,1,3.5,128202,6,0,2,1,0,1,12
45770356,22580,1017,6,355,2017,9,1,5,2,50930,4,0,2,1,0,1,12
45810884,12544,1832,6,769,2005,6,0,1,2.2,0,5,1,2,0,0,14,0
45781909,7527,943.016149870801,0,50,1999,9,0,4,2.8,25000,6,1,2,1,0,1,6
45760954,470,753,4,748,2012,4,1,2,2.4,123862,4,0,1,1,0,14,0
45761400,21953,595,2,465,2015,9,0,5,1.5,28000,4,0,1,1,0,14,12
45773243,26657,749,1,407,2014,4,0,5,2.4,55000,4,2,1,1,0,14,12
45771217,4547,1850,6,361,2008,9,1,1,3.5,494317,6,0,0,1,0,1,12
45725908,36065,640,6,228,2013,9,1,5,2,68000,4,2,1,1,0,11,12
45776862,18503,1528,7,536,2007,4,0,5,2.4,119911,4,0,1,1,0,12,8
45660684,4077,753,4,748,2012,9,1,2,2.4,259934,4,0,1,1,0,11,0
45418839,35438,831,1,407,2018,4,0,5,1.5,9000,4,2,0,1,0,1,8
45768243,314,1017,6,498,2017,4,1,5,2,46413,4,0,0,1,0,2,0
45732853,9252,765,4,748,2015,9,1,4,2,128965,4,0,1,1,0,8,4
45096154,71817,1360,5,516,2013,4,1,5,4.6,179000,8,0,0,1,0,1,10
45791836,16151,382,2,214,2015,3,0,6,2,0,4,0,1,1,0,1,0
45795536,7213,1685,0,35,1994,1,1,5,2,285000,6,1,2,0,0,12,4
45788157,22580,784,1,620,2017,9,0,5,1.5,96000,4,2,1,1,0,12,12
45758478,2822,751,4,748,2013,9,1,2,2.4,141213,4,0,1,1,0,12,0
45802708,15323,836,4,733,2010,4,1,1,2,200091,4,0,1,1,0,12,4
45801787,16894,531,4,387,2012,9,1,5,1.6,101682,4,0,1,1,0,12,4
45779376,28225,1711.27272727273,0,871,2009,4,0,5,3,41000,6,2,0,1,0,4,8
45629141,282,640,2,465,2013,9,1,2,2,174619,4,0,1,1,0,7,0
45814032,17249,862,2,630,2008,1,0,5,4.6,129600,8,1,2,0,0,2,4
44587422,17249,1681,0,35,2005,9,0,1,1.9,349930,1,0,2,1,0,1,0
45802862,48998,765,4,733,2015,4,1,1,2,104667,4,0,1,1,0,7,4
45539420,12544,843,7,643,2008,9,0,5,1.5,358400,4,0,1,1,0,11,6
45803577,10349,891,4,748,2016,9,1,4,2,372093,4,0,1,1,0,8,4
45647976,3607,781,7,268,2012,9,1,2,2.5,156518,4,0,1,1,0,14,12
45641703,862,394,7,268,2014,9,1,2,2.5,130478,4,0,1,1,0,14,12
45732925,9408,836,4,748,2010,9,1,5,2,71941,4,0,1,1,0,12,4
45738329,22580,1701.21052631579,6,605,2006,4,1,5,3.5,286000,6,2,0,1,0,1,6
45794376,8781,1599.33333333333,3,425,2005,9,0,5,1.5,1000,4,0,1,1,1,12,4
45656210,157,585,7,643,2013,3,1,2,1.8,169301,4,0,1,1,0,14,12
45773767,19444,521,1,853,2011,9,1,6,1.4,159200,4,0,1,1,0,1,6
45809252,19930,691,3,425,2017,3,1,5,1.3,14665,4,0,1,1,0,1,4
45802637,26500,640,4,733,2013,4,1,1,2,296391,4,0,1,1,0,12,4
45796360,10976,308,7,643,2014,3,1,2,1.8,0,4,3,1,1,0,14,6
45803166,10976,891,4,748,2016,9,1,4,2,438867,4,0,1,1,0,8,4
45655035,314,1399,5,701,2010,4,1,2,3.5,382746,6,0,0,1,0,12,12
45646770,627,1018,0,50,2011,9,1,5,3,241994,6,0,2,1,0,14,12
45785967,14113,986,4,387,2010,9,1,5,2.4,148800,4,2,1,1,0,1,4
45337085,16935,455.705882352941,7,651,2013,3,0,2,1.5,110000,4,0,1,1,0,12,12
24367759,14069,1429.8433516297,6,780,2013,6,1,1,2.2,225000,6,1,2,0,0,14,4
45757672,10036,382,2,465,2015,9,1,2,2,100747,4,0,1,1,0,6,12
45797247,14897,528,4,547,2014,3,1,1,1.6,38554,4,0,1,1,0,0,4
45757058,7213,878,7,643,2009,9,1,2,1.8,281600,4,0,2,1,0,14,0
45771375,3607,862,2,409,2011,4,1,2,2.5,168966,4,0,0,1,0,14,0
45611260,6899,872.02838865217,7,464,2000,3,0,0,1.5,215000,4,0,1,1,1,1,8
45794448,37633,814.666666666667,6,769,2010,6,0,5,2.7,190000,4,1,2,0,0,14,2
43643055,11760,490,3,560,2011,3,0,2,1.3,116197,4,0,1,1,0,1,7
45803084,37320,1017,4,733,2017,4,1,1,2,73463,4,0,1,1,0,7,4
45803666,23521,765,4,817,2015,4,1,1,2,40644,4,0,1,1,0,14,4
45801523,13877,531,4,387,2012,9,1,5,1.6,185907,4,0,1,1,0,14,4
45656590,706,761,7,643,2010,3,1,2,1.8,73402,4,0,1,1,0,14,12
45764896,314,1172,6,361,2011,9,1,1,3.5,132630,6,0,2,1,0,12,12
45660011,8154,1750,5,696,2008,4,1,2,3.3,224629,6,0,0,1,0,12,12
45810119,12570,687,1,575,2010,9,1,5,1.6,60000,4,0,1,1,0,7,4
45688719,12231,988,7,643,2007,3,0,5,1.5,127000,4,3,1,1,0,1,8
45790799,11917,1429.8433516297,6,357,2000,9,1,1,3.2,1111,6,2,2,1,0,2,10
45764655,3293,832,7,792,2014,4,1,5,2.7,64994,4,0,2,1,0,7,12
45659035,94,1058,6,605,2012,4,1,1,3.5,224118,6,0,0,1,0,14,12
45815564,9408,1429.8433516297,6,343,2000,9,0,5,2.4,252000,6,1,2,1,0,1,4
45786004,14113,1266,7,146,2014,3,1,2,1.5,100000,4,3,1,1,1,1,8
45803162,67903,1076,4,748,2020,9,1,5,2,2000,4,0,1,1,0,7,4
45212681,11000,521,1,317,2011,9,1,5,1.4,161318,4,0,1,1,0,4,12
45774059,188,781,7,268,2012,4,1,2,2.5,268683,4,0,1,1,0,2,12
45688786,61154,917,6,605,2013,4,1,1,3,146577,6,2,0,1,0,1,12
45768350,10663,828,1,620,2020,9,1,5,1.5,14162,4,0,1,1,0,3,12
45810164,13093,761,1,575,2010,9,1,5,1.8,163862,4,0,1,1,0,7,4
45796572,11447,530,2,448,2013,3,1,5,1.6,74000,4,2,1,1,0,12,12
44753853,18189,586,7,643,2012,9,1,2,1.8,68000,4,0,1,1,0,12,12
45617940,627,1172,6,361,2011,9,1,1,3.5,134904,6,0,0,1,0,7,12
45757145,19130,1533.25,2,799,2003,2,0,1,2.5,144325,4,1,2,1,0,14,2
45788921,1400,1429.8433516297,6,11,1990,9,0,5,2,237065,4,1,1,1,0,12,0
45798660,23834,582.788167938931,7,643,2014,3,0,6,1.8,123000,4,0,1,1,0,14,12
45788588,20071,872.02838865217,7,654,2014,3,0,5,1.5,80011,4,0,1,1,0,7,8
45773631,18189,582.788167938931,7,643,2010,9,0,2,1.8,139200,4,0,1,1,0,1,6
45653475,1803,574,3,560,2010,3,1,2,1.3,187312,4,0,1,1,0,2,0
45535697,28852,757.14552238806,7,268,2014,9,1,5,2.5,200000,4,0,1,1,0,1,8
45770102,37633,1426,7,583,2018,4,0,5,2.7,177000,4,0,0,1,0,1,2
45809009,57526,1080,1,264,2014,0,1,5,3.6,34481,4,0,1,1,0,15,4
45733150,17484,707,4,748,2011,9,1,5,2,164861,4,0,1,1,0,1,4
45645408,157,1172,6,605,2011,4,1,1,3.5,220323,6,0,0,1,0,1,12
45770314,29793,1053,6,361,2014,9,1,1,3.5,219030,6,0,0,1,0,1,12
45733268,12544,765,4,748,2015,9,1,4,2,533571,4,0,1,1,0,8,4
45801656,19416,583,4,387,2011,9,1,5,1.6,132749,4,0,1,1,0,12,4
45805067,23101,642,4,817,2012,4,1,1,2,151481,4,0,1,1,0,12,4
45761328,14069,1935,5,516,2016,4,1,5,4.6,155976,8,0,0,1,0,14,0
45655516,157,585,7,643,2013,3,1,2,1.8,169301,4,0,1,1,0,14,12
45766352,941,1935,7,822,2016,4,1,5,4.6,254805,8,0,0,1,0,14,12
45810413,12980,642,1,639,2012,4,1,1,2,230000,4,0,1,1,0,12,4
45805069,22934,642,4,817,2012,4,1,1,2,124000,4,0,1,1,0,12,4
45751245,627,761,3,293,2010,9,1,5,1.8,215533,4,0,1,1,0,7,12
45793543,7213,503,7,651,2012,9,0,2,1.5,148233,4,3,1,1,0,14,12
45653526,4861,308,3,293,2015,4,1,2,1.5,49272,4,0,1,1,0,2,0
45757276,16308,1811,5,517,2010,4,1,5,4.6,357246,8,0,0,1,0,7,0
45758462,13172,1026.00733117836,3,562,2011,3,0,2,1.3,198000,4,3,1,1,0,2,6
45732784,14279,891,4,748,2016,9,1,4,2,37898,4,0,1,1,0,12,4
45767726,1019,1537,7,535,2009,9,1,2,3.3,318358,6,0,0,1,0,1,12
45796727,6899,1429.8433516297,6,242,2001,1,1,5,3.2,1000,6,2,2,0,1,1,6
45801623,20005,531,4,387,2012,9,1,5,1.6,132421,4,0,1,1,0,12,4
45767026,17249,738,1,317,2017,9,0,5,1.4,65600,4,2,1,1,0,1,14
45809947,14834,586,1,317,2012,9,1,5,1.8,158223,4,0,1,1,0,14,4
45763778,52059,1363,5,516,2012,4,1,5,4.6,229334,8,0,0,1,0,1,0
45688038,26030,587.148148148148,6,191,2012,9,1,5,1.8,112000,4,2,2,1,0,1,10
45552370,17405,697,7,305,2015,9,1,5,1.8,142265,4,0,1,1,0,1,8
45769171,15994,1172,6,361,2011,1,1,1,3.5,170429,6,0,2,0,0,12,12
45789049,37633,1269,0,891,2009,4,1,5,2,240000,8,2,0,1,0,11,12
45766127,9408,585,4,387,2013,4,1,5,1.8,207606,4,0,1,1,0,7,12
45756872,470,382,2,465,2015,9,1,2,2,0,4,0,1,1,0,1,0
45781890,10663,788.140435835351,4,817,2005,4,0,1,2,200000,4,1,0,1,0,1,0
45272587,10820,843,7,643,2008,9,0,2,1.5,216000,4,0,1,1,0,12,4
45431701,14113,761,7,643,2010,3,0,2,1.8,166000,4,0,1,1,0,1,8
43740819,32929,1017,1,264,2017,1,0,5,2,67200,4,2,2,0,0,2,8
45801977,18189,891,2,452,2016,3,0,5,2,66000,4,0,1,1,0,7,6
45621626,11133,1053,6,361,2014,9,1,1,3.5,238546,6,0,0,1,0,1,12
45651727,1725,1363,6,605,2012,4,1,1,4.6,180659,8,0,0,1,0,1,12
45802808,49889,833,4,733,2015,4,1,1,2.2,132000,4,0,1,1,0,14,4
45809561,16900,503,7,145,2012,3,1,5,1.5,79092,4,0,1,1,0,7,4
45788443,13485,741.884259259259,3,425,2011,3,0,2,1.3,97000,4,3,1,1,1,6,6
45733474,44134,900,4,748,2015,9,1,5,2.4,112528,4,0,1,1,0,7,4
45656640,31,490,3,560,2011,3,1,2,1.3,198891,4,0,1,1,0,7,0
41644107,50,888.488372093023,7,643,2009,3,1,2,1.5,200000,6,0,0,1,0,3,4
45797492,43655,1091,4,526,2016,10,1,1,2.5,133014,4,0,1,1,0,12,4
45814282,11290,1675,2,799,2004,6,0,1,2,1000,4,1,1,0,0,14,2
45809443,17264,447,3,425,2013,3,1,5,1.3,52320,4,0,1,1,0,12,4
45802440,26594,1292,4,525,2016,9,1,4,3,200000,4,0,1,1,0,12,4
45802954,24920,707,4,733,2011,4,1,1,2,156559,4,0,1,1,0,12,4
45769233,54568,1363,5,516,2012,4,1,5,4.6,255406,8,0,0,1,0,1,0
45642650,110,1077,4,733,2019,4,1,5,2,28797,4,0,1,1,0,14,12
45772362,392,585,4,387,2013,4,1,5,1.8,0,4,0,1,1,0,12,12
45772764,29793,1053,6,361,2014,9,1,1,3.5,219030,6,0,0,1,0,1,12
45653954,1725,970.867153989687,2,737,1997,9,0,5,2,180000,4,1,2,1,0,12,2
45661036,6272,1624,6,605,2009,4,1,1,3.5,274088,6,0,0,1,0,1,12
45761378,14113,586,7,643,2012,9,1,2,1.8,88000,4,0,1,1,0,12,12
45815957,4391,640,4,748,2013,9,1,5,2,53867,4,0,1,1,0,12,12
44775250,10976,1533.25,2,799,2004,2,0,1,2,245452,4,1,1,1,0,11,4
45802359,18660,1024,4,526,2010,7,1,1,2.5,54963,4,0,1,1,0,12,4
45671630,20385,353,7,643,2015,3,0,2,1.8,137600,4,3,1,1,0,14,12
45732071,51965,891,4,733,2016,4,1,1,2,49515,4,0,1,1,0,14,4
45806834,549,1053,5,553,2014,9,1,5,3.5,89315,6,0,2,1,0,1,12
45262988,14426,802.125,2,799,2010,6,0,1,2.2,155000,4,1,1,1,0,15,2
45647599,18817,609,7,268,2018,9,1,2,2.5,35058,4,0,1,1,0,14,12
45767461,25089,781,7,268,2012,9,0,2,2.5,99000,4,0,1,1,0,12,12
45491433,37006,696,6,337,2013,9,1,1,2.2,130000,4,2,2,1,0,1,12
45766958,16621,584,4,396,2014,9,0,5,1.8,144000,4,2,1,1,0,7,12
45810598,35438,757.14552238806,7,268,2016,9,1,5,2.5,110624,4,0,1,1,0,1,12
45435594,41710,814.666666666667,6,769,2010,6,0,1,2.2,232722,4,2,2,1,0,14,4
45766674,1646,382,2,214,2015,3,1,2,2,193106,4,0,1,1,0,12,12
45721236,30,1599.33333333333,3,425,2003,3,0,5,1.3,0,4,0,1,1,1,11,4
45809400,11967,503,7,145,2012,3,1,5,1.5,118400,4,0,1,1,0,2,4
45767744,4861,1324,7,535,2010,4,1,2,3.3,264877,6,0,0,1,0,14,12
45815411,314,781,7,268,2012,9,1,2,2.5,249422,4,0,1,1,0,7,10
45803525,10976,765,4,748,2015,9,1,4,2,327685,4,0,1,1,0,12,4
45758231,12544,751,4,748,2013,9,1,5,2.4,98456,4,0,1,1,0,1,0
45815416,24462,1057.78571428571,7,274,2009,9,1,5,2.5,210000,4,0,1,1,0,1,0
41080762,54882,1269,0,891,2011,4,1,5,3,104000,6,2,0,1,0,1,12
45695160,27598,640,0,84,2013,9,1,5,2,82000,4,2,2,1,0,14,12
45798077,13178,687,4,387,2010,9,1,5,1.6,86660,4,0,1,1,0,12,4
45590726,8154,584,7,568,2003,9,0,5,1.5,158500,4,0,1,1,1,12,2
45652524,2666,1018,6,605,2011,4,1,1,3,0,6,0,0,1,0,1,12
45721225,30,1599.33333333333,3,425,2006,3,0,5,1.3,0,4,0,1,1,1,12,4
45803278,10036,639,4,748,2014,9,1,4,2,335782,4,0,1,1,0,12,4
45797835,21953,862,4,526,2011,7,1,1,2.5,61142,4,0,1,1,0,12,4
45769403,5018,1624,6,361,2009,9,1,1,3.5,109139,6,0,2,1,0,1,12
45809641,11133,1018,0,871,2011,4,1,5,3,170043,6,0,0,1,0,7,12
45738546,16308,2084,2,799,1995,2,0,1,2.5,289200,4,1,2,1,0,14,0
45785146,38000,609,7,270,2018,9,1,2,2.5,27484,8,0,1,2,0,0,12
45813977,19444,672,7,269,2011,9,0,2,2.4,127000,4,3,1,1,0,7,10
45807519,20071,455.705882352941,7,651,2014,3,0,2,1.5,153600,4,3,1,1,0,11,6
45809016,48277,1307,1,264,2015,0,1,5,3.6,99162,4,0,1,1,0,15,4
45649671,392,779,7,268,2013,9,1,2,2.5,232032,4,0,1,1,0,12,12
45771690,50178,1306.25,6,252,2012,1,1,5,2,178000,8,2,2,1,0,1,12
45802458,8938,986,4,525,2010,9,1,5,2.4,78436,4,0,1,1,0,1,4
45811191,21326,642,0,50,2012,9,1,5,2,145000,2,0,1,1,0,1,4
45794203,16308,1711.27272727273,0,871,2006,4,1,5,4.4,220000,8,2,0,1,0,1,10
45814244,18817,862,7,268,2011,9,0,5,2.5,20480,4,2,1,1,0,2,7
45801996,9408,836,4,522,2010,9,1,4,2,133225,4,0,1,1,0,1,4
45815336,16621,1684.925,6,361,2005,9,1,5,3.5,238357,6,2,0,1,0,12,8
45797683,19707,531,4,387,2012,9,1,5,1.6,79911,4,0,1,1,0,7,4
45694880,15681,528,2,448,2014,3,1,5,1.6,94640,4,2,1,1,0,11,8
45742723,4858,1527,6,174,1996,9,0,0,1.8,220000,4,1,2,1,0,12,4
45784972,19757,598.5,4,827,2016,3,1,5,1.6,31000,4,2,1,0,0,12,6
45282558,14069,1429.8433516297,6,499,2018,4,1,5,2,37554,8,2,0,1,0,1,12
43022143,46728,765,4,817,2015,4,1,1,2,31000,4,2,1,1,0,12,12
45779155,13485,503,7,651,2012,3,0,2,1.5,208000,4,0,1,1,0,14,6
45801257,16935,582.788167938931,7,643,2011,9,0,2,1.8,235000,4,0,1,1,0,2,0
45756946,12858,1363,5,516,2012,4,1,5,4.6,255406,8,0,0,1,0,1,0
45641649,392,779,7,268,2013,9,1,2,2.5,232032,4,0,1,1,0,12,12
45766856,1019,521,1,317,2011,9,1,5,1.4,143502,4,0,1,1,0,2,12
45806397,14426,394,5,379,2014,9,1,2,2.5,176213,4,0,1,1,0,1,12
45763846,45,582.788167938931,7,643,2013,9,1,2,1.8,99999,4,0,2,1,0,14,4
45815752,30734,781,7,268,2012,9,1,2,2.5,195994,4,3,1,1,0,12,12
45766274,627,836,7,792,2012,9,1,5,2.7,394069,4,0,2,1,0,1,12
45794561,13485,1711.27272727273,0,871,2003,4,1,4,3,18900,6,2,1,1,0,7,2
45801230,6272,1338.90845620294,0,31,1998,9,0,5,1.8,0,4,1,2,1,0,12,4
45798066,14069,790,4,387,2009,9,1,5,1.6,157977,4,0,1,1,0,1,4
45787160,9095,2084,2,799,1999,6,0,1,2.5,11600,4,1,2,1,0,14,4
45790610,21953,777,7,268,2014,9,0,5,2.5,75419,4,0,1,1,0,14,0
45695499,36065,1018,0,871,2011,4,1,5,3,155200,6,2,0,1,0,1,12
45523825,549,1079,7,220,2018,4,1,5,2,46733,4,0,1,1,0,12,12
45777158,21953,777,7,268,2014,9,0,5,2.5,97979,4,0,1,1,0,1,0
45802772,12554,836,4,733,2010,4,1,1,2,58776,4,0,1,1,0,14,4
45816406,3920,831,4,748,2011,9,1,5,2.4,182645,4,0,1,1,0,14,12
45809442,25638,501,3,425,2014,3,1,5,1.5,78000,4,0,1,1,0,14,4
45733250,12544,765,4,748,2015,9,1,4,2,128965,4,0,1,1,0,8,4
45801564,19933,531,4,387,2012,9,1,5,1.6,134000,4,0,1,1,0,14,4
45769653,12388,1399,6,361,2010,9,1,1,3.5,189530,6,0,0,1,0,1,12
45658568,314,1646,5,516,2015,4,1,5,4.6,102907,8,0,0,1,0,1,0
45322732,20385,639,2,465,2014,9,1,5,2,99000,4,2,1,1,0,1,12
45769694,941,1750,7,535,2008,9,1,2,3.3,226094,6,0,0,1,0,14,12
45642863,1098,394,7,268,2014,9,1,2,2.5,398069,4,0,1,1,0,1,12
45770974,470,761,7,643,2010,4,1,2,1.8,408997,4,0,1,1,0,14,12
45785153,16308,584,4,387,2014,9,0,5,1.8,106789,4,2,1,1,0,7,12
45804119,28532,642,4,817,2012,4,1,1,2,99748,4,0,1,1,0,7,4
44728719,14113,345,7,651,2016,3,0,2,1.5,250000,4,3,1,1,0,12,12
45809897,54847,1017,3,293,2017,9,1,5,2,20565,4,0,1,1,0,12,4
45642787,784,448,3,560,2012,3,1,2,1.3,321269,4,0,1,1,0,11,0
45620823,627,1172,6,361,2011,9,1,1,3.5,134904,6,0,0,1,0,7,12
45776602,12231,503,3,425,2012,9,0,5,1.5,126400,4,0,1,1,0,12,5
45803800,67934,1077,4,817,2019,4,1,1,2,13940,4,0,1,1,0,14,4
45809798,32913,585,3,293,2013,1,1,5,1.8,128905,4,0,1,1,0,1,4
45769101,27284,834,7,792,2013,4,1,5,2.7,397915,4,0,2,1,0,14,12
45802274,18669,862,4,526,2011,7,1,1,2.5,65564,4,0,1,1,0,12,4
43808012,27598,794.604651162791,7,298,2015,9,1,5,1.8,79000,4,2,1,1,0,2,8
45776523,16621,645,7,643,2011,3,1,2,1.8,222016,4,0,1,1,0,5,8
45773682,15994,1172,6,361,2011,1,1,1,3.5,170429,6,0,2,0,0,12,12
44299606,18503,586,7,643,2012,3,1,2,1.8,99000,4,3,1,1,0,7,12
45761322,40142,1811,5,517,2010,4,1,5,4.6,357246,8,0,0,1,0,7,0
45410309,23521,377.528,1,853,2011,9,1,6,1.4,179200,4,3,1,1,0,14,8
45625933,7213,915,0,871,2014,4,1,1,3,0,6,0,0,1,0,1,0
45757018,16308,779,7,268,2013,9,0,5,2.5,198472,4,0,1,1,0,12,0
45802829,28927,707,4,733,2011,4,1,1,2,121581,4,0,1,1,0,7,4
45802790,43062,765,4,733,2015,4,1,1,2,143370,4,0,1,1,0,14,4
45769196,29793,1053,6,361,2014,9,1,1,3.5,219030,6,0,0,1,0,1,12
45810376,11290,1055,5,694,2013,4,1,5,3.5,124723,6,0,1,1,0,7,12
44473357,15681,1528,2,799,2007,6,0,1,2.4,158000,4,1,2,1,0,14,2
45764909,30734,2151,5,517,2009,4,1,5,2,264339,8,0,0,1,0,1,0
44927837,19757,1429.8433516297,6,357,2007,9,1,1,3,158000,6,0,2,1,0,12,0
45800230,7527,872.02838865217,7,263,2005,9,0,0,2,111111,4,0,0,1,1,14,6
45755073,16935,1249,7,268,2017,9,1,5,2.5,127955,4,0,1,1,0,2,12
45803385,13799,1017,4,748,2017,4,1,4,2,342961,4,0,1,1,0,8,4
45761349,52059,1363,5,516,2012,4,1,5,4.6,229334,8,0,0,1,0,1,0
45647789,784,394,7,268,2014,9,1,2,2.5,102397,4,0,1,1,0,1,12
45647568,3136,781,7,268,2012,9,1,2,2.5,159379,4,0,1,1,0,14,12
45796827,1000,1429.8433516297,6,512,2014,9,1,5,2,128965,1,1,1,0,0,1,12
45642784,706,574,3,560,2010,3,1,2,1.3,210758,4,0,1,1,0,12,0
45620623,1646,1058,6,361,2012,9,1,1,3.5,240987,6,0,0,1,0,1,12
45812275,9408,959,3,141,2008,9,1,4,2.4,130000,4,2,2,1,0,1,10
45656441,5018,1399,5,701,2010,4,1,2,3.5,167222,6,0,0,1,0,1,12
45797697,15053,1347,4,526,2008,7,1,1,2.5,63984,4,0,1,1,0,12,4
45798270,11886,583,4,387,2011,9,1,5,1.6,113660,4,0,1,1,0,7,4
45794101,18817,1478,0,107,2006,9,1,5,2,111111,8,2,2,2,0,14,5
45596854,14740,819.6,3,293,2008,9,0,5,2,154000,4,1,1,1,0,1,6
42894391,31361,1429.8433516297,6,776,2009,6,1,1,2.2,180000,4,1,2,1,0,1,2
45778727,43905,1020.57819905213,0,871,2011,4,1,1,3,263000,6,2,0,1,0,1,12
45797526,38016,1249,4,526,2017,10,1,1,2.5,100900,4,0,1,1,0,12,4
45754642,18189,645,5,258,2011,3,1,2,1.8,200000,4,3,1,1,0,3,12
45802094,20237,862,4,526,2011,10,1,1,2.5,247791,4,0,1,1,0,7,4
45640837,5018,779,7,268,2013,9,1,2,2.5,190549,4,0,1,1,0,1,12
45782190,12858,586,7,643,2012,3,0,2,1.8,160913,4,2,1,1,0,12,12
45524376,40769,1058,5,694,2012,4,1,5,3.5,140000,6,2,0,1,0,12,0
45019779,17249,1024,2,409,2010,4,0,2,2.5,140000,4,0,0,1,0,14,0
45804160,27065,707,4,817,2011,4,1,1,2,137000,4,0,1,1,0,7,4
45781972,63,1599.33333333333,3,425,2003,3,0,4,1.5,220000,4,3,1,1,1,1,4
45797799,12544,1347,4,526,2008,7,1,1,2.5,150891,4,0,1,1,0,12,4
45648260,862,394,7,268,2014,9,1,2,2.5,130478,4,0,1,1,0,14,12
45813318,2274,645,5,258,2011,3,1,2,1.8,32974,4,0,1,1,0,12,12
45804988,19613,707,4,817,2011,4,1,1,2,119194,4,0,1,1,0,7,4
45801434,21103,650,4,138,2016,9,1,5,1.4,92000,4,0,1,1,0,14,4
45780625,14069,872.02838865217,7,580,2012,4,1,1,4.5,80000,8,2,0,1,0,7,12
45793447,4077,1282,1,289,2007,4,1,1,2,59136,4,0,1,1,0,12,4
45797269,14454,583,4,547,2011,3,1,5,1.6,188244,4,0,1,1,0,14,4
45788464,9722,2078,0,46,2003,9,0,5,2.5,218000,6,1,2,1,0,1,6
44413913,18503,503,7,660,2012,3,0,2,1.5,110000,4,0,1,1,0,13,12
45768379,54568,1363,5,516,2012,4,1,5,4.6,255406,8,0,0,1,0,1,0
45813482,282,753,4,748,2012,9,1,2,2.4,277614,4,0,1,1,0,14,0
45801659,19089,583,4,387,2011,9,1,5,1.6,77483,4,0,1,1,0,12,4
45815285,862,1399,7,535,2010,4,1,5,3.5,156645,6,0,1,1,0,7,12
45794491,18817,779,7,268,2013,9,1,4,2.5,200000,4,2,1,1,0,14,6
45792685,19444,585,7,643,2013,3,0,2,1.8,137265,4,0,1,1,0,2,0
45810246,26296,640,1,620,2013,9,1,5,2,76631,4,0,1,1,0,1,4
45776693,39201,1222.57819905213,6,361,2012,9,1,1,3,222222,6,2,2,1,0,7,16
45739182,7527,574,3,560,2010,9,0,2,1.3,140000,4,3,1,1,0,7,8
41477733,25,1599.33333333333,3,425,2006,3,0,5,1.3,168000,4,0,1,1,1,14,4
45688762,21012,757.14552238806,7,268,2011,9,0,5,2.5,154000,4,2,1,1,0,11,8
45815748,14069,1079,6,500,2018,9,1,5,2,25000,6,2,2,1,0,1,12
45803170,10349,891,4,748,2016,9,1,4,2,384607,4,0,1,1,0,8,4
45153935,8000,1111,7,849,2012,3,0,5,1.3,105000,3,3,0,1,1,14,2
45789132,9408,1515,6,184,2005,9,1,5,1.8,195200,4,0,2,1,0,2,8
45798365,7213,1599.33333333333,3,425,2006,9,0,5,1.3,280900,4,2,1,1,1,1,2
45789700,17249,1429.8433516297,6,616,2002,4,1,5,2,24968,8,2,0,1,0,12,12
45387881,28225,872.02838865217,7,540,2010,4,1,2,3.3,317096,6,0,0,1,0,1,0
45641991,706,394,7,268,2014,9,1,2,2.5,115312,4,0,1,1,0,7,12
45816392,706,751,4,748,2013,9,1,5,2.4,48226,4,0,1,1,0,11,12
45814293,10192,2078,0,46,2004,1,1,5,2.5,142000,6,1,2,0,0,1,6
45790966,26657,765,0,84,2015,9,1,5,2,116691,4,0,0,1,0,1,0
45813738,12701,917,0,94,2013,9,1,2,3,195941,6,0,2,1,0,1,12
45780338,17562,832.188679245283,2,409,2007,4,0,2,2.3,170000,4,0,0,1,0,13,12
45491634,67690,1053,7,535,2014,4,1,5,3.5,115000,6,2,0,1,0,14,12
45803259,10036,639,4,748,2014,9,1,4,2,128965,4,0,1,1,0,12,4
45770337,32302,1604,6,361,2014,9,1,5,2,101424,8,0,0,1,0,7,12
45813015,6272,819.6,3,293,2003,9,0,5,1.5,2400,6,0,1,1,1,7,4
45807361,42965,1356,6,492,2014,4,1,5,4.6,201634,8,0,0,1,0,12,12
45787239,11604,1429.8433516297,6,494,2005,9,1,5,2,0,8,2,2,1,0,1,8
45776994,17249,584,4,387,2014,9,0,5,1.8,133502,4,0,1,1,0,2,0
43590808,10976,1266,3,428,2014,3,0,2,1.5,128000,4,0,0,1,1,12,4
45802280,47217,1249,4,526,2017,10,1,1,2.5,39071,4,0,1,1,0,12,4
45787841,18817,1338.90845620294,0,88,2006,9,1,5,3,190000,6,0,2,1,0,1,12
45804765,10036,1681,0,35,2000,9,0,5,2.2,200000,6,2,2,1,0,12,6
44501306,12544,586,1,766,2012,3,0,5,1.8,130000,4,1,1,1,0,8,10
45648128,3450,831,4,748,2011,9,1,2,2.4,224349,4,0,1,1,0,7,0
43662303,16900,1141,3,404,2009,10,0,5,2.4,150000,4,0,0,1,0,12,8
45804445,3763,1429.8433516297,6,12,1998,10,0,5,2,200000,4,1,2,1,0,1,2
45769928,42337,1079,7,220,2018,4,0,5,2,9280,4,0,1,1,0,1,8
45635123,2666,431,2,465,2016,9,1,2,2,194974,4,0,1,1,0,1,0
45642822,3136,781,7,268,2012,9,1,2,2.5,159379,4,0,1,1,0,14,12
45797226,36899,1091,4,526,2016,7,1,1,2.5,90132,4,0,1,1,0,12,4
45802872,47217,765,4,733,2015,4,1,1,2,110000,4,0,1,1,0,7,4
45815485,3293,891,5,691,2016,1,1,5,2,66776,4,0,2,0,0,14,12
45808999,14831,382,7,145,2017,3,1,2,1.5,154629,4,0,1,1,0,14,4
45809473,15988,447,3,425,2013,3,1,5,1.3,88830,4,0,1,1,0,1,4
45805259,12544,1681,0,35,2003,9,0,5,2,134000,4,2,2,1,0,11,6
45809052,14069,1342,2,424,2017,9,1,5,2.7,22519,4,0,1,1,0,14,4
45770328,470,1399,6,361,2010,9,1,5,3.5,229904,6,0,0,1,0,1,12
45676998,21012,935.666666666667,7,285,2012,9,0,5,2.5,12000,4,2,1,1,0,1,8
43123893,26030,377.528,1,853,2014,9,1,6,1.4,93000,4,0,1,1,0,14,10
44132007,45,582.788167938931,7,643,2012,3,0,2,1.8,100000,4,0,1,1,0,14,12
45804643,28225,934,7,680,2015,4,1,5,2.5,89786,4,0,0,1,0,12,0
45796833,7527,1685,6,177,1996,9,0,5,2,150000,4,1,2,1,0,2,2
45814390,10000,1268,3,560,2012,3,0,2,1.5,102000,4,0,1,1,1,12,8
45729757,27654,528,4,387,2014,9,1,5,1.6,86000,4,0,1,1,0,14,4
45812698,1568,781,1,317,2018,9,1,5,1.4,95219,4,0,1,1,0,1,12
45337661,77148,1429.8433516297,6,497,2017,4,0,5,2,9000,4,0,0,1,0,14,6
45787150,9095,1529,0,30,1995,1,1,5,1.8,61000,4,1,2,0,0,1,2
45809136,30906,503,7,145,2012,3,1,5,1.5,41620,4,0,1,1,0,15,4
45452876,21012,940.695652173913,7,680,2012,4,0,1,2.2,285000,4,1,1,1,0,14,6
45765259,40,1500.5,7,583,2008,4,1,4,2,150000,8,0,0,1,0,7,0
45804830,9722,702,1,162,2009,3,0,5,1.4,99500,4,1,1,1,0,1,8
45801754,29166,1434.33333333333,6,335,2009,9,1,1,2.2,198000,4,0,2,1,0,1,8
45802256,36968,777,4,526,2014,7,1,1,2.5,139905,4,0,1,1,0,12,4
45814817,6586,1055,7,535,2013,4,1,5,3.5,214480,6,0,1,1,0,14,12
45779087,16935,529.21686746988,3,560,2011,9,1,2,1.3,155000,4,3,1,1,0,11,8
45714758,34497,1329.79585953434,5,554,2011,0,1,5,3.5,144000,6,2,2,0,0,1,8
45776482,65858,656,7,157,2017,9,1,2,2.5,36800,4,2,1,1,0,1,12
45810398,21395,629,1,639,2015,4,1,1,1.6,138541,4,0,1,1,0,12,4
45793463,7213,1282,1,289,2007,4,1,1,2,71294,4,0,1,1,0,14,4
44309251,13172,1429.8433516297,6,169,2006,3,1,5,2,161000,4,3,1,1,0,12,8
45776065,19130,612.4,2,448,2018,3,0,5,1.6,12800,4,0,1,1,0,2,4
45590039,9722,761,7,643,2010,9,0,2,1.8,260000,4,0,1,1,0,12,6
45809807,13987,640,1,317,2013,9,1,1,2,184124,4,0,1,1,0,1,4
45814019,26657,940.695652173913,7,680,2012,4,0,5,2.5,198400,4,0,0,1,0,6,10
45732915,7840,707,4,748,2011,9,1,4,2,75507,4,0,1,1,0,12,4
45811602,862,1360,6,492,2013,4,1,5,4.6,119635,8,0,0,1,0,12,12
45764114,6115,1429.8433516297,6,234,1999,9,1,5,2,254000,4,1,2,1,0,12,6
45764464,627,1750,7,535,2008,9,1,2,3.3,277405,6,0,0,1,0,7,12
45792590,38574,2606,0,591,2006,9,1,5,2,70000,10,2,2,1,0,1,12
45806444,9565,978,7,298,2019,9,1,5,1.8,6032,4,0,1,1,0,2,12
45609673,68994,1078.53623188406,6,605,2012,4,1,1,3,123000,6,2,0,1,0,1,12
45803208,19914,431,4,748,2016,9,1,2,2,251768,4,0,1,1,0,14,4
45753701,8467,819.6,3,293,2004,3,0,4,1.7,150000,4,3,1,1,1,5,4
45773208,627,562,1,317,2015,9,1,5,1.4,0,4,0,1,1,0,12,12
45640812,18817,609,7,268,2018,9,1,2,2.5,35058,4,0,1,1,0,14,12
45802523,41917,694,4,733,2014,4,1,1,2.2,188679,4,0,1,1,0,14,4
45707464,22894,781,7,279,2012,9,1,2,2.5,169600,4,0,1,1,0,1,12
43164853,4500,970.867153989687,2,629,1998,2,0,1,1.8,123654,4,1,1,1,0,6,0
45797211,21442,707,4,522,2011,1,1,5,2,134000,4,0,1,1,0,1,4
45764939,862,2455,5,517,2008,4,1,5,2,263190,8,0,0,1,0,14,0
45410118,14069,1500.5,7,583,2017,4,0,1,3,33000,6,2,0,1,0,7,12
45617827,1725,1172,6,361,2011,9,1,1,3.5,132630,6,0,2,1,0,12,12
45295332,26657,394,7,268,2014,9,1,2,2.5,85000,4,2,1,1,0,14,12
45816565,17876,1211,6,204,2010,9,1,5,3,11000,6,2,0,1,0,14,12
45803095,37564,765,4,733,2015,4,1,1,2,150000,4,0,1,1,0,2,4
45741948,30734,585,6,191,2013,9,1,5,1.8,120000,4,2,2,1,0,14,12
45682228,16778,1024,7,268,2010,9,0,5,2.5,224000,8,2,1,1,0,14,12
45770276,11290,1855,3,787,2005,7,0,4,2,162000,4,0,0,2,1,0,2
45629940,3763,640,2,465,2013,9,1,2,2,320554,4,0,1,1,0,14,0
45801178,9377,1553.57142857143,6,177,2001,9,0,5,2,210000,4,1,1,1,0,2,0
44460793,7683,1429.8433516297,6,602,1998,4,1,0,3.2,196137,6,2,0,1,0,6,5
45803384,13172,891,4,748,2016,9,1,4,2,450383,4,0,1,1,0,8,4
45787519,2822,862,0,73,1990,9,0,5,2,111111,6,1,2,1,0,6,2
45803995,21169,639,4,817,2014,4,1,1,2,38955,4,0,1,1,0,12,4
45803276,10036,639,4,748,2014,9,1,4,2,353049,4,0,1,1,0,12,4
45770060,9722,1429.8433516297,6,357,2001,9,1,5,3.2,218000,6,2,2,1,0,1,8
45654357,1882,382,4,748,2014,9,1,2,2.4,247835,4,0,1,1,0,1,0
45792166,3293,1273,7,157,2015,9,1,5,3.5,237178,6,0,1,1,0,2,12
45653782,314,1399,5,701,2010,4,1,2,3.5,382746,6,0,0,1,0,12,12
45808782,14113,888.488372093023,7,643,2008,9,0,5,1.5,142400,4,0,1,1,0,2,8
45810086,60897,690,3,293,2016,9,1,5,1.5,25439,4,0,1,1,0,7,4
45656631,784,448,3,560,2012,3,1,2,1.3,321269,4,0,1,1,0,11,0
45759510,18817,586,7,643,2012,9,0,2,1.8,60000,4,3,1,1,0,1,0
45803709,23129,639,4,817,2014,4,1,1,2,191826,4,0,1,1,0,12,4
45797130,14454,583,4,387,2011,9,1,5,1.6,127500,4,0,1,1,0,14,4
45811568,15053,1429.8433516297,6,200,2006,9,1,5,3,135000,6,2,0,1,0,1,10
45766571,314,1172,6,361,2011,9,1,1,3.5,132630,6,0,2,1,0,12,12
45733333,9722,765,4,748,2015,9,1,4,2,386257,4,0,1,1,0,8,4
45784566,22580,475,1,853,2012,9,1,6,1.4,140000,4,0,1,1,0,4,12
45803304,14279,891,4,748,2016,9,1,4,2,37898,4,0,1,1,0,12,4
45808915,29489,831,1,162,2017,9,1,5,1.6,47504,4,0,1,1,0,14,4
45809775,57507,1017,3,293,2017,1,1,5,2,16352,4,0,1,1,0,12,4
45504346,14113,475,1,317,2012,9,0,5,1.4,100280,4,2,1,1,0,14,8
45768643,48610,1690.85714285714,6,769,2008,6,1,1,2.2,300000,4,2,2,1,0,14,6
45769297,470,2225,5,516,2017,4,1,5,4.6,69918,8,0,0,1,0,14,0
45730681,22894,779,7,157,2013,9,1,2,2.5,320899,4,0,1,1,0,12,12
45653537,470,1018,6,605,2011,4,1,1,3,275862,6,0,0,1,0,12,12
45488997,25000,1296,7,70,2006,4,0,0,4,155000,6,0,0,1,0,1,10
45768862,188,831,4,748,2011,9,1,5,2.4,233938,4,0,1,1,0,1,12
45792901,13799,888.488372093023,7,643,2008,3,0,2,1.5,150000,4,0,1,1,0,7,8
45471355,11604,761,7,643,2010,3,1,2,1.8,155126,4,0,1,1,0,5,8
45656580,941,308,7,643,2014,3,1,2,1.8,270410,4,0,1,1,0,14,12
45730918,16756,836,4,522,2010,1,1,5,2,191263,4,0,1,1,0,14,4
45766622,706,1399,6,361,2010,9,1,1,3.5,205968,6,0,0,1,0,14,12
45668860,11290,586,5,258,2012,3,1,2,1.8,146000,4,0,1,1,0,14,12
45782184,12231,586,5,258,2012,3,1,2,1.8,136194,4,2,1,1,0,12,12
45791563,15053,582.788167938931,7,643,2010,3,1,4,1.8,260000,4,2,1,1,0,1,10
45602361,36,832.188679245283,2,409,2007,4,0,2,2.3,260000,4,0,0,1,0,14,8
45642022,9722,609,7,268,2018,9,1,2,2.5,127515,4,0,1,1,0,1,12
45669156,14740,1429.8433516297,6,602,2000,4,1,4,3.2,165500,6,2,0,1,0,1,8
45769463,6429,749,4,817,2014,4,1,5,2.4,0,4,0,1,1,0,12,0
45656415,188,585,7,643,2013,3,1,2,1.8,101552,4,0,1,1,0,2,12
45780897,17249,673.483990147783,4,387,2011,9,0,5,1.8,74900,4,0,1,1,0,1,10
45719357,13799,753,4,748,2012,9,0,5,2.4,142000,4,2,1,1,0,13,12
43135982,19130,697,7,643,2015,3,0,5,1.8,98483,4,0,1,1,0,14,8
45810055,28225,501,7,145,2014,3,1,5,1.5,56000,4,0,1,1,0,1,4
45797248,11613,1750,4,522,2008,9,1,5,3.3,140100,4,0,1,1,0,1,4
45792638,15681,1429.8433516297,6,357,2003,9,1,1,3.2,300000,6,2,2,1,0,12,8
45813352,16621,1994.5,3,312,2004,4,0,5,2.4,175000,4,0,0,1,0,7,0
45816576,706,585,4,387,2013,9,1,5,1.8,133363,4,0,1,1,0,12,12
45648190,11133,394,7,268,2014,9,1,2,2.5,179381,4,0,1,1,0,1,12
45808914,14069,1714,2,421,2017,4,1,5,3.5,52029,4,0,1,1,0,14,4
45274401,42337,639,0,84,2014,9,1,5,2,10000,12,0,2,1,0,14,12
45434877,27911,540.146341463415,5,258,2013,3,1,2,1.8,67000,4,0,1,1,0,0,12
45803494,9252,765,4,748,2015,9,1,4,2,540833,4,0,1,1,0,8,4
45809161,27770,639,1,289,2014,4,1,1,2,165000,4,0,1,1,0,1,4
45803555,14959,836,4,748,2010,9,1,5,2,127347,4,0,1,1,0,1,4
43049844,27284,1507.30769230769,6,837,2007,7,0,1,2.2,26000,4,0,2,1,0,14,2
45803069,56513,891,4,733,2016,4,1,1,2,89316,4,0,1,1,0,1,4
45766503,1568,1172,6,361,2011,1,1,1,3.5,226251,6,0,2,0,0,1,12
45087536,18503,761,7,643,2010,9,1,2,1.8,160000,4,3,1,1,0,7,8
45787143,19817,529.21686746988,3,560,2013,1,0,2,1.3,126000,4,0,1,1,0,2,8
45348513,31047,1399,6,361,2010,9,1,5,3.5,85000,6,2,2,1,0,1,12
44633171,47669,1101.54054054054,7,220,2018,4,0,5,2,25000,4,2,1,1,0,7,8
45810077,19306,503,7,145,2012,3,1,5,1.5,68000,4,0,1,1,0,2,4
45809720,19444,530,4,400,2013,3,1,1,1.6,122000,4,2,1,1,0,14,6
45804630,38894,770,4,817,2016,4,1,1,1.7,96618,4,0,1,1,0,7,4
45769382,392,831,4,817,2011,4,1,5,2.4,179746,4,0,1,1,0,14,0
45636961,157,640,2,465,2013,9,1,2,2,339920,4,0,1,1,0,14,0
45635230,11133,394,7,268,2014,9,1,2,2.5,179381,4,0,1,1,0,1,12
45797909,18240,583,4,387,2011,9,1,5,1.6,154900,4,0,1,1,0,14,4
45772395,1019,831,4,387,2017,9,1,5,1.6,25635,4,0,1,1,0,1,12
45815309,35124,2909,7,822,2019,8,1,5,2,34059,8,0,2,1,0,12,12
45809959,42171,501,7,145,2014,3,1,5,1.5,38161,4,0,1,1,0,1,4
45810204,13877,751,1,620,2013,9,1,5,2.4,226233,4,0,1,1,0,14,4
45801983,18503,730,4,387,2016,9,1,4,1.6,30312,4,0,1,1,0,7,4
45772413,12388,1399,6,361,2010,9,1,1,3.5,189530,6,0,0,1,0,1,12
45789644,45473,1269,0,891,2009,4,1,5,3,170000,6,2,0,1,0,2,10
45610985,13485,826.666666666667,0,867,2004,4,1,5,2.5,164000,6,2,0,1,0,1,8
45798503,26657,673.483990147783,4,387,2016,9,0,5,2,128965,4,2,1,1,0,14,12
44826950,17249,612.4,2,448,2017,3,0,5,1.6,52000,4,0,1,1,0,1,8
45720469,20385,872.02838865217,7,661,2012,3,0,5,1.8,210000,4,0,1,1,0,14,0
45768484,22580,1172,7,535,2011,4,1,5,3.5,368064,6,0,0,1,0,7,12
45732353,39389,639,4,733,2014,4,1,1,2,80186,4,0,1,1,0,2,4
45808404,1019,1203,1,264,2011,1,1,5,3.6,166318,6,0,2,0,0,7,12
45801948,19946,528,4,387,2014,9,1,5,1.6,58317,4,0,1,1,0,1,4
45816090,314,753,4,748,2012,9,1,5,2.4,323883,4,0,1,1,0,2,12
45813041,39201,2858,6,378,2010,1,1,5,2,67000,12,2,2,0,0,14,12
45771411,2430,1598,6,361,2008,9,1,1,3,175614,6,0,2,1,0,1,12
44991613,9722,501,7,705,2007,9,0,5,1.5,116800,4,2,1,1,1,3,2
45732565,52991,891,4,733,2016,4,1,1,2,136663,4,0,1,1,0,1,4
45654436,3293,475,1,853,2012,3,1,2,1.4,126419,4,0,1,1,0,12,12
45655388,9408,1236,3,438,2011,3,0,2,1.3,151000,4,2,1,1,1,2,2
45049953,14069,1493,6,502,2016,4,1,5,3.5,78400,6,2,0,1,0,7,12
45263430,34497,934,7,680,2015,9,0,5,2.5,74000,4,0,1,1,0,7,0
26556811,60,582.788167938931,7,643,2012,3,1,2,1.8,100000,4,0,1,1,0,12,12
45803339,15053,765,4,748,2015,9,1,4,2,269972,4,0,1,1,0,12,4
45809928,12777,583,1,317,2011,9,1,5,1.6,167776,4,0,1,1,0,12,4
45814903,3920,645,7,643,2011,3,1,2,1.8,326325,4,0,1,1,0,12,12
45800374,18817,891,2,452,2016,3,1,5,2,74000,4,2,1,1,0,1,12
45793519,10976,1527,6,174,1998,9,0,5,1.8,140000,4,0,2,1,0,12,4
45813469,470,1018,0,94,2011,9,1,5,3,249147,6,0,0,1,0,2,12
45797533,16308,687,4,387,2010,9,1,5,1.6,57559,4,0,1,1,0,14,4
45812668,3293,780,1,317,2019,9,1,5,1.4,20040,4,0,1,1,0,12,12
42307514,13485,751,4,748,2013,9,1,2,2.4,96165,4,0,1,1,0,2,8
44092230,47042,1055,5,514,2013,9,1,5,3.5,94000,6,2,0,1,0,3,8
45750931,8154,1111,3,425,2012,10,0,2,1.3,116000,4,3,1,1,1,14,2
45813654,24462,505,0,87,2018,9,1,2,2,45525,4,0,2,1,0,7,12
45802998,39891,694,4,733,2014,4,1,1,2.2,81000,4,0,1,1,0,12,4
45114753,20385,1429.8433516297,6,478,1987,4,0,1,2.2,243567,4,1,0,1,0,1,0
45642422,11133,394,7,268,2014,9,1,2,2.5,179381,4,0,1,1,0,1,12
45641348,784,394,7,268,2014,9,1,2,2.5,102397,4,0,1,1,0,1,12
45765667,16621,1172,6,361,2011,9,1,1,3.5,119379,6,0,0,1,0,12,12
45765416,19130,1194,7,792,2013,9,1,5,4,57554,6,0,0,1,0,12,12
45808855,14069,1156,2,421,2017,4,1,5,2.3,44643,4,0,1,1,0,1,4
45789450,14740,1429.8433516297,6,718,2003,9,1,4,2,22500,8,2,2,1,0,14,12
45771881,706,1091,2,465,2016,9,1,5,2.5,135810,4,0,1,1,0,7,12
45642475,18817,609,7,268,2018,9,1,2,2.5,35058,4,0,1,1,0,14,12
45773264,188,382,1,853,2017,3,1,2,1.5,125358,4,0,1,1,0,7,0
45732560,52665,1017,4,733,2017,4,1,1,2,113195,4,0,1,1,0,2,4
45768518,46728,1811,5,516,2010,4,1,5,4.6,260771,8,0,0,1,0,1,0
45758214,17249,900,4,748,2015,9,1,5,2.4,68728,4,0,1,1,0,11,0
45773831,470,1399,6,361,2010,9,1,5,3.5,229904,6,0,0,1,0,1,12
45253360,14069,1943.5,5,574,2013,4,1,5,2,198600,8,2,0,1,0,1,12
45797848,18826,530,4,387,2013,9,1,5,1.6,88694,4,0,1,1,0,12,4
45440965,18189,582.788167938931,7,643,2010,3,1,2,1.8,512000,4,3,1,1,0,12,12
45432200,9095,924,3,544,2000,4,0,5,1.6,181000,4,3,0,1,1,12,2
45815293,784,779,7,268,2013,9,1,5,2.5,78670,4,0,1,1,0,12,12
45648505,1019,917,0,871,2013,4,1,1,3,137802,6,0,0,1,0,1,0
45797665,12083,862,4,526,2011,4,1,1,2.5,43224,4,0,1,1,0,2,4
45795547,15053,528,2,409,2014,4,0,5,1.6,0,4,0,0,1,0,2,0
45769508,314,2410,6,361,2010,9,1,5,2,274771,8,0,2,1,0,14,12
45813394,282,639,0,50,2014,9,1,5,2,181659,4,0,0,1,0,1,12
45740427,12544,1246,2,409,2008,4,1,2,2.3,156000,4,0,0,1,0,6,6
45815975,1960,585,4,387,2013,9,1,5,1.8,177590,4,0,1,1,0,7,12
45792189,14897,1249,7,680,2017,4,1,5,2.5,56893,4,0,1,1,0,11,12
45656193,392,761,7,643,2010,3,1,2,1.8,267165,4,0,1,1,0,14,12
45769635,627,1172,6,361,2011,9,1,1,3.5,230696,6,0,0,1,0,1,12
45641687,3136,639,4,387,2014,9,1,5,2,104085,4,0,1,1,0,12,12
45797844,37799,777,4,526,2014,7,1,1,2.5,77850,4,0,1,1,0,1,4
45761290,862,259,1,853,2014,4,1,2,1.4,133195,4,0,1,1,0,1,0
45114807,13799,888.488372093023,7,643,2008,3,1,2,1.5,137000,4,0,1,1,0,5,6
45802230,35570,1091,4,526,2016,7,1,1,2.5,77227,4,0,1,1,0,7,4
45802326,35344,934,4,526,2015,10,1,1,2.5,90660,4,0,1,1,0,14,4
45815175,314,2070,7,70,2018,4,1,5,4,0,6,0,1,1,0,1,12
45792747,4600,896.105072463768,0,84,1996,9,1,5,2.8,0,6,1,2,1,0,12,4
45807507,10976,1185,2,409,2009,4,1,2,2.5,184000,4,0,1,1,0,7,12
45755540,862,751,4,748,2013,9,1,5,2.4,175790,4,0,1,1,0,2,12
45774923,31361,757.14552238806,7,268,2015,9,1,2,2.5,163000,6,0,1,1,0,14,0
45804763,34836,770,4,817,2016,4,1,1,1.7,106553,4,0,1,1,0,14,4
45428453,31675,1018,0,878,2011,4,1,1,3,205717,6,2,0,1,0,7,12
45732032,40983,639,4,733,2014,4,1,1,2,120871,4,0,1,1,0,12,4
45805908,50178,1714,7,740,2017,7,0,5,3.5,75000,6,0,1,1,0,5,0
45809389,12027,502,3,425,2013,3,1,5,1.5,113000,4,0,1,1,0,14,4
45782280,15367,475,1,317,2012,9,1,5,1.4,61100,4,2,1,1,0,11,12
45040255,14021,704.859649122807,2,452,2011,3,1,5,2,130000,4,0,1,1,0,11,8
45776576,17562,888.488372093023,7,643,2009,3,1,2,1.8,128965,4,3,1,1,0,14,8
45771076,9565,1091,7,680,2016,4,1,5,2.5,60677,4,0,1,1,0,7,12
45760639,21012,751,7,268,2013,9,1,5,2.4,77182,4,0,1,1,0,7,8
45733028,15053,765,4,748,2015,9,1,4,2,309174,4,0,1,1,0,12,4
45809273,12548,308,3,425,2015,3,1,2,1.5,98937,4,0,1,1,0,14,4
45810430,27162,730,1,639,2016,4,1,1,1.6,118365,4,0,1,1,0,14,4
45661008,784,917,0,871,2013,9,1,1,3,0,6,0,0,1,0,1,0
45801752,17484,583,4,387,2011,9,1,5,1.6,128147,4,0,1,1,0,14,4
45802605,17923,707,4,733,2011,4,1,1,2,172000,4,0,1,1,0,14,4
45749602,31361,394,7,157,2014,9,1,2,2.5,144000,4,0,1,1,0,1,12
45787341,42337,639,0,84,2014,9,1,5,2,144000,4,2,2,1,0,14,12
45804430,14069,518,5,634,2016,4,1,2,2.5,32040,4,0,1,1,0,14,4
45776477,28000,1101.54054054054,7,220,2018,4,1,5,1.8,12987,5,2,1,2,0,2,12
45640532,282,333,2,465,2014,9,1,2,2,0,4,0,1,1,0,12,0
45816089,2587,753,4,748,2012,9,1,2,2.4,277614,4,0,1,1,0,14,12
45772702,45473,1588,7,542,2007,4,0,1,2.5,212001,4,1,0,1,0,12,6
45805187,50,582.788167938931,7,643,2012,3,0,2,1.8,120000,4,0,1,1,0,14,8
45804557,21975,707,4,817,2011,4,1,1,2,193873,4,0,1,1,0,14,4
45815064,2274,777,7,268,2014,9,1,5,2.5,53675,4,0,1,1,0,12,12
45651780,470,831,4,748,2011,4,1,2,2.4,278989,4,0,1,1,0,2,0
45809637,69807,831,3,293,2018,9,1,5,1.5,22237,4,0,1,1,0,1,4
45779499,8781,1195,6,182,2000,9,0,1,2.2,309000,4,0,2,1,0,12,8
45766141,31047,1053,6,361,2014,9,1,1,3.5,132349,6,0,0,1,0,7,12
45089533,19757,697,4,387,2015,9,0,5,1.8,57000,4,0,1,2,0,1,10
45786062,28000,1017,0,76,2017,9,1,1,2,48578,4,0,1,2,0,13,12
45759415,1490,831,4,748,2011,9,1,2,2.4,202637,4,0,1,1,0,1,0
45803433,15681,891,4,748,2016,9,1,4,2,263886,4,0,1,1,0,12,4
45816483,29166,673.483990147783,4,387,2017,9,1,5,2,33100,4,0,1,1,0,2,6
45797465,20698,831,4,387,2017,9,1,4,1.6,120000,4,0,1,1,0,12,4
45800324,15053,584,4,387,2014,9,0,5,1.8,83000,4,0,1,1,0,1,6
45656038,706,761,7,643,2010,3,1,2,1.8,73402,4,0,1,1,0,14,12
45787280,21639,595.03007518797,2,465,2015,9,0,5,2.5,174400,4,0,1,1,0,14,12
45792851,39201,1266.6,2,630,2015,1,1,5,2.3,80000,6,2,2,0,0,1,10
43933905,10036,1110,3,425,2013,3,0,2,1.3,101000,4,0,1,1,1,12,4
44610682,20385,585,7,643,2013,9,0,2,1.8,105000,4,0,1,1,0,14,0
45655982,706,585,7,643,2013,3,1,2,1.8,105328,4,0,1,1,0,14,12
45803703,53188,930,4,817,2018,4,1,1,1.7,17101,4,0,1,1,0,14,4
45761983,26657,915,0,94,2014,9,1,5,3,170000,6,0,0,1,0,1,12
45715283,10976,562,1,317,2015,9,0,5,1.4,76800,4,2,1,1,0,1,10
45645042,627,1624,7,535,2009,9,1,2,3.5,297378,6,0,0,1,0,1,12
45648476,7213,919,0,871,2012,4,1,1,3,274098,6,0,0,1,0,14,0
45792319,25716,1711.27272727273,0,871,2008,4,1,5,3,160000,6,2,0,1,0,0,6
45776817,10976,1533.25,2,799,2001,6,0,1,2,230000,4,1,1,1,0,14,2
45659999,5018,1399,5,701,2010,4,1,2,3.5,167222,6,0,0,1,0,1,12
45810126,11992,761,1,575,2010,9,1,5,1.8,147398,4,0,1,1,0,7,4
45770941,12388,1399,6,361,2010,9,1,1,3.5,189530,6,0,0,1,0,1,12
45813958,549,765,6,201,2015,9,1,5,2,54549,4,0,2,1,0,2,12
45789646,7213,1429.8433516297,6,200,1999,10,0,5,2.8,248592,6,0,2,1,0,12,8
45814938,5331,1429.8433516297,6,136,2002,3,1,5,1.9,123000,4,0,1,1,1,1,6
45651733,2666,1018,6,605,2011,4,1,1,3,0,6,0,0,1,0,1,12
44935098,13485,878,7,643,2009,3,0,2,1.8,167219,4,0,1,1,0,14,8
45812081,21326,1598,0,50,2009,9,1,5,3,171000,6,2,2,1,0,1,10
45815969,4077,751,4,748,2013,9,1,5,2.4,104557,4,0,1,1,0,7,12
45769999,56136,1017,6,355,2017,9,1,5,2,50963,4,0,2,1,0,1,12
45777056,9408,1413,3,425,2011,3,0,5,1.5,39333,4,3,1,1,1,12,8
45802264,26528,777,4,526,2014,7,1,1,2.5,183731,4,0,1,1,0,12,4
45756734,12858,741.884259259259,3,425,2013,3,0,2,1.3,145000,4,0,1,1,1,14,4
45694138,23521,919,0,121,2012,9,1,5,3,140096,6,2,2,1,0,1,12
45758105,17562,1356,5,517,2014,4,1,5,4.6,146218,8,0,0,1,0,1,0
45812800,2195,934,7,268,2015,9,1,5,2.5,106989,4,0,1,1,0,1,12
45793067,10976,1823,0,588,2006,3,0,1,1.9,136000,4,1,2,1,0,12,6
45769627,5018,1624,6,361,2009,9,1,1,3.5,109139,6,0,2,1,0,1,12
45804620,39226,1017,4,817,2017,4,1,1,2,133808,4,0,1,1,0,12,4
45803003,33908,639,4,733,2014,4,1,1,2,175126,4,0,1,1,0,7,4
45757320,15681,1811,5,516,2010,4,1,5,4.6,275240,8,0,0,1,0,12,0
43410363,12231,878,7,643,2009,9,1,2,1.8,138942,4,0,1,1,0,11,8
45773780,627,1058,6,361,2012,9,1,1,3.5,318285,6,0,0,1,0,1,12
45802936,42052,891,4,733,2016,4,1,1,2,113588,4,0,1,1,0,2,4
45779462,10976,521,1,317,2011,9,0,5,1.4,131200,4,0,1,1,0,11,6
45760412,26657,862,6,250,2005,9,1,5,2,205000,8,2,2,1,0,12,9
45803593,9722,765,4,748,2015,9,1,4,2,128965,4,0,1,1,0,8,4
45804520,22063,836,4,817,2010,4,1,1,2,167512,4,0,1,1,0,7,4
45773271,784,382,1,853,2017,3,1,2,1.5,81440,4,0,1,1,0,1,0
45802770,33214,640,4,733,2013,4,1,1,2,79730,4,0,1,1,0,14,4
45809668,7997,2566,2,630,2018,4,1,5,2,39576,8,0,2,1,0,1,12
45647796,220,919,0,871,2012,4,1,1,3,273962,6,0,0,1,0,14,0
45803398,9252,765,4,748,2015,9,1,4,2,498170,4,0,1,1,0,8,4
45696132,75266,1017,5,633,2017,4,1,5,2,24000,4,2,0,1,0,1,10
41029396,60,872.02838865217,7,824,2005,7,0,5,2,232000,4,0,0,1,1,5,4
45286331,66799,1053,7,538,2014,4,1,5,3.5,130000,6,2,0,1,0,4,10
45619492,23700,640,0,84,2013,9,1,5,2,71011,4,0,0,1,0,14,12
45652046,941,1850,5,696,2008,4,1,2,3.5,364523,6,0,0,1,0,1,12
45770866,17249,697,4,387,2015,9,0,5,1.8,104978,4,0,1,1,0,1,0
45811164,2038,308,7,643,2015,3,1,2,1.5,49562,4,0,1,1,0,8,12
45757724,706,645,5,258,2011,3,1,2,1.8,116869,4,0,1,1,0,1,0
45804020,18189,456,5,379,2015,3,1,2,2.5,0,6,2,2,1,0,1,8
45733353,9722,765,4,748,2015,9,1,4,2,536315,4,0,1,1,0,8,4
45759581,13015,562,1,816,2015,4,0,5,1.4,90000,4,0,0,1,0,14,0
45764908,73071,1646,5,516,2015,4,1,5,4.6,188078,8,0,0,1,0,1,0
45803268,6837,891,4,748,2016,9,1,4,2,518650,4,0,1,1,0,8,4
45812120,21639,971.138888888889,6,201,2008,9,1,5,3,110000,6,0,2,1,0,1,10
45803179,8467,639,4,748,2014,9,1,4,2,128965,4,0,1,1,0,8,4
45456054,13485,1507.30769230769,6,837,2002,7,1,1,2.2,280000,4,2,1,1,0,1,6
45768148,470,1750,7,535,2008,4,1,2,3.3,182024,6,0,0,1,0,1,12
45808457,6743,1156,2,630,2017,9,1,5,2.3,61653,4,0,2,1,0,1,12
45113743,18189,586,4,401,2012,9,1,5,1.8,48000,4,2,1,1,0,1,12
44116362,24618,697,3,546,2015,4,1,5,1.8,64269,4,0,1,1,0,7,0
45813809,3293,1104,0,871,2015,4,1,1,3,196614,6,0,0,1,0,1,0
45585647,37633,1514,6,492,2011,4,1,5,4.6,88000,8,0,0,1,0,1,10
45760742,2509,1017,6,498,2017,4,1,5,2,44477,4,0,1,1,0,2,0
45812690,6899,645,3,293,2011,9,1,5,1.8,106000,4,0,1,1,0,1,8
45802614,34980,765,4,733,2015,4,1,1,2,143269,4,0,1,1,0,2,4
45803578,8781,639,4,748,2014,9,1,4,2,128965,4,0,1,1,0,8,4
45788660,35,872.02838865217,7,625,2005,9,1,5,1.5,50000,4,0,1,1,0,14,4
45755015,8781,353,7,643,2015,3,1,2,1.8,67074,4,0,1,1,0,14,12
45618031,14583,1172,6,361,2011,9,1,1,3.5,230696,6,0,0,1,0,1,12
45621679,78,1405,0,871,2009,4,1,1,3,229854,6,0,0,1,0,6,0
45647766,392,781,7,268,2012,9,1,2,2.5,314373,4,0,1,1,0,7,12
45816092,2901,1621,4,733,2017,4,1,5,3.3,87954,6,0,0,1,0,12,12
45757493,2274,862,2,409,2011,4,1,2,2.5,168966,4,0,0,1,0,14,0
45804249,44545,770,4,817,2016,4,1,1,1.7,86000,4,0,1,1,0,14,4
45732945,11604,639,4,748,2014,9,1,4,2,401021,4,0,1,1,0,12,4
45788694,20,888.488372093023,7,643,2008,3,1,4,1.5,111111,4,0,1,1,0,14,8
45018377,22266,585,7,643,2013,3,1,2,1.8,142300,4,3,1,1,0,12,12
45804135,45210,1017,4,817,2017,4,1,1,2,63433,4,0,1,1,0,12,4
45760814,32302,798.697674418605,0,50,2012,9,1,5,2,112000,4,2,2,1,0,1,12
45764428,784,781,2,409,2012,4,1,2,2.5,95349,4,0,1,1,0,2,0
45750680,784,640,0,50,2013,9,1,5,2,189259,4,0,2,1,0,1,12
45815899,3607,585,4,387,2013,9,1,5,1.8,156326,4,0,1,1,0,7,12
45515025,30734,1429.8433516297,6,602,2009,4,1,1,3.2,157000,6,2,0,1,0,12,12
45806559,250,582.788167938931,7,643,2010,3,1,2,1.8,128000,4,0,1,1,0,14,12
45655972,8154,1750,5,696,2008,4,1,2,3.3,224629,6,0,0,1,0,12,12
45776010,5645,1685,6,177,1995,9,0,0,2,250000,4,1,2,1,0,2,4
45806483,9879,915,6,605,2014,4,1,1,3,179054,6,0,0,1,0,14,12
45786805,11604,1268,3,425,2012,3,0,2,1.5,76000,4,2,1,1,1,14,4
45784672,8781,2084,2,799,1997,6,0,1,2.5,200000,4,1,2,0,0,7,2
45809808,48566,831,7,145,2018,3,1,5,1.5,14570,4,0,1,1,0,1,4
45782198,19444,598.5,4,827,2015,3,1,5,1.6,116800,4,2,1,0,0,1,4
44570331,20385,779,7,279,2013,9,0,2,2.5,123932,4,0,1,1,0,7,8
45740609,13799,888.488372093023,7,643,2009,3,1,2,1.8,200000,6,2,1,1,0,7,6
45803536,9722,765,4,748,2015,9,1,4,2,413499,4,0,1,1,0,8,4
45812767,2509,934,7,268,2015,9,1,5,2.5,111936,4,0,1,1,0,14,12
45508836,13172,843,7,643,2008,3,0,2,1.5,93000,4,0,1,1,0,12,12
45771169,21953,781,7,268,2012,9,0,5,2.5,123546,4,0,1,1,0,12,0
45787265,14113,490,3,560,2011,3,0,2,1.3,140000,4,0,1,1,0,2,10
45733180,19416,707,4,748,2011,9,1,5,2,151727,4,0,1,1,0,1,4
45617735,392,781,7,268,2012,9,1,2,2.5,314373,4,0,1,1,0,7,12
45814613,7527,640,2,452,2013,3,0,5,2,179200,4,0,1,1,0,12,6
45787173,17405,582.788167938931,7,643,2010,3,0,2,1.8,200000,4,2,1,1,0,1,6
45764814,2352,503,3,425,2012,9,1,5,1.5,167158,4,0,1,1,0,7,0
45764557,9722,1268,7,145,2012,3,0,2,1.5,135000,4,0,1,1,1,12,2
45416131,17876,584,4,387,2014,9,0,5,1.8,61579,4,2,1,1,0,7,12
45797939,10349,585,7,643,2013,9,0,5,1.8,149000,4,0,1,1,0,1,0
45758119,862,2455,5,517,2008,4,1,5,2,263190,8,0,0,1,0,14,0
45660545,13328,1399,5,701,2010,4,1,2,3.5,186005,6,0,0,1,0,12,12
45524725,549,1077,7,220,2019,4,1,5,2,39221,4,0,1,1,0,7,12
45764212,53000,1266.6,2,630,2015,0,0,5,3.7,63000,6,2,2,0,0,11,8
45797681,19707,583,4,387,2011,9,1,5,1.6,76462,4,0,1,1,0,7,4
45773759,13485,862,3,405,2006,7,0,4,2.4,100000,4,0,1,1,1,1,6
45803503,11604,639,4,748,2014,9,1,4,2,346470,4,0,1,1,0,12,4
45618050,7997,1018,6,361,2011,9,1,1,3,273186,6,0,2,1,0,14,12
45802776,37580,891,4,733,2016,4,1,1,2,45156,4,0,1,1,0,1,4
45799911,8781,1434.33333333333,6,335,2001,9,0,1,2.2,295000,4,1,2,1,0,12,6
45790952,20385,1429.8433516297,6,14,2004,7,0,1,2.2,320070,4,0,1,1,0,2,2
45771430,13799,308,2,214,2014,3,0,2,1.8,0,4,0,1,1,0,14,0
45798332,5959,1047,4,387,2007,9,1,1,1.6,48606,4,0,1,1,0,1,4
45803605,16411,836,4,748,2010,9,1,5,2,201546,4,0,1,1,0,7,4
45796647,13485,1268,7,153,2012,3,0,2,1.5,134000,4,0,1,1,1,12,6
45772149,4234,753,4,748,2012,9,1,2,2.4,208627,4,0,1,1,0,1,0
45809323,20341,502,3,425,2013,3,1,2,1.5,92300,4,0,1,1,0,14,4
45764477,29793,1053,6,361,2014,9,1,1,3.5,219030,6,0,0,1,0,1,12
45770494,21953,792.627815866797,4,748,2012,9,1,2,2.4,47000,4,2,1,1,0,7,12
45772091,16308,1684.925,6,361,2005,9,1,5,3.5,111520,6,0,2,1,0,7,0
45803111,7683,640,4,748,2013,9,1,4,2,21500,4,0,1,1,0,12,4
45681851,17562,530,2,465,2013,9,0,5,1.6,130000,4,2,1,1,0,2,8
45533216,15681,704.859649122807,2,452,2014,3,1,5,2,160000,4,0,1,1,0,2,10
45807906,45473,788.140435835351,4,817,2017,4,0,5,1.6,11000,4,2,0,1,1,1,12
45658673,627,1360,5,516,2013,9,1,5,4.6,243467,8,0,0,1,0,14,0
45763175,251,490,3,560,2011,3,1,2,1.3,216858,4,0,1,1,0,7,0
45804530,22063,836,4,817,2010,4,1,1,2,167512,4,0,1,1,0,7,4
45766721,23207,607,7,268,2019,9,1,2,2.5,30504,4,0,1,1,0,12,12
45642562,18189,1620,7,680,2006,4,0,1,2.2,198000,4,1,0,1,0,1,8
45768413,27284,779,7,157,2013,9,1,2,2.5,99520,4,2,1,1,0,7,12
45797604,18679,530,4,387,2013,9,1,5,1.6,130000,4,0,1,1,0,14,4
45782480,14113,1533.25,2,799,2000,6,0,1,2.4,1000,4,1,2,1,0,14,2
45688750,10976,888.488372093023,7,643,2008,9,0,2,1.5,219200,4,3,1,1,0,14,6
45810889,12231,1017,1,264,2017,1,1,5,2,73842,4,0,2,0,0,11,12
45765646,6586,1190,7,792,2014,9,1,5,4,0,6,0,2,1,0,12,12
45769784,392,1017,6,355,2017,9,1,5,2,1600,4,0,2,1,0,1,12
45798128,12849,687,4,387,2010,9,1,5,1.6,113861,4,0,1,1,0,12,4
45765362,31047,1820,7,792,2019,9,1,5,3.5,17542,6,0,2,1,0,12,12
45797178,19068,586,4,387,2012,9,1,5,1.8,189853,4,0,1,1,0,14,4
45644947,29479,1058,7,535,2012,4,1,2,3.5,205250,6,0,0,1,0,12,12
45794130,5331,1527,6,174,1996,9,0,5,1.8,250000,4,1,2,1,0,2,3
45814992,251,345,7,643,2016,3,1,2,1.5,296104,4,0,1,1,0,1,12
44938707,7000,1429.8433516297,6,351,1994,9,1,5,2.8,271000,6,1,2,1,0,1,1
45760434,15681,585,7,643,2013,3,0,5,1.8,140000,4,0,1,1,0,14,6
45658742,7997,1850,5,701,2008,4,1,2,3.5,244731,6,0,1,1,0,1,12
45700999,31361,1172,6,361,2011,9,1,5,3.5,102000,6,2,0,1,0,12,12
45349149,10976,1533.25,2,799,2001,6,0,1,2.4,171200,4,1,2,1,1,14,0
45480524,8781,1994.5,3,312,2000,4,1,0,2,128965,4,0,0,1,0,14,4
45715219,14426,888.488372093023,7,643,2008,9,1,5,1.5,200211,4,0,2,1,0,14,8
45809233,19823,503,7,145,2012,3,1,5,1.5,91000,4,0,1,1,0,15,4
45787453,12544,642,2,805,2012,2,0,5,2,203100,4,0,1,1,0,14,4
45769560,19130,1194,7,792,2013,9,1,5,4,57554,6,0,0,1,0,12,12
45782058,38574,826.8,6,837,2012,7,0,1,2.2,187000,4,1,2,1,0,14,8
45803437,15681,891,4,748,2016,9,1,4,2,246839,4,0,1,1,0,12,4
45620849,188,1053,6,361,2014,9,1,1,3.5,67232,6,0,0,1,0,12,12
45756653,22580,779,7,268,2013,9,0,5,2.5,98000,4,2,1,1,0,1,10
45813510,4861,1308,0,891,2012,4,1,5,4.4,123622,8,0,0,1,0,12,12
45792467,15053,761,7,643,2010,3,0,2,1.8,160000,4,0,1,1,0,14,6
45768822,1019,831,4,387,2017,9,1,5,1.6,25635,4,0,1,1,0,1,12
44794465,10506,1267,7,145,2013,9,0,2,1.5,92000,4,0,1,1,1,12,2
45811296,3763,1249,7,680,2017,4,1,5,2.5,63618,4,0,0,1,0,2,12
45793487,9252,1090,1,289,2008,4,1,1,2,57438,4,0,1,1,0,12,4
45646673,19444,765,0,870,2015,4,1,5,2,96360,4,0,0,1,0,14,12
45793192,9405,641,1,639,2012,4,1,1,2,38235,4,0,1,1,0,12,4
45793047,14113,627,1,620,2014,9,1,1,2,31115,4,0,1,1,0,1,4
45803115,9879,765,4,748,2015,9,1,4,2,48000,4,0,1,1,0,12,4
45803341,15681,891,4,748,2016,9,1,4,2,219432,4,0,1,1,0,12,4
45801745,17942,583,4,387,2011,9,1,5,1.6,141881,4,0,1,1,0,14,4
45424050,60,587.673913043478,4,138,2012,9,0,5,1.4,150000,4,1,1,1,0,12,8
45776798,40456,826.8,6,837,2012,6,0,1,2.2,130000,4,1,1,1,0,14,0
45795526,14113,749.991967871486,7,145,2012,9,0,5,1.5,102000,4,0,1,1,1,12,8
45728340,3058,353,7,643,2015,3,1,2,1.8,123498,4,0,1,1,0,1,12
45529910,21012,308,7,643,2014,3,0,6,1.8,112000,4,0,1,1,0,14,12
45768554,862,2455,5,517,2008,4,1,5,2,263190,8,0,0,1,0,14,0
45807107,470,1714,6,502,2017,4,1,5,3.5,25275,6,0,0,1,0,14,12
44917850,14113,529.21686746988,3,560,2010,3,0,2,1.3,113000,4,2,1,1,0,1,8
44242934,21953,598.5,4,827,2013,9,0,5,1.6,92800,4,2,1,0,0,7,6
45810291,22825,765,1,620,2015,9,1,5,2,110000,4,0,1,1,0,12,4
45758507,15053,585,4,387,2013,3,1,5,1.8,206400,4,2,1,1,0,1,6
45810050,48914,1091,1,559,2016,9,1,5,2.5,48400,4,0,1,1,0,12,4
45788589,31361,1266.6,2,630,2014,1,1,5,3.7,128000,6,2,2,0,0,12,6
45321149,14583,584,7,568,2009,3,0,5,1.8,98000,4,2,1,1,0,2,8
45706554,25716,1521.27188940092,6,769,1998,6,0,1,2.9,290000,5,1,2,1,0,14,12
45804607,58579,880,4,817,2018,4,1,5,1.6,24998,4,0,1,1,0,7,4
45760787,19757,1711.27272727273,0,871,2003,4,1,1,3,270000,6,2,0,1,0,1,6
44549536,50,888.488372093023,7,643,2008,3,1,2,1.5,111000,4,0,1,1,0,1,6
45799887,26657,757.14552238806,7,268,2013,9,0,5,2.5,292800,4,0,1,1,0,14,0
45764349,14113,475,1,317,2012,9,1,5,1.4,96287,4,2,1,1,0,1,12
45781631,15053,1429.8433516297,6,716,2003,9,1,5,4.3,240000,8,2,0,1,0,4,10
45793229,11604,640,1,639,2013,4,1,1,2,51245,4,0,1,1,0,1,4
45798756,20071,1271.22222222222,7,268,2008,9,1,2,2.4,19000,4,3,1,1,0,14,8
45647643,5018,779,7,268,2013,9,1,2,2.5,190549,4,0,1,1,0,1,12
45788489,15524,1701.21052631579,6,605,2004,4,1,4,3.5,170333,6,2,0,1,0,12,10
45804111,28830,707,4,817,2011,4,1,1,2,131900,4,0,1,1,0,14,4
45815412,5018,781,7,268,2012,9,1,2,2.5,141550,4,0,1,1,0,2,12
45647822,784,917,0,871,2013,9,1,1,3,0,6,0,0,1,0,1,0
45785551,5959,1026.00733117836,3,563,2003,9,0,0,3,199000,6,2,1,1,1,1,6
45805583,10036,1553.57142857143,6,177,2001,9,0,5,2,205000,4,1,2,1,0,2,5
45786440,11290,741.884259259259,3,425,2010,3,1,5,1.3,113581,4,1,1,1,1,14,4
45794115,12231,1690.85714285714,6,769,2002,6,0,1,2.5,290000,5,1,2,1,0,14,2
45792546,11604,988,7,643,2007,3,0,2,1.5,160000,4,0,1,1,0,4,8
45803595,10349,639,4,748,2014,9,1,4,2,509460,4,0,1,1,0,12,4
45766775,16308,530,4,827,2013,3,1,5,1.6,140160,4,0,1,1,0,12,12
45816130,862,810,4,387,2016,9,1,5,1.8,113365,4,0,1,1,0,1,12
45802801,20764,836,4,733,2010,4,1,1,2,160118,4,0,1,1,0,1,4
45803582,13799,1017,4,748,2017,9,1,4,2,470507,4,0,1,1,0,8,4
44874475,23207,970.867153989687,2,476,2014,9,0,2,2,107200,4,3,1,1,0,12,0
45809651,58172,784,3,293,2017,9,1,5,1.5,36340,4,0,1,1,0,7,4
45815327,13485,779,7,680,2013,4,1,5,2.5,155672,4,0,0,1,0,7,12
45766527,31047,1053,6,361,2014,9,1,1,3.5,132349,6,0,0,1,0,7,12
45618096,188,1053,6,361,2014,9,1,1,3.5,153115,6,0,0,1,0,1,12
45770336,1646,1399,6,361,2010,9,1,5,3.5,205968,6,0,0,1,0,14,12
45765342,627,836,7,792,2012,9,1,5,2.7,394069,4,0,2,1,0,1,12
45764629,26971,1820,7,792,2019,9,1,5,3.5,18555,6,0,0,1,0,1,12
45706018,30734,1405,0,57,2009,0,1,5,3,59700,6,2,2,0,0,1,7
45769459,470,765,4,817,2015,4,1,5,2,106442,4,0,1,1,0,14,0
45806572,17249,1195,6,839,2008,2,0,1,2.2,197000,4,1,2,0,0,2,0
45648996,392,781,7,268,2012,9,1,2,2.5,314373,4,0,1,1,0,7,12
45803641,12231,836,4,817,2010,4,1,1,2,63383,4,0,1,1,0,1,4
44063707,13500,1502,5,258,2014,10,1,2,1.8,60000,4,0,1,1,1,14,6
45780119,16465,781,7,268,2012,9,0,5,2.5,171107,4,0,1,1,0,12,0
45648498,29479,1058,7,535,2012,4,1,2,3.5,205250,6,0,0,1,0,12,12
45393129,14113,751,4,748,2013,9,1,5,2.4,128000,4,2,1,1,0,4,12
45758651,27284,935.666666666667,7,285,2013,9,1,5,2.5,116800,4,2,1,1,0,7,12
45625149,5488,394,7,268,2014,9,1,2,2.5,109798,4,0,1,1,0,14,12
45779591,15524,528,2,409,2014,4,0,5,1.6,0,4,0,0,1,0,14,0
45793421,8123,1090,1,289,2008,4,1,1,2,62558,4,0,1,1,0,12,4
45770117,9408,585,6,196,2013,1,1,5,1.8,47000,4,2,2,1,0,1,10
45770717,15053,1598,0,50,2006,9,1,5,3,226000,6,2,2,1,0,1,10
45621690,8154,919,0,871,2012,4,1,1,3,103458,6,0,0,1,0,14,0
45403183,6272,1527,6,174,1997,9,0,5,1.8,250000,4,1,2,1,0,2,2
45642778,392,781,7,268,2012,9,1,2,2.5,314373,4,0,1,1,0,7,12
45760712,6272,353,7,643,2015,3,1,2,1.8,96549,4,0,1,1,0,1,12
45763385,3293,521,1,853,2011,3,1,2,1.4,288778,4,0,1,1,0,1,12
45814946,75266,1327,7,268,2018,9,1,5,2.5,11000,4,2,1,1,0,11,12
45797339,470,1017,3,293,2017,9,1,5,2,0,4,0,1,1,0,14,12
45801527,12980,583,4,387,2011,9,1,5,1.6,150000,4,0,1,1,0,1,4
45669938,33556,900,4,748,2015,9,1,5,2.4,55000,6,0,1,1,0,13,12
45769460,3763,751,4,817,2013,4,1,5,2.4,53717,4,0,0,1,0,12,0
45804910,48998,1017,4,817,2017,4,1,1,2,30008,4,0,1,1,0,12,4
45780530,19130,832.188679245283,2,409,2009,4,1,2,2.5,230000,4,3,0,1,0,13,0
45760134,2038,503,3,425,2012,9,1,5,1.5,167158,4,0,1,1,0,7,0
45797384,28357,777,4,526,2014,7,1,1,2.5,151780,4,0,1,1,0,12,4
45771462,46728,1811,5,516,2010,4,1,5,4.6,260771,8,0,0,1,0,1,0
45641340,5488,394,7,268,2014,9,1,2,2.5,109798,4,0,1,1,0,14,12
45763612,3607,862,2,409,2011,4,1,2,2.5,168966,4,0,0,1,0,14,0
45543241,23207,585,5,258,2013,3,1,2,1.8,129000,4,0,1,1,0,14,8
45621161,26030,798.780396435111,4,557,2011,4,1,5,2,104000,4,0,0,1,0,3,4
45797076,32910,777,4,526,2014,7,1,1,2.5,140000,4,0,1,1,0,12,4
45653761,13328,1399,5,701,2010,4,1,2,3.5,186005,6,0,0,1,0,12,12
45803403,15681,891,4,748,2016,9,1,4,2,286095,4,0,1,1,0,12,4
45542930,21169,810,7,305,2016,9,1,5,1.8,39728,4,0,1,1,0,1,8
44669522,8781,939.882352941176,7,849,2005,3,0,5,1,141000,3,3,1,1,1,12,4
44678587,36065,1055,7,740,2013,7,0,5,3.5,144000,6,2,1,1,0,7,12
45804228,25299,836,4,817,2010,4,1,1,2,136275,4,0,1,1,0,1,4
45815491,157,1399,5,694,2010,4,1,5,3.5,110947,6,0,0,1,0,7,12
45809805,34497,1018,0,94,2011,9,1,5,3,137600,6,2,2,1,0,1,0
45770101,627,1172,6,361,2011,9,1,1,3.5,230696,6,0,0,1,0,1,12
45810350,20266,642,1,620,2012,9,1,5,2,156743,4,0,1,1,0,1,4
45811134,392,584,1,317,2014,9,1,5,1.8,147349,4,0,1,1,0,1,12
45391656,22894,779,7,268,2013,9,1,5,2.5,289600,6,2,1,1,0,14,8
45803632,13172,639,2,452,2014,9,0,5,2,78000,4,1,1,1,0,12,12
45797056,50805,1273,6,605,2015,4,1,5,3.5,49425,6,0,0,1,0,7,6
45220321,7840,862,6,188,1997,10,1,5,2.4,60000,6,0,2,1,1,2,12
45805420,68994,1823,7,542,2018,8,0,5,3.5,12000,6,2,0,1,0,7,12
37779467,13000,1429.8433516297,6,770,2003,6,0,1,2.2,0,4,1,2,1,0,14,4
45618065,549,1292,6,502,2016,4,1,5,3,86189,6,0,0,1,0,2,0
45790847,12544,650,1,317,2016,9,0,5,1.4,105941,4,0,1,1,0,11,0
45310679,22266,900,7,268,2015,9,0,5,2.4,84130,4,0,1,1,0,14,12
45808763,21012,1598,0,50,2009,1,1,5,2.8,130000,6,2,2,0,0,14,6
44028182,30,1599.33333333333,3,425,2004,3,0,5,1.3,25000,6,0,1,1,1,12,0
45769741,25089,1533.25,2,799,2008,6,0,1,2.4,280000,4,1,2,0,0,14,4
45771989,7997,333,2,465,2014,9,1,2,2,137328,4,0,1,1,0,12,0
45739004,11604,1429.8433516297,6,602,2001,4,1,0,3.2,245000,6,2,0,1,0,12,8
45655092,941,1646,5,516,2015,4,1,5,4.6,188078,8,0,0,1,0,1,0
45802557,12388,836,4,733,2010,4,1,1,2,40845,4,0,1,1,0,1,4
44588222,34497,970.867153989687,2,311,2015,10,0,5,1,16515,1,1,1,1,0,14,0
45766261,470,1399,6,361,2010,9,1,1,3.5,229904,6,0,0,1,0,1,12
45475828,21953,1408,6,781,2007,6,0,1,2.2,215423,4,1,2,1,0,6,4
45803187,12544,765,4,748,2015,9,1,4,2,509454,4,0,1,1,0,8,4
44564167,42024,725.166666666667,0,84,2013,9,1,5,2,156800,4,2,2,1,0,1,12
45813934,470,1053,6,605,2014,4,1,5,3.5,135200,6,0,2,1,0,7,12
45733423,57698,1017,4,748,2017,9,1,5,2,7978,4,0,1,1,0,1,4
45732072,21953,836,4,733,2010,4,1,1,2,182000,4,0,1,1,0,14,4
45799026,21012,584,7,298,2014,9,0,5,1.8,87000,4,3,1,1,0,14,8
45751259,13328,609,7,680,2018,9,1,2,2.5,73646,4,0,0,1,0,7,12
45763285,10036,980,7,298,2018,9,1,5,1.8,37878,4,0,1,1,0,12,12
45803540,9722,765,4,748,2015,9,1,4,2,377149,4,0,1,1,0,8,4
45794204,19914,502,7,899,2013,3,1,5,1.5,59200,4,1,1,1,0,11,6
45772014,2430,1598,6,361,2008,9,1,1,3,175614,6,0,2,1,0,1,12
44993738,30671,1429.8433516297,6,836,2007,7,1,1,3,367000,6,2,2,1,0,1,7
42648979,26030,1141,5,531,2009,9,1,2,2.4,100000,4,2,1,1,0,12,8
45565563,22894,781,7,268,2012,9,1,5,2.5,105000,4,0,1,1,0,7,8
45816367,16621,673.483990147783,4,387,2012,9,0,5,1.8,95000,4,0,1,1,0,1,6
45803436,15053,765,4,748,2015,9,1,4,2,309174,4,0,1,1,0,12,4
45787342,62722,910.173913043478,6,498,2015,4,1,5,2.5,84000,4,2,0,1,0,11,12
45733539,37984,765,4,748,2015,9,1,5,2,90621,4,0,1,1,0,7,4
45769252,157,1363,5,516,2012,4,1,5,4.6,189704,8,0,0,1,0,7,0
45396698,11500,474,1,317,2013,9,1,5,1.4,170451,4,0,1,1,0,3,12
45177230,32929,1338.90845620294,0,103,2012,9,1,5,3,111205,6,2,2,1,0,14,8
45812765,3136,777,7,268,2014,9,1,5,2.5,55811,4,0,1,1,0,1,12
45661281,282,1399,5,701,2010,4,1,2,3.5,311949,6,0,1,1,0,12,12
45759517,706,645,5,258,2011,3,1,2,1.8,116869,4,0,1,1,0,1,0
45767383,784,382,1,853,2017,3,1,2,1.5,81440,4,0,1,1,0,1,0
45813464,94,1301,0,118,2014,9,1,5,4.4,0,8,0,0,1,0,2,12
45801837,14834,583,4,387,2011,9,1,5,1.6,147700,4,0,1,1,0,1,4
45760089,31,353,5,258,2015,3,1,2,1.8,0,4,0,1,1,0,7,0
41884800,21639,1338.90845620294,0,4,2008,3,1,1,2,144000,4,1,2,1,0,1,10
45655509,188,645,7,643,2011,3,1,2,1.8,197328,4,0,1,1,0,14,12
45798556,31361,834.25,7,283,2014,9,1,5,2.5,58000,4,0,1,1,0,7,12
45809922,19030,271,7,145,2014,3,1,2,1.5,69650,4,0,1,1,0,2,4
45729709,28241,528,4,387,2014,9,1,5,1.6,112843,4,0,1,1,0,7,4
45784334,17876,757.14552238806,7,268,2012,9,0,2,2.4,261000,4,0,1,1,0,1,0
44086969,58018,1017,0,863,2017,9,1,5,2,31000,12,0,0,1,0,1,12
45803065,29586,639,4,733,2014,4,1,1,2,212762,4,0,1,1,0,12,4
45809860,14069,503,7,145,2012,3,1,5,1.5,111000,4,0,1,1,0,15,4
45648786,862,394,7,268,2014,9,1,2,2.5,130478,4,0,1,1,0,14,12
45772865,9408,2084,2,799,1994,6,0,1,2.5,100000,4,1,2,1,0,14,2
45816144,36065,1078.53623188406,6,605,2011,4,1,1,3,200000,6,2,0,1,0,7,12
45801819,15718,687,4,387,2010,9,1,5,1.6,104282,4,0,1,1,0,12,4
45773791,1646,779,7,268,2013,9,1,5,2.5,0,4,0,1,1,0,12,12
45755489,53314,1500.5,7,583,2010,4,1,5,2.7,128000,4,2,0,1,0,1,8
45793572,5645,1368,3,293,1997,3,0,5,1.4,300000,4,1,1,0,0,14,2
45654649,12858,765,6,498,2015,4,1,5,2,159928,4,0,1,1,0,1,0
45814798,14069,1951,6,483,2015,4,1,5,2,59083,8,0,0,1,0,14,12
45804532,22063,836,4,817,2010,4,1,1,2,142264,4,0,1,1,0,14,4
45765435,314,834,7,792,2013,4,1,5,2.7,158870,4,0,2,1,0,14,12
45772380,39829,1811,5,516,2010,4,1,5,4.6,155821,8,0,0,1,0,1,0
45813092,37006,1036,0,50,2015,9,1,5,2.8,38415,4,2,0,1,0,1,12
45791356,20385,582.788167938931,7,643,2011,3,1,2,1.8,125000,4,3,1,1,0,1,10
45647763,314,779,7,268,2013,9,1,2,2.5,225510,4,0,1,1,0,14,12
45810550,19416,642,1,639,2012,4,1,1,2,172125,4,0,1,1,0,7,4
45803316,12880,836,4,748,2010,9,1,5,2,173177,4,0,1,1,0,14,4
45517726,14069,1682.5,6,722,2014,9,1,5,2,148000,8,2,2,1,0,1,12
45810381,21395,1017,1,639,2017,4,1,4,2,204067,4,0,1,1,0,7,4
45395857,10976,1841,6,347,2001,9,0,1,2.7,305000,5,2,2,1,0,12,12
45647798,10349,915,0,871,2014,4,1,1,3,0,6,0,0,1,0,1,0
45805001,64604,1493,5,694,2016,4,0,5,3.5,0,6,0,0,1,0,14,0
45729799,27654,530,4,387,2013,9,1,5,1.6,83897,4,0,1,1,0,14,4
45803216,13877,836,4,748,2010,9,1,5,2,161240,4,0,1,1,0,14,4
45788266,17562,1533.25,2,799,2002,6,0,1,2.4,213990,4,1,2,1,0,14,2
38061684,10663,1268,7,145,2012,3,0,2,1.5,62000,4,3,1,1,1,8,4
45803175,12720,639,4,748,2014,9,1,4,2,235285,4,0,1,1,0,14,4
45793102,6752,965,1,317,2009,9,1,1,2,74830,4,0,1,1,0,1,4
45793026,7175,658,3,561,2009,9,0,5,1.3,192000,4,2,1,1,0,7,12
45803489,11604,639,4,748,2014,9,1,4,2,330659,4,0,1,1,0,12,4
45811890,6272,819.6,3,293,2003,9,0,0,3,19900,6,2,1,1,1,1,6
42366769,11917,658,3,560,2009,3,0,2,1.3,142526,4,0,1,1,0,14,8
45756938,47042,1646,5,517,2015,4,1,5,4.6,106918,8,0,0,1,0,1,0
45801760,17158,687,4,387,2010,9,1,5,1.6,122740,4,0,1,1,0,14,4
45771564,14740,1711.27272727273,0,871,2004,4,1,5,3,179100,6,2,0,1,0,1,8
45733102,17405,765,4,748,2015,9,1,4,2,51236,4,0,1,1,0,14,4
45776621,19757,781,7,268,2012,9,1,5,2.5,208000,4,2,1,1,0,14,12
45806542,2666,308,7,643,2015,3,1,2,1.5,127789,4,0,1,1,0,7,12
45684601,12231,761,7,643,2010,9,0,2,1.8,120000,4,0,1,1,0,11,10
45771847,627,1993,3,312,2004,4,1,5,2.4,386144,4,0,1,1,0,6,12
45762406,4391,2148,6,722,2010,9,1,5,2,149434,8,0,0,1,0,1,12
45655570,1803,761,7,643,2010,3,1,2,1.8,258909,4,0,1,1,0,14,12
45797959,16894,583,4,387,2011,9,1,5,1.6,175237,4,0,1,1,0,12,4
45780014,23521,1429.8433516297,6,18,2011,9,1,5,1.8,131000,4,2,2,1,0,1,8
45774007,392,505,3,141,2018,9,1,2,2,42078,4,0,1,1,0,14,12
45809479,7840,1429.8433516297,6,602,1998,4,1,0,3.2,360000,6,0,0,1,0,11,6
45802179,31650,777,4,526,2014,7,1,1,2.5,164805,4,0,1,1,0,14,4
45700476,36065,1222.57819905213,6,361,2010,1,1,5,3.5,187000,6,2,2,0,0,7,8
45793599,26030,1329.79585953434,5,259,2013,9,1,2,1.8,75000,4,2,1,1,0,14,12
45797582,20266,531,4,387,2012,9,1,5,1.6,107523,4,0,1,1,0,14,4
45810233,32104,765,1,620,2015,9,1,1,2,87074,4,0,1,1,0,1,4
45814275,200,761,7,643,2010,3,0,2,1.8,555,4,2,1,1,0,14,0
44588603,5331,970.867153989687,2,520,1999,7,0,1,1.8,0,1,1,2,1,0,14,0
45732158,26343,640,4,733,2013,4,1,1,2,36458,4,0,1,1,0,14,4
45414167,35124,814.666666666667,6,769,2013,2,1,1,2.2,169000,4,1,2,1,0,14,4
45801919,8881,687,4,387,2010,9,1,5,1.6,62741,4,0,1,1,0,12,4
45795781,17249,582.788167938931,7,643,2010,9,1,2,1.8,140000,4,0,1,1,0,12,0
45802585,39559,765,4,733,2015,4,1,1,2,142655,4,0,1,1,0,7,4
45642419,392,781,7,268,2012,9,1,2,2.5,314373,4,0,1,1,0,7,12
45647793,7213,919,0,871,2012,4,1,1,3,274098,6,0,0,1,0,14,0
45809636,11133,1018,0,871,2011,4,1,5,3,170043,6,0,0,1,0,7,12
45264781,16308,707,4,748,2011,9,1,5,2,144000,4,2,1,1,0,2,12
45803078,44545,1017,4,733,2017,4,1,1,2,101633,4,0,1,1,0,12,4
45788513,12231,790,4,547,2009,10,0,1,1.6,174582,4,1,1,1,0,1,8
45732801,17035,707,4,748,2011,9,1,5,2,185367,4,0,1,1,0,1,4
45765887,14269,1493,3,638,2016,4,1,5,3.5,42802,6,0,1,1,0,7,12
45813376,706,609,7,680,2018,4,1,2,2.5,25955,4,0,0,1,0,14,12
45797845,18826,528,4,387,2014,9,1,4,1.6,195965,4,0,1,1,0,14,4
45803718,23414,642,4,817,2012,4,1,1,2,90000,4,0,1,1,0,14,4
45766742,3500,1527,6,174,1995,9,0,5,2.2,0,4,1,2,1,0,11,0
45801447,15659,629,4,138,2015,9,1,1,1.6,114101,4,0,1,1,0,12,4
45793077,14113,636,1,620,2014,9,1,1,2,43158,4,0,1,1,0,1,4
45732807,15257,707,4,748,2011,9,1,5,2,204632,4,0,1,1,0,14,4
45812945,8781,1711.27272727273,0,871,2002,4,1,5,3,249117,6,2,0,1,0,1,8
45808909,72268,1011,2,421,2016,4,1,5,2.3,101000,4,0,1,1,0,7,4
45813779,1960,462,7,643,2019,3,1,2,1.8,7632,4,0,1,1,0,1,12
45814813,392,1055,6,201,2013,9,1,5,3.5,186093,6,0,0,1,0,1,12
45625914,392,919,0,871,2012,4,1,1,3,296395,6,0,0,1,0,7,0
45766289,3763,832,7,792,2014,4,1,5,2.7,64994,4,0,2,1,0,7,12
45781696,24148,777,7,268,2014,9,1,5,2.5,61000,4,2,1,1,0,1,8
45753290,11917,1132,7,643,2006,9,0,5,1.5,160000,4,0,1,1,0,11,12
45803621,12858,862,4,526,2011,7,1,1,2.5,61861,4,0,1,1,0,12,4
45802086,24628,862,4,526,2011,7,1,1,2.5,47676,4,0,1,1,0,12,4
45771831,15994,1172,6,361,2011,1,1,1,3.5,170429,6,0,2,0,0,12,12
45653157,2901,503,3,293,2012,9,1,2,1.5,146403,4,0,1,1,0,14,0
45764647,18503,781,7,268,2012,9,1,5,2.5,150000,4,2,1,1,0,1,12
45803905,21395,836,4,817,2010,4,1,1,2,144918,4,0,1,1,0,14,4
45741474,17249,673.483990147783,4,387,2013,9,0,5,1.8,60000,4,0,1,1,0,4,6
45810487,29216,639,1,639,2014,4,1,1,2,78083,4,0,1,1,0,14,4
45796837,16590,862,4,526,2011,7,1,1,2.5,42415,4,0,1,1,0,14,4
45766096,1725,584,4,387,2014,9,1,5,1.8,107155,4,0,1,1,0,1,12
45770138,627,1058,6,361,2012,9,1,1,3.5,318285,6,0,0,1,0,1,12
45670858,25089,586,6,191,2012,9,1,5,1.8,109000,4,0,2,1,0,11,12
45455263,16935,645,5,258,2011,9,1,2,1.8,158000,4,2,1,1,0,7,8
45796298,18817,640,2,465,2013,9,1,5,2,87579,4,0,1,1,0,1,0
45795465,21953,1429.8433516297,6,19,2004,4,1,1,2.7,249000,5,0,0,1,0,2,0
45766797,862,831,7,268,2011,9,1,2,2.4,128965,4,0,1,1,0,14,12
45771036,2430,1598,6,361,2008,9,1,1,3,175614,6,0,2,1,0,1,12
45763736,14069,1935,5,516,2016,4,1,5,4.6,155976,8,0,0,1,0,14,0
45096152,46728,2151,5,517,2009,4,1,5,2,226000,8,0,0,1,0,12,10
45801433,9700,1429.8433516297,6,729,1999,0,1,5,2,200000,4,1,2,0,0,1,4
45815281,3763,1855,7,738,2011,4,1,5,2,223578,8,0,0,1,0,12,12
45766623,54568,1363,5,516,2012,4,1,5,4.6,255406,8,0,0,1,0,1,0
45701023,62722,777,6,605,2014,4,0,1,2.5,65000,4,2,0,1,0,1,6
45813292,251,761,7,643,2010,3,1,2,1.8,351954,4,0,1,1,0,12,12
45648676,94,1172,5,694,2011,4,1,5,3.5,0,6,0,0,1,0,1,12
45648513,549,1058,7,535,2012,4,1,2,3.5,0,6,0,0,1,0,7,12
45764286,1568,2018,7,822,2015,4,1,5,2,128000,8,0,0,1,0,14,12
45800808,12544,584,4,387,2014,9,0,1,1.8,105000,4,2,1,1,0,12,6
45803481,10663,765,4,748,2015,9,1,4,2,306922,4,0,1,1,0,12,4
45803086,54186,891,4,733,2016,4,1,1,2,89089,4,0,1,1,0,1,4
45793728,17876,862,6,222,2004,1,1,0,2,12400,8,2,2,0,0,12,6
45642656,314,779,7,268,2013,9,1,2,2.5,225510,4,0,1,1,0,14,12
45769537,3763,832,7,792,2014,4,1,5,2.7,64994,4,0,2,1,0,7,12
45816287,12388,919,0,871,2012,4,1,1,3,420794,6,0,0,1,0,1,12
38047689,40,888.488372093023,7,643,2008,9,1,2,1.5,130000,6,0,1,1,0,1,6
45621310,34497,353,5,258,2015,3,1,2,1.8,54400,4,0,1,1,0,1,16
44149949,23991,831,2,473,2018,9,0,5,1.5,10457,4,0,1,1,0,4,8
45774223,17562,595.03007518797,2,465,2010,9,1,2,2.5,75000,4,0,1,1,0,1,0
41218355,50,529.21686746988,3,560,2011,9,0,2,1.3,95000,4,0,1,1,0,4,0
45801777,16894,583,4,387,2011,9,1,5,1.6,175237,4,0,1,1,0,12,4
45648159,392,831,4,748,2011,9,1,2,2.4,0,4,0,1,1,0,12,0
45792243,20382,582.788167938931,7,643,2010,9,1,2,1.8,200000,4,0,1,1,0,12,8
45262237,16621,891,4,397,2016,9,0,5,2,65271,4,0,1,1,0,12,8
45749192,10349,1267,7,145,2013,3,0,2,1.5,142000,4,0,1,1,1,11,10
45755912,11917,2084,2,799,1996,10,0,1,2.5,254000,4,1,2,0,1,14,0
45649908,392,690,5,701,2016,4,1,2,3.5,27038,6,0,0,1,0,14,12
45801667,19121,583,4,387,2011,9,1,5,1.6,134957,4,0,1,1,0,1,4
45811555,13172,1590,6,167,2009,3,1,1,2,151000,4,2,1,1,0,0,8
45709224,18817,673.483990147783,4,387,2012,9,1,5,1.8,100000,4,2,1,1,0,1,16
45803940,34111,765,4,817,2015,4,1,1,2,100492,4,0,1,1,0,14,4
45772041,11604,1195,2,799,2008,6,0,1,2.2,89775,4,1,1,0,0,11,2
45801058,15681,761,7,643,2010,3,1,2,1.8,190000,4,0,1,1,0,7,8
45763000,14269,1324,7,535,2010,4,1,2,3.3,300366,6,0,0,1,0,2,12
45787309,10036,1342.66873449132,6,837,1999,7,0,5,2.3,185000,4,1,1,1,0,6,2
45622155,10036,888.488372093023,7,643,2008,3,0,2,1.5,222061,4,0,1,1,0,11,4
45732998,17942,836,4,748,2010,9,1,5,2,145000,4,0,1,1,0,7,4
45769327,1646,1750,7,535,2008,4,1,2,3.3,269162,6,0,0,1,0,12,12
45649693,8154,1750,5,696,2008,4,1,2,3.3,224629,6,0,0,1,0,12,12
45809523,20372,691,3,425,2017,3,1,5,1.3,100940,4,0,1,1,0,12,4
45773931,4234,586,1,317,2012,9,1,5,1.8,114776,4,0,1,1,0,1,12
45733683,60345,891,4,748,2016,9,1,5,2,38804,4,0,1,1,0,14,4
30551412,370,872.02838865217,7,580,2018,4,1,5,4,15000,8,0,0,1,0,1,12
45656003,157,585,7,643,2013,3,1,2,1.8,169301,4,0,1,1,0,14,12
45816121,20385,455.705882352941,7,651,2013,3,1,4,1.5,107000,4,3,1,1,0,14,9
45741752,18503,697,4,387,2015,9,0,5,1.8,77000,4,2,1,1,0,14,16
44187346,30577,1307,1,264,2015,9,0,5,3.6,93081,2,0,1,0,0,1,0
45732963,15681,891,4,748,2016,9,1,4,2,295509,4,0,1,1,0,12,4
45806234,7840,1599.33333333333,3,425,2006,3,1,5,1.3,157000,4,0,1,1,1,2,2
45775020,9408,584,4,387,2014,9,0,5,1.8,102000,4,0,1,1,0,2,12
45803377,7222,836,4,748,2010,9,1,4,2,112484,4,0,1,1,0,14,4
45637692,39201,1202,4,736,2018,4,1,5,2.4,12000,4,0,0,1,0,6,12
45766295,862,502,3,425,2013,3,1,5,1.5,118232,4,0,1,1,0,12,12
45784419,12544,888.488372093023,7,643,2008,9,0,2,1.5,156000,4,0,1,1,0,12,6
45757571,862,394,7,268,2014,9,1,2,2.5,0,4,0,1,1,0,1,12
45773285,10976,2715,1,745,2018,9,1,5,2,0,8,0,1,1,0,2,12
45765561,33500,1478,0,107,2012,9,1,5,4.4,50000,8,2,2,1,0,3,10
45656281,314,586,7,643,2012,3,1,2,1.8,418667,4,0,1,1,0,14,12
45065648,11290,746,7,643,2009,3,0,2,1.5,124839,4,0,1,1,0,2,6
45809367,38822,345,7,145,2016,10,1,2,1.5,34465,4,0,1,1,0,1,4
45810839,1019,645,7,643,2011,3,1,2,1.8,246480,4,0,1,1,0,7,12
45805762,10976,888.488372093023,7,643,2005,9,0,2,1.5,128965,6,0,1,1,0,14,5
45730628,3293,781,7,268,2012,9,1,2,2.5,214098,4,0,1,1,0,12,0
45730134,25591,530,4,387,2013,9,1,5,1.6,80819,4,0,1,1,0,1,4
45811002,17562,528,4,827,2014,9,1,5,1.6,153600,4,0,1,1,0,4,8
45802228,35403,1091,4,526,2016,7,1,1,2.5,90000,4,0,1,1,0,12,4
45761484,11290,843,7,643,2008,3,0,2,1.5,135000,4,0,1,1,0,11,12
45809293,25744,642,1,289,2012,4,1,1,2,341928,4,0,1,1,0,1,4
43786565,40,1599.33333333333,3,425,2002,3,0,5,1.3,170000,5,0,1,2,1,7,0
45653692,941,1356,5,516,2014,4,1,5,4.6,200402,8,0,0,1,0,12,0
44538951,8938,1268,7,145,2012,9,0,2,1.5,88000,4,0,1,1,1,12,2
45759099,12858,1363,5,516,2012,4,1,5,4.6,255406,8,0,0,1,0,1,0
45757298,17562,1356,5,517,2014,4,1,5,4.6,146218,8,0,0,1,0,1,0
45768663,4234,584,3,293,2014,9,1,5,1.8,111149,4,0,1,1,0,3,12
45732559,28830,707,4,733,2011,4,1,1,2,104958,4,0,1,1,0,1,4
45796755,35269,934,4,526,2015,10,1,1,2.5,127027,4,0,1,1,0,14,4
45527999,15524,1195,2,799,2008,6,0,1,2.2,107000,4,1,1,1,0,15,4
45655116,13956,603,5,701,2015,4,1,2,3.5,143619,6,0,0,1,0,1,12
45363317,15994,1017,4,387,2017,9,0,5,2,70795,4,0,1,1,0,14,12
45798038,13658,687,4,387,2010,9,1,5,1.6,115783,4,0,1,1,0,12,4
45790560,17249,862,0,871,2003,4,1,5,4.6,58000,8,2,0,1,0,2,8
45798757,16935,582.788167938931,7,643,2010,3,0,2,1.8,383528,4,2,1,1,0,14,8
45804405,25089,788.140435835351,4,817,2012,4,1,5,2.4,128000,4,2,0,1,0,7,8
45730594,1646,645,7,643,2011,3,1,2,1.8,320064,4,0,1,1,0,12,12
45795603,13799,749.991967871486,7,145,2013,3,0,2,1.5,109000,4,0,1,1,1,1,2
44979296,16621,966.724137931034,0,94,2008,9,1,5,3.5,180000,6,2,2,1,0,12,8
45804407,23533,2108,5,572,2009,9,1,5,4.6,142669,4,0,1,1,0,1,4
45816463,17249,2084,2,799,1996,2,0,1,2.5,230000,4,1,2,0,0,14,2
45755978,13328,640,2,465,2013,9,1,2,2,91000,4,0,1,1,0,14,8
45790438,6600,1685,6,177,1997,9,0,0,2,206000,4,0,2,1,0,6,4
45804846,37125,765,4,817,2015,4,1,1,2,111589,4,0,1,1,0,12,4
45765599,3763,1714,7,792,2017,9,1,5,3.5,174827,6,0,0,1,0,12,12
45653204,314,1399,5,701,2010,4,1,2,3.5,382746,6,0,0,1,0,12,12
45810211,23703,765,1,620,2015,9,1,1,2,100069,4,0,1,1,0,14,4
45808183,35000,1690.85714285714,6,769,2008,6,1,1,2.2,250000,4,1,2,2,0,14,2
45564319,18817,1271.22222222222,7,268,2008,9,0,5,2.4,192785,4,0,1,1,0,12,2
45750672,16621,1058,7,268,2012,9,1,5,3.5,132826,6,2,1,1,0,14,12
45636082,20698,900,4,748,2015,9,0,5,2.4,65000,4,2,1,1,0,1,12
44367587,29479,1429.8433516297,6,192,2013,9,1,5,1.8,125000,6,2,2,1,0,2,12
45773401,470,640,2,465,2013,9,1,2,2,75656,4,0,1,1,0,14,0
45644971,2274,247,3,560,2014,3,1,2,1.3,149970,4,0,1,1,0,7,0
45816344,20385,640,2,214,2013,3,1,2,2,232000,4,2,1,1,0,14,12
45211772,11290,843,7,643,2008,3,0,2,1.5,165000,4,0,1,1,0,12,12
45656275,282,753,4,748,2012,9,1,2,2.4,93816,4,0,1,1,0,1,0
45729844,27065,629,4,387,2015,9,1,5,1.6,38914,4,0,1,1,0,7,4
45651689,188,831,4,748,2011,9,1,2,2.4,108826,4,0,1,1,0,1,0
45780529,10036,1429.8433516297,6,181,2000,9,0,5,2,199000,4,0,2,1,0,1,9
45813123,1019,382,1,853,2017,3,1,6,1.5,102379,4,0,1,1,0,2,12
45797418,18669,862,4,526,2011,7,1,1,2.5,52686,4,0,1,1,0,12,4
45765717,706,1850,6,361,2008,9,1,1,3.5,122874,6,0,2,1,0,1,12
45720188,15681,562,1,317,2015,9,1,5,1.4,20800,4,0,2,1,0,1,6
45795737,47042,872.02838865217,7,539,2014,4,1,5,3.5,130000,6,2,0,1,0,14,12
45813605,14069,1429.8433516297,6,780,2011,6,1,1,2.2,300000,6,1,2,0,0,14,4
45730593,20297,583,4,387,2011,9,1,5,1.6,104860,4,0,1,1,0,12,4
45647904,157,919,6,605,2012,4,1,1,3,145227,6,0,0,1,0,7,12
45646849,1882,1211,0,871,2010,4,1,1,3,265210,6,0,0,1,0,1,0
45796916,38737,1091,4,526,2016,10,1,1,2.5,119552,4,0,1,1,0,12,4
45807404,46728,1807,6,213,2012,1,1,5,2,92483,8,0,2,0,0,7,12
44947805,23521,891,4,387,2016,9,0,5,2,67200,4,2,1,1,0,1,8
45787439,6899,1888,0,87,2004,9,1,5,3,185000,6,2,2,1,1,6,10
45773524,2274,394,7,268,2014,9,1,2,2.5,128739,4,0,1,1,0,6,12
45811119,21326,308,7,643,2014,3,0,2,1.8,107200,4,0,1,1,0,7,16
45797477,46919,1327,4,526,2018,10,1,1,2.5,71689,4,0,1,1,0,7,4
45651160,3136,781,7,268,2012,9,1,2,2.5,159379,4,0,1,1,0,14,12
45810268,27190,639,1,620,2014,9,1,5,2,99807,4,0,1,1,0,1,4
45810390,20385,900,4,764,2015,9,1,5,2.4,66000,4,2,1,1,0,1,12
45436999,14113,474,1,317,2013,9,0,5,1.4,184000,4,2,1,1,0,14,8
45722415,14069,915,0,871,2014,4,1,1,3,103000,6,2,0,1,0,14,12
45625901,15994,1104,0,871,2015,4,1,5,3,204461,6,0,0,1,0,14,0
40220601,110,1711.27272727273,0,871,2008,4,1,5,3,121121,6,0,0,1,0,1,10
45797071,10349,836,4,522,2010,1,1,5,2,125126,4,0,1,1,0,1,4
45803368,19598,663,4,748,2015,9,1,1,1.7,20796,4,0,1,1,0,14,4
45653128,706,574,3,560,2010,3,1,2,1.3,189571,4,0,1,1,0,12,0
45572348,46728,934,7,680,2015,4,0,5,2.5,71104,4,0,0,1,0,14,6
45651695,392,831,4,748,2011,9,1,2,2.4,0,4,0,1,1,0,12,0
45809286,26613,833,1,289,2015,4,1,1,2.2,69010,4,0,1,1,0,12,4
45788949,38574,1429.8433516297,6,842,2009,7,1,1,2.2,151245,4,2,2,1,0,12,6
45798123,12849,893,4,387,2008,9,1,5,1.6,134592,4,0,1,1,0,12,4
45811059,314,738,1,317,2017,9,1,5,1.4,35314,4,0,1,1,0,1,12
45816322,21953,562,1,317,2015,9,1,5,1.4,60800,4,2,2,1,0,12,12
45799718,19757,1429.8433516297,6,357,2003,9,1,1,3.2,261086,6,2,2,1,0,1,12
45803409,15681,891,4,748,2016,9,1,4,2,284490,4,0,1,1,0,12,4
45770282,8154,1429.8433516297,6,357,1998,9,1,0,3.2,290000,6,2,2,1,0,1,10
45802482,10986,687,4,547,2010,3,1,5,1.6,157730,4,0,1,1,0,7,4
44874919,20385,704.859649122807,2,452,2016,9,1,5,2,67680,4,0,1,1,0,12,12
45802366,13454,862,4,526,2011,7,1,1,2.5,85226,4,0,1,1,0,2,4
45788396,9722,1533.25,2,799,2003,6,0,1,2,0,4,1,1,1,0,11,2
45769874,4547,1850,6,361,2008,9,1,1,3.5,494317,6,0,0,1,0,1,12
45757454,188,289,2,409,2008,9,1,2,0.4,209843,4,0,1,1,0,7,0
45260575,18189,640,2,219,2013,9,1,2,2,174400,4,3,1,1,0,1,6
45792909,8624,707,1,317,2011,9,1,1,2,57857,4,0,1,1,0,11,4
45815192,8781,1515,6,184,2000,9,0,0,2.3,200000,4,1,2,1,0,1,12
45645727,33243,1363,5,516,2012,4,1,5,4.6,229334,8,0,0,1,0,1,0
45407300,18189,586,7,298,2012,9,0,5,1.8,74000,4,0,1,1,0,7,8
43187812,13799,753,4,759,2012,9,1,2,2.4,147000,4,2,1,1,0,2,12
45805623,29793,587.148148148148,6,191,2011,9,1,5,1.8,100000,4,0,2,1,0,1,12
45810547,21181,639,1,639,2014,4,1,1,2,180224,4,0,1,1,0,14,4
45762377,3607,1399,5,381,2010,9,1,5,3.5,126110,6,0,1,1,0,11,12
45732073,73313,1076,4,733,2020,4,1,1,2,21844,4,0,1,1,0,7,4
45770489,7840,1711.27272727273,0,871,2002,4,1,4,3,244800,6,0,0,1,0,12,6
45787895,15681,1701.21052631579,6,605,2004,4,1,4,3.5,170000,6,2,0,1,0,12,12
45809512,10202,502,7,145,2013,10,1,2,1.5,208533,4,0,1,1,0,12,4
45809599,51191,1017,3,293,2017,9,1,5,2,5000,4,0,1,1,0,14,4
45642725,4077,640,2,465,2013,9,1,2,2,320554,4,0,1,1,0,14,0
45810081,73131,784,3,293,2017,1,1,5,1.5,19217,4,0,1,1,0,2,4
45732769,16599,836,4,748,2010,9,1,5,2,209254,4,0,1,1,0,1,4
45647985,1725,1363,6,605,2012,4,1,1,4.6,180659,8,0,0,1,0,1,12
44989620,62722,1269,0,891,2008,4,1,5,3,19200,6,2,0,1,0,14,0
40729497,70,1888,0,87,2006,9,1,5,3,100000,6,0,2,1,0,1,5
45784594,18817,777,7,268,2014,9,1,5,2.5,104686,4,2,1,1,0,12,10
45808646,7213,924,7,832,2011,4,1,5,2.7,108398,4,0,0,1,0,12,12
45650116,5018,779,7,268,2013,9,1,2,2.5,190549,4,0,1,1,0,1,12
45809596,16900,502,7,145,2013,3,1,5,1.5,103017,4,0,1,1,0,8,4
45156953,21012,781,7,268,2012,9,1,5,2.5,84000,4,2,1,1,0,14,12
45730076,25889,528,4,387,2014,9,1,5,1.6,106724,4,0,1,1,0,14,4
45710047,21326,353,7,645,2015,3,0,2,1.8,198400,4,3,1,1,0,14,6
45797930,21326,781,7,268,2012,9,1,5,2.5,90000,4,2,1,1,0,14,0
45811317,13799,915,0,871,2014,4,1,1,3,230942,6,0,0,1,0,14,12
44063175,18000,1552,7,741,2015,7,0,2,1.5,0,4,0,1,1,1,14,2
45729765,27654,629,4,387,2015,9,1,1,1.6,100247,4,0,1,1,0,14,4
45809190,13946,502,7,145,2013,3,1,2,1.5,113400,4,0,1,1,0,2,4
45815060,549,585,7,298,2013,9,1,5,1.8,170922,4,0,1,1,0,14,12
45807473,784,586,6,191,2012,9,1,5,1.8,259229,4,0,2,1,0,14,12
45763382,43905,1249,7,680,2017,4,0,5,2.5,28800,4,2,0,1,0,14,16
45760767,6272,2297,6,507,2016,4,1,5,2,17584,8,0,0,1,0,1,0
45811322,314,1018,0,871,2011,4,1,1,3,207544,6,0,0,1,0,7,12
45768895,5802,1055,6,361,2013,9,1,1,3.5,107800,6,0,2,1,0,7,12
44527135,15053,1429.8433516297,6,357,2003,9,1,5,3.2,153000,6,0,2,1,1,12,10
45775480,7213,1599.33333333333,3,425,2004,3,0,5,1.3,198000,4,3,1,1,1,12,2
45813472,784,915,0,871,2014,4,1,5,3,145474,6,0,2,1,0,7,12
45809387,29087,694,1,289,2014,4,1,1,2.2,120309,4,0,1,1,0,14,4
45797802,19121,531,4,387,2012,9,1,5,1.6,180000,4,0,1,1,0,7,4
45803547,9722,765,4,748,2015,9,1,4,2,271695,4,0,1,1,0,8,4
45767091,8500,1429.8433516297,6,13,1995,6,0,1,2.9,2000,5,1,2,0,0,14,1
45732932,10036,891,4,748,2016,9,1,4,2,354569,4,0,1,1,0,8,4
45802811,57902,1079,4,733,2018,4,1,1,2,66790,4,0,1,1,0,1,4
45799445,18503,582.788167938931,7,643,2011,3,0,2,1.8,100000,4,3,1,1,0,14,8
45479836,14113,1507.30769230769,6,837,2005,7,0,1,2.2,0,4,1,2,2,0,14,4
45433925,14069,798,6,596,2015,4,1,1,2.1,52000,4,2,0,1,0,1,12
45648540,3763,1850,6,605,2008,4,1,1,3.5,366869,6,0,0,1,0,1,12
45801874,14069,687,4,387,2010,9,1,5,1.6,112417,4,0,1,1,0,12,4
45653522,8311,502,3,293,2013,9,1,2,1.5,144872,4,0,1,1,0,14,0
45764729,1725,585,5,258,2013,3,1,2,1.8,188194,4,0,1,1,0,1,0
45760596,784,781,2,409,2012,4,1,2,2.5,95349,4,0,1,1,0,2,0
45468078,7840,1533.25,2,799,2003,6,0,1,2,330000,4,1,1,1,0,14,0
45642454,862,394,7,268,2014,9,1,2,2.5,130478,4,0,1,1,0,14,12
45803047,33243,639,4,733,2014,4,1,1,2,172137,4,0,1,1,0,14,4
43285133,8154,642,2,452,2012,9,0,5,2,111284,4,0,1,1,0,2,12
45812809,18503,671.220851765392,7,643,2020,9,0,5,1.8,13000,4,0,1,1,0,14,4
45760360,12544,1533.25,2,799,2000,6,0,1,2.4,0,4,1,2,2,0,14,2
45786787,12858,893,4,547,2008,9,1,1,1.6,250000,4,1,1,1,0,1,8
45809840,11450,501,7,145,2014,3,1,5,1.5,133000,4,0,1,1,0,14,4
45770543,12000,761,7,643,2010,9,1,2,1.8,239179,4,0,1,1,0,12,12
45654368,392,831,4,748,2011,9,1,2,2.4,0,4,0,1,1,0,12,0
44704597,21953,1711.27272727273,0,871,2004,4,1,5,3,155087,6,2,0,1,0,1,12
45805714,11290,586,4,387,2012,9,0,5,1.8,204000,4,2,1,1,0,1,10
45525259,21012,1077,7,220,2019,4,1,5,2,19834,4,0,1,1,0,12,12
45651889,1019,1055,5,701,2013,4,1,2,3.5,138038,6,0,1,1,0,14,12
45224267,21012,565.416666666667,2,214,2015,9,0,2,2,0,4,0,1,1,0,1,8
45796832,16778,1024,4,526,2010,7,1,1,2.5,77102,4,0,1,1,0,1,4
45777424,15367,1185,2,465,2009,9,1,5,2.5,312000,4,0,1,1,0,12,6
45808029,10036,584,7,568,2005,3,0,5,1.5,170000,4,0,1,1,1,14,4
45797926,17942,583,4,387,2011,9,1,5,1.6,141881,4,0,1,1,0,14,4
44818234,21953,798.780396435111,4,529,2007,7,1,1,2.5,102000,4,0,2,1,0,1,2
45733152,17158,836,4,748,2010,9,1,5,2,173856,4,0,1,1,0,7,4
45796435,12858,529.21686746988,3,560,2010,3,0,2,1.3,145600,4,3,1,1,0,2,6
45811107,470,780,1,317,2019,9,1,5,1.4,17600,4,0,1,1,0,14,12
45646856,7213,919,0,871,2012,4,1,1,3,274098,6,0,0,1,0,14,0
45772514,627,1750,7,535,2008,4,1,2,3.3,277405,6,0,0,1,0,7,12
45619724,45787,1017,6,498,2017,4,1,5,2,44995,4,0,0,1,0,1,0
45520010,42337,779,7,157,2013,9,1,2,2.5,51543,4,2,1,1,0,12,12
45644176,20698,779,7,274,2013,9,1,5,2.5,102000,4,2,1,1,0,2,10
45803199,14113,765,4,748,2015,9,1,4,2,51865,4,0,1,1,0,12,4
45770012,2509,1017,6,498,2017,4,1,5,2,44477,4,0,1,1,0,2,0
45531846,19444,650,1,317,2016,9,0,5,1.4,61760,4,2,1,1,0,3,10
45793701,14113,625.709923664122,1,317,2011,9,0,5,1.8,98580,4,0,1,1,0,2,9
45812916,12000,741.884259259259,3,425,2010,3,0,2,1.3,155000,4,3,1,1,1,14,4
45756510,18503,503,7,651,2012,3,1,2,1.5,99922,4,2,1,1,0,14,12
45806248,7213,1338.90845620294,0,27,2000,9,1,0,1.9,215000,4,1,2,1,0,2,6
45022972,63850,1327,7,268,2018,9,1,5,2.5,43381,4,2,1,1,0,14,12
45801498,14454,530,4,387,2013,9,1,4,1.6,223849,4,0,1,1,0,12,4
45647930,11133,394,7,268,2014,9,1,2,2.5,179381,4,0,1,1,0,1,12
45801050,40142,1249,7,680,2017,4,0,5,2.5,28000,6,2,0,1,0,2,12
45801750,17885,687,4,387,2010,9,1,5,1.6,85576,4,0,1,1,0,12,4
45769206,16621,1172,6,361,2011,9,1,1,3.5,119379,6,0,0,1,0,12,12
45695879,22894,765,0,863,2015,4,1,5,2,98162,4,2,0,1,0,1,12
45797260,46534,1079,4,387,2018,9,1,5,2,22016,4,0,1,1,0,7,4
45121071,46728,1078.53623188406,6,605,2012,4,1,5,3.5,140600,6,2,0,1,0,14,12
45764530,9252,919,6,361,2012,9,1,1,3,171221,6,0,2,1,0,1,12
45730841,11099,836,4,522,2010,1,1,5,2,111849,4,0,1,1,0,14,4
45540350,17876,697,4,387,2015,9,0,5,1.8,115200,4,2,1,1,0,5,8
45802895,36827,640,4,733,2013,4,1,1,2,171755,4,0,1,1,0,12,4
45803944,19924,836,4,817,2010,4,1,1,2,51227,4,0,1,1,0,7,4
45809712,19579,503,7,145,2012,3,1,5,1.5,31770,4,0,1,1,0,12,4
45766405,1176,530,4,138,2013,9,1,5,1.6,167915,4,0,1,1,0,11,12
45779055,13172,994,7,643,2008,9,0,2,1.8,184000,4,3,1,1,0,11,6
45795945,4704,1529,0,30,1997,9,0,0,1.8,1000,4,1,2,1,0,2,0
45813427,4861,1018,0,94,2011,9,1,5,3,151099,6,0,0,1,0,3,12
45771202,5018,1624,6,361,2009,9,1,1,3.5,109139,6,0,2,1,0,1,12
45803372,10349,765,4,748,2015,9,1,4,2,86280,4,0,1,1,0,12,4
45649789,3450,607,7,268,2019,9,1,2,2.5,9626,4,0,1,1,0,1,12
45792551,10976,1195,2,799,2008,2,1,1,2.2,220000,4,1,1,1,0,2,6
45812865,15367,521,1,853,2011,3,1,6,1.4,360000,4,2,1,1,0,4,10
45656876,157,585,7,643,2013,3,1,2,1.8,169301,4,0,1,1,0,14,12
45733448,47989,1017,4,748,2017,9,1,5,2,15470,4,0,1,1,0,7,4
45773486,10349,1529,0,30,2004,9,0,5,2,233600,6,2,2,1,1,12,6
45808282,2352,586,4,387,2012,9,1,5,1.8,0,4,0,1,1,0,1,12
44044580,25089,1486.83333333333,0,118,2007,1,1,5,2,150000,8,2,2,0,0,7,8
45804591,23521,792.627815866797,4,748,2013,9,0,5,2.4,56000,4,2,1,1,0,7,8
45350525,49864,769.5,6,227,2013,9,1,5,2,80000,4,0,1,1,0,14,0
45633626,2587,382,2,465,2015,9,1,2,2,88795,4,0,1,1,0,1,0
45654556,20385,900,4,748,2015,9,0,5,2.4,110000,4,2,1,1,0,3,10
45789370,10663,1268,7,145,2012,3,0,2,1.5,65000,4,3,1,1,1,7,4
45622153,62722,1429.8433516297,6,246,2013,9,1,5,3.5,88000,6,2,2,1,0,12,10
43701144,30640,1507.30769230769,6,837,2007,7,1,1,3,250000,6,2,2,1,0,1,4
45730951,21442,707,4,522,2011,1,1,5,2,134000,4,0,1,1,0,1,4
45655623,392,308,7,643,2014,3,1,2,1.8,110112,4,0,1,1,0,14,12
44073904,23521,1507.30769230769,6,837,2006,7,0,1,2.2,226000,4,1,2,1,0,12,6
45757397,549,289,2,409,2008,4,1,2,0.4,451117,4,0,1,1,0,1,0
43789985,345,1500.5,7,583,2017,4,1,1,2.7,45000,6,2,0,1,0,1,8
45812578,13485,1429.8433516297,6,16,2006,9,1,5,2.5,210000,6,1,2,1,0,1,6
45776055,18503,582.788167938931,7,643,2010,3,1,4,1.8,280000,4,3,1,1,0,14,10
45780200,8467,872.02838865217,7,290,1999,1,0,5,1.8,167000,4,0,1,0,1,14,4
45761192,784,781,2,409,2012,4,1,2,2.5,95349,4,0,1,1,0,2,0
45732085,14069,1174,4,733,2020,4,1,1,2.2,8803,4,0,1,1,0,14,4
45766333,15681,584,4,387,2014,9,0,5,1.8,105000,4,0,1,1,0,2,6
45808257,1490,779,1,620,2013,9,1,5,2.5,164502,4,0,1,1,0,2,12
45811212,13172,888.488372093023,7,643,2008,9,0,2,1.6,0,4,0,1,1,0,12,6
45732156,44890,891,4,733,2016,4,1,1,2,120923,4,0,1,1,0,14,4
45175901,12388,629,4,139,2015,3,0,5,1.6,74204,4,0,1,1,0,14,6
43805159,37633,872.02838865217,7,306,2018,9,1,5,1.8,18000,4,2,1,1,0,12,12
44033210,20385,757.14552238806,7,268,2011,9,0,5,2.5,105632,6,2,1,1,0,7,6
45646554,5175,1055,6,605,2013,4,1,5,3.5,192533,6,0,0,1,0,14,12
45796523,17876,455.705882352941,7,651,2015,3,0,2,1.5,43000,4,0,1,1,0,7,8
45760312,26657,749,4,748,2014,9,1,5,2.4,89600,4,2,1,1,0,1,12
45770532,29793,891,4,387,2016,9,0,5,2,33000,4,0,1,1,0,7,12
45768081,220,259,1,853,2014,3,1,2,1.4,110958,4,0,1,1,0,1,0
45654577,24775,781,7,268,2012,9,1,2,2.5,82000,4,0,1,1,0,5,10
45793223,5175,687,1,317,2010,9,1,5,1.6,91500,4,0,1,1,0,14,4
45803478,11604,639,4,748,2014,9,1,4,2,291437,4,0,1,1,0,12,4
45811590,14069,2297,6,484,2016,4,1,5,2,62187,8,0,0,1,0,14,12
45770220,94,1017,4,387,2017,4,1,5,2,284251,4,0,1,1,0,7,12
45803257,10349,639,4,748,2014,9,1,4,2,128965,4,0,1,1,0,14,4
45757746,392,353,5,258,2015,3,1,2,1.8,115347,4,0,1,1,0,7,0
45783528,31361,2366.56363636364,5,517,2003,4,1,0,2,204000,8,0,0,1,0,1,8
45757640,15367,382,2,465,2015,9,0,2,2,100747,4,0,1,1,0,6,0
45797474,45436,1327,4,526,2018,10,1,1,2.5,45535,4,0,1,1,0,12,4
45792084,24462,582.788167938931,7,643,2012,3,0,2,1.8,136000,4,3,1,1,0,7,8
45604672,94,1599.33333333333,3,425,2003,3,0,5,1.3,175000,4,3,1,1,1,2,4
44238131,5645,1599.33333333333,3,425,2005,3,0,5,1.3,67000,4,0,1,1,1,15,4
45798467,24775,1711.27272727273,0,871,2005,4,1,1,3,200000,2,1,0,1,0,12,12
45797463,44843,1091,4,526,2016,10,1,1,2.5,110846,4,0,1,1,0,7,4
45730674,2822,481,2,465,2017,9,1,2,2,79578,4,0,1,1,0,1,12
45641753,1098,394,7,268,2014,9,1,2,2.5,398069,4,0,1,1,0,1,12
45815291,5018,779,7,680,2013,4,1,5,2.5,193960,4,0,1,1,0,7,12
45806895,14113,888.488372093023,7,643,2009,3,0,2,1.8,111111,4,2,1,1,0,6,4
45802140,18647,862,4,526,2011,10,1,1,2.5,242251,4,0,1,1,0,12,4
45786727,18189,1503,4,387,2013,9,1,5,1.8,16000,4,2,1,1,1,1,6
45812722,392,753,3,141,2012,9,1,5,2.4,201736,4,0,1,1,0,1,12
45803218,9418,765,4,748,2015,9,1,4,2,43514,4,0,1,1,0,14,4
45758133,470,2225,5,516,2017,4,1,5,4.6,69918,8,0,0,1,0,14,0
45771510,110,2225,5,516,2017,4,1,5,4.6,0,8,0,0,1,0,14,0
45809899,52520,1017,3,293,2017,9,1,5,2,23229,4,0,1,1,0,1,4
45640897,10820,919,0,871,2012,4,1,1,3,229966,6,0,0,1,0,1,0
45765721,9879,1018,6,361,2011,9,1,1,3,273186,6,0,2,1,0,14,12
45780604,13172,1533.25,2,799,2003,2,0,1,2,266000,4,1,1,0,0,12,0
45773342,470,382,2,465,2015,9,1,2,2,0,4,0,1,1,0,1,0
45444293,14069,872.02838865217,7,461,2017,4,1,5,2.7,17000,4,0,2,2,0,1,6
45767195,5645,862,0,73,1996,9,0,5,2,278000,6,1,2,1,0,6,5
45646890,1019,917,0,871,2013,4,1,1,3,137802,6,0,0,1,0,1,0
45801721,18798,583,4,387,2011,9,1,5,1.6,158000,4,0,1,1,0,14,4
45701953,11604,1018,2,409,2011,4,1,5,3,145000,6,0,0,1,0,1,6
45167460,17876,673.483990147783,4,387,2013,9,0,5,1.8,27000,4,2,1,1,0,12,12
45756955,11917,939.882352941176,7,849,2005,3,0,5,1.5,145000,4,3,1,1,1,7,2
45769753,32302,1604,6,361,2014,9,1,5,2,101424,8,0,0,1,0,7,12
45790432,50178,919,0,875,2012,4,1,1,3,118400,6,2,0,1,0,1,12
45809591,59313,784,3,425,2017,3,1,5,1.5,31000,4,0,1,1,0,2,4
45773699,21326,781,7,268,2012,9,1,5,2.5,126700,5,2,1,1,0,7,12
45732152,44523,891,4,733,2016,4,1,1,2,121121,4,0,1,1,0,14,4
45764673,27284,834,7,792,2013,4,1,5,2.7,397915,4,0,2,1,0,14,12
45774875,11917,862,7,566,2004,7,0,5,2.4,220000,4,0,1,1,1,12,4
45537432,27598,757.14552238806,7,268,2012,9,1,2,2.5,160000,4,0,1,1,0,7,4
45765863,549,831,2,448,2017,3,1,5,1.6,96088,4,0,1,1,0,14,12
45809392,26644,308,3,425,2015,10,1,2,1.5,35624,4,0,1,1,0,1,4
45732864,15681,891,4,748,2016,9,1,4,2,291105,4,0,1,1,0,12,4
45755265,11604,574,3,560,2010,3,0,5,1.3,209000,4,0,1,1,0,1,0
45786202,22894,585,7,643,2013,3,0,2,1.8,67700,4,0,1,1,0,14,10
45654696,39829,1292,6,502,2016,4,1,5,3,86189,6,0,0,1,0,2,0
45612330,19757,582.788167938931,7,643,2013,3,0,2,1.8,97000,4,0,1,1,0,12,10
45807586,5018,765,6,498,2015,4,1,5,2,93304,4,0,0,1,0,14,0
45761457,3,1338.90845620294,0,78,1995,9,0,5,2.8,128965,6,1,2,1,0,1,3
45760414,12231,2084,2,799,1999,6,0,1,2.5,400000,4,1,2,1,0,2,2
45793704,53314,966.724137931034,0,94,2015,9,1,5,3,93000,6,2,2,1,0,1,12
45714943,16308,697,4,387,2015,9,0,5,1.8,94561,4,2,1,1,0,2,6
45776854,10976,1429.8433516297,6,351,1999,9,1,0,2.8,111111,6,0,2,1,0,12,6
45772934,470,1017,6,355,2017,9,1,5,2,35874,4,0,0,1,0,1,12
45789202,15681,1515,6,184,2006,9,1,5,2.5,225000,6,1,2,1,0,1,8
45809067,9060,308,7,145,2015,3,1,2,1.5,166845,4,0,1,1,0,12,4
45776079,17249,1711.27272727273,0,871,2004,4,1,1,3,300000,6,2,0,1,0,1,8
45654492,8154,1750,5,696,2008,4,1,2,3.3,224629,6,0,0,1,0,12,12
45742180,30,1599.33333333333,3,425,2006,3,0,5,1.3,0,4,0,1,1,1,12,4
45646179,282,1598,6,605,2008,4,1,1,3,213998,6,0,0,1,0,12,12
45761535,8781,862,6,188,2001,9,1,5,2.4,400000,6,2,2,1,0,4,6
45813884,8154,1811,5,572,2010,9,1,5,4.6,175363,8,0,2,1,0,1,12
45802935,41221,891,4,733,2016,4,1,1,2,163401,4,0,1,1,0,2,4
45761618,25089,794.604651162791,7,298,2015,9,0,5,1.8,82000,4,0,1,1,0,6,6
42303965,14069,1714,6,502,2017,4,1,5,3.5,31000,6,2,0,1,0,7,12
45781777,19757,891,4,397,2016,9,0,5,2,44000,4,0,1,1,0,11,6
45621683,1646,1058,6,361,2012,9,1,1,3.5,240987,6,0,0,1,0,1,12
45656043,2509,1399,5,701,2010,4,1,2,3.5,315270,6,0,0,1,0,7,12
45804458,28532,836,4,817,2010,4,1,1,2,89043,4,0,1,1,0,3,4
45798715,14113,333,2,465,2014,9,1,2,2,27700,4,0,1,1,0,1,12
45793169,6743,760,1,317,2010,9,1,5,1.8,50221,4,0,1,1,0,14,4
45810112,13150,790,1,575,2009,9,1,5,1.6,111770,4,0,1,1,0,7,4
45810184,1960,765,0,84,2015,9,1,5,2,116691,4,0,0,1,0,1,12
45810066,59834,1079,3,293,2018,1,1,5,2,27176,4,0,1,1,0,14,4
45732873,15367,640,4,748,2013,9,1,5,2,31381,4,0,1,1,0,14,4
45809969,59837,831,3,293,2018,3,1,5,1.5,13048,4,0,1,1,0,7,4
45776563,4704,939.882352941176,7,849,2002,9,0,5,1.5,24685,4,1,0,0,1,14,2
45802215,40889,1091,4,526,2016,7,1,1,2.5,79911,4,0,1,1,0,1,4
45732722,10036,639,4,748,2014,9,1,4,2,128965,4,0,1,1,0,12,4
45813411,5959,579,7,157,2017,9,1,2,2.5,50517,4,0,1,1,0,14,12
45805021,7213,836,4,817,2010,4,1,1,2,130339,4,0,1,1,0,12,4
45809289,14950,501,3,425,2014,3,1,5,1.5,165000,4,0,1,1,0,2,4
45802532,67354,1110,4,733,2017,4,1,1,2.2,8088,4,0,1,1,0,2,4
45813848,5645,431,2,465,2016,9,1,2,2,82296,4,0,1,1,0,14,12
45798093,12287,790,4,387,2009,9,1,5,1.6,79355,4,0,1,1,0,12,4
45803308,5175,765,4,748,2015,9,1,4,2,537500,4,0,1,1,0,8,4
45762319,15681,888.488372093023,7,643,2008,9,0,5,2,128965,4,0,1,1,0,2,0
45793507,70,582.788167938931,7,643,2014,9,1,4,1.8,48000,4,3,1,1,0,14,6
45809717,5331,1823,2,794,2018,4,1,5,3.5,12824,6,0,0,1,0,14,12
45790470,15681,585,4,387,2013,9,0,5,1.8,96584,4,0,1,1,0,7,0
45656418,7213,919,0,871,2012,4,1,1,3,274098,6,0,0,1,0,14,0
45729803,27065,531,4,387,2012,9,1,5,1.6,70196,4,0,1,1,0,12,4
42328444,70,888.488372093023,7,643,2008,9,0,2,1.5,100000,4,0,1,1,0,1,4
45798314,18503,730,4,387,2016,9,1,4,1.6,28332,4,0,1,1,0,12,4
45764399,188,289,2,409,2008,9,1,2,0.4,209843,4,0,1,1,0,7,0
45787908,21639,779,7,268,2013,9,1,5,2.5,88000,5,2,1,1,0,1,16
45792865,68994,1411.91666666667,6,492,2012,4,1,5,2,96000,8,2,0,1,0,1,8
45454791,28852,585,6,197,2013,9,1,5,1.8,111000,4,2,2,1,0,1,12
45808066,17249,1759,2,802,2006,6,0,1,2.4,190000,5,1,2,0,0,14,5
45810075,42557,1091,1,559,2016,9,1,5,2.5,87722,4,0,1,1,0,1,4
45810505,15681,694,2,799,2014,6,0,1,2.2,168000,4,1,1,0,0,14,0
45637390,4704,1338.90845620294,0,82,1996,9,1,5,2.5,232000,6,1,2,1,0,6,4
45801212,14069,1823,0,588,2018,9,1,5,3.5,3900,12,1,2,1,0,1,16
45793629,5802,1282,1,289,2007,4,1,1,2,72816,5,0,1,1,0,12,4
45732654,16308,891,4,748,2016,9,1,4,2,240573,4,0,1,1,0,14,4
45804877,61894,1077,4,817,2019,4,1,1,2,6109,4,0,1,1,0,12,4
45803622,7317,1024,4,526,2010,7,1,1,2.5,71517,4,0,1,1,0,15,4
45809876,16041,585,1,317,2013,9,1,5,1.8,122555,4,0,1,1,0,1,4
45806198,10976,1429.8433516297,6,718,2002,9,1,5,4.3,29000,8,0,2,1,0,1,10
45809225,51965,1273,2,794,2015,9,1,5,3.5,56476,4,0,1,1,0,1,4
45751555,1960,1202,1,407,2017,4,1,5,2.4,115573,4,0,1,1,0,14,12
45766394,784,781,2,409,2012,4,1,2,2.5,95349,4,0,1,1,0,2,0
45766704,392,585,7,643,2013,9,1,2,1.8,114526,4,0,1,1,0,14,12
45802255,36899,777,4,526,2014,7,1,1,2.5,105461,4,0,1,1,0,7,4
45603341,14426,382,7,651,2017,3,1,2,1.5,26724,4,2,1,1,0,2,12
45811036,220,345,1,853,2016,3,1,2,1.5,125018,4,0,1,1,0,14,12
44397422,8000,1682.5,6,722,2009,9,1,5,2,1000,8,2,2,1,0,1,8
45642466,31361,2959,7,576,2001,4,0,4,2,250000,8,0,0,1,0,14,8
45802731,21395,769,4,733,2011,4,1,1,2.2,166226,4,0,1,1,0,12,4
45807749,73698,1104,0,112,2015,9,1,5,3,43000,6,2,2,1,0,7,12
45662043,2509,574,3,560,2010,3,1,2,1.3,210758,4,0,1,1,0,12,0
45816567,16308,1429.8433516297,6,357,2002,9,1,5,3.2,189000,6,2,2,1,0,1,6
45757619,314,862,2,465,2011,9,1,5,2.5,325917,4,0,1,1,0,2,12
45803891,24543,642,4,817,2012,4,1,1,2,151995,4,0,1,1,0,7,4
45808900,16766,528,1,162,2014,9,1,5,1.6,32750,4,0,1,1,0,14,4
45777027,33243,540.146341463415,5,258,2014,3,1,2,1.8,157000,4,0,1,1,0,7,12
45766640,1882,442,7,643,2017,9,1,2,1.8,47672,4,0,1,1,0,14,12
45793991,13799,658,3,560,2009,9,0,2,1.3,65000,4,0,1,1,0,11,12
45653158,13328,1399,5,701,2010,4,1,2,3.5,186005,6,0,0,1,0,12,12
45804123,28241,836,4,817,2010,4,1,1,2,138015,4,0,1,1,0,14,4
45797714,14740,1347,4,526,2008,7,1,1,2.5,66558,4,0,1,1,0,1,4
45788510,19757,1701.21052631579,6,605,2006,4,1,0,3.5,114000,6,2,0,1,0,12,12
45768606,282,1058,2,794,2012,9,1,5,3.5,130544,6,0,0,1,0,7,12
45802283,47217,1249,4,526,2017,10,1,1,2.5,112523,4,0,1,1,0,7,4
45805669,7840,720.051834985287,1,635,2007,4,1,5,1.7,11000,4,1,0,1,0,1,6
45805461,17876,565.416666666667,2,214,2013,3,0,2,2,160000,4,3,1,1,0,7,10
45654628,392,690,5,701,2016,4,1,2,3.5,27038,6,0,0,1,0,14,12
45808894,10697,583,1,162,2011,9,1,5,1.6,125837,4,0,1,1,0,1,4
45175819,21796,481,2,465,2017,9,0,2,2,18839,4,0,1,1,0,11,8
45767637,392,585,7,643,2013,9,1,2,1.8,114526,4,0,1,1,0,14,12
45766769,1490,456,7,268,2015,9,1,2,2.5,492619,4,0,1,1,0,1,12
45811786,11917,777,7,268,2014,9,1,5,2.5,73000,5,2,1,1,0,1,12
45770105,4861,1058,6,361,2012,9,1,1,3.5,128202,6,0,2,1,0,1,12
45802221,42152,1091,4,526,2016,7,1,1,2.5,61000,4,0,1,1,0,7,4
45782176,17876,585,5,258,2013,3,1,2,1.8,267015,4,2,1,1,0,12,12
45809353,13065,447,3,425,2013,10,1,5,1.3,39693,4,0,1,1,0,14,4
45803058,52357,1017,4,733,2017,4,1,1,2,70800,4,0,1,1,0,12,4
45781490,6300,1338.90845620294,0,120,1990,9,1,5,3,300000,6,1,2,1,0,7,0
45809563,19378,585,3,293,2013,9,1,5,1.8,170000,4,0,1,1,0,14,4
45803581,13799,1017,4,748,2017,9,1,4,2,305023,4,0,1,1,0,8,4
45810021,52959,1533,1,559,2016,9,1,5,3.6,73960,4,0,1,1,0,1,4
45763862,23521,455.705882352941,7,651,2012,3,1,5,1.5,152000,4,2,1,1,0,14,8
45730724,706,503,3,293,2012,9,1,2,1.5,75654,4,0,1,1,0,2,12
44319396,9408,746,7,643,2009,3,0,5,1.5,147000,4,3,1,1,0,14,10
45763985,392,1514,5,517,2011,9,1,5,4.6,202048,8,0,0,1,0,14,0
45811196,15681,1832,6,837,2005,7,0,1,2.2,237000,4,1,2,1,0,12,4
45804913,18312,707,4,817,2011,4,1,1,2,189414,4,0,1,1,0,1,4
41976837,14069,1020.57819905213,0,871,2015,4,1,1,3,31100,6,2,0,1,0,14,8
45815907,1568,749,4,748,2014,9,1,5,2.4,127906,4,0,1,1,0,2,12
45802574,48202,765,4,733,2015,4,1,1,2,51651,4,0,1,1,0,1,4
45797108,13589,531,4,387,2012,9,1,5,1.6,218000,4,0,1,1,0,7,4
45661461,392,690,5,696,2016,4,1,2,3.5,27038,6,0,0,1,0,14,12
45656267,470,441,4,748,2015,9,1,2,2.4,135730,4,0,1,1,0,12,0
45642433,784,394,7,268,2014,9,1,2,2.5,102397,4,0,1,1,0,1,12
45816476,14069,1429.8433516297,6,710,2015,9,1,1,3.5,71500,6,0,2,1,0,1,16
45810516,21940,642,1,639,2012,4,1,1,2,160000,4,0,1,1,0,7,4
45747977,9095,1236,3,425,2011,3,1,2,1.3,123000,4,0,1,1,1,6,5
45490558,6272,819.6,3,293,2001,9,0,5,1.5,111111,4,0,1,1,1,14,4
45769434,9408,585,4,387,2013,4,1,5,1.8,207606,4,0,1,1,0,7,12
45777730,5331,1529,0,30,1998,9,1,5,1.8,256837,4,0,2,1,1,6,5
45761282,627,475,1,853,2012,4,1,2,1.4,188419,4,0,1,1,0,11,0
45788554,13485,1690.85714285714,6,769,2005,6,0,1,2.2,0,4,1,2,0,0,14,2
45757682,5488,690,2,465,2016,9,1,5,1.5,70566,4,0,1,1,0,14,12
42877798,31361,1296,7,70,2004,4,0,4,2,204000,8,0,0,1,0,1,4
45617942,3450,1055,6,361,2013,9,1,1,3.5,107800,6,0,2,1,0,7,12
45763342,220,753,4,817,2012,4,1,5,2.4,221126,4,0,1,1,0,1,0
45640890,8624,915,0,871,2014,4,1,1,3,0,6,0,0,1,0,1,0
45649850,627,1360,5,516,2013,4,1,5,4.6,243467,8,0,0,1,0,14,0
45770044,12544,1750,7,535,2008,9,1,2,3.3,334414,6,0,0,1,0,14,12
44915341,17562,582.788167938931,7,643,2011,3,0,2,1.8,155000,4,0,2,1,0,7,0
45781859,17249,781,7,268,2012,9,1,5,2.5,99000,4,2,1,1,0,1,10
45797843,18826,528,4,387,2014,9,1,1,1.6,111232,4,0,1,1,0,14,4
45758689,30734,1338.90845620294,0,60,2011,1,1,5,3,230000,6,2,2,0,0,1,8
45768937,1019,1736,0,107,2010,3,1,5,4.4,107344,8,0,2,1,0,1,12
45732839,9252,765,4,748,2015,9,1,4,2,455579,4,0,1,1,0,8,4
45646908,784,917,0,871,2013,9,1,1,3,0,6,0,0,1,0,1,0
45815105,30420,891,4,817,2016,4,1,5,2,23000,4,2,1,1,0,1,8
45816478,10192,1429.8433516297,6,165,2006,9,1,5,1.7,98000,4,2,1,1,0,14,6
45599347,18817,501,2,465,2014,9,0,5,1.5,68800,4,2,1,1,0,14,12
45798261,4500,1529,0,30,1997,9,1,5,1.6,3100,4,1,2,1,0,11,4
45776843,16935,741.884259259259,3,425,2014,3,1,5,1.5,185000,4,0,1,1,1,7,8
45806644,5175,924,7,832,2011,4,1,5,2.7,201570,4,0,1,1,0,7,12
45642685,706,394,7,268,2014,9,1,2,2.5,115312,4,0,1,1,0,7,12
45804300,23521,584,6,191,2014,9,1,5,1.8,156682,4,0,2,1,0,14,0
45729907,27033,831,4,387,2017,9,1,4,1.6,137929,4,0,1,1,0,14,4
45646930,10349,1018,0,871,2011,4,1,1,3,332243,6,0,0,1,0,1,0
45812730,4861,1202,3,141,2017,9,1,5,2.4,66366,4,0,1,1,0,11,12
45642365,18817,609,7,268,2018,9,1,2,2.5,35058,4,0,1,1,0,14,12
45781567,18189,798.697674418605,0,50,2011,1,1,5,3,164000,6,0,0,0,0,2,12
45812752,314,1869,1,815,2019,9,1,5,3.6,37480,6,0,1,1,0,7,12
45770529,27598,891,4,387,2016,9,0,5,2,70000,4,0,1,1,0,14,10
45664435,25716,915,0,871,2014,4,1,1,3,141384,6,0,0,1,0,2,0
45767331,4547,475,1,853,2012,3,1,2,1.4,162190,4,0,1,1,0,2,0
45761900,7213,1599.33333333333,3,425,2004,3,0,5,1.3,15200,4,0,1,1,1,12,4
45732744,10349,639,4,748,2014,9,1,4,2,406314,4,0,1,1,0,14,4
45784219,17876,582.788167938931,7,643,2010,9,1,5,1.8,185000,4,3,1,1,0,5,0
45772768,30734,1053,6,361,2014,9,1,1,3.5,200179,6,0,0,1,0,1,12
45809728,22502,502,7,145,2013,3,1,5,1.5,93810,4,0,1,1,0,14,4
45426767,13172,475,1,317,2012,9,0,5,1.4,95000,4,0,2,1,0,12,12
45812701,11760,781,1,317,2018,9,1,5,1.4,43658,4,0,1,1,0,7,12
45730122,24709,528,4,387,2014,9,1,5,1.6,54734,4,0,1,1,0,12,4
45815091,10000,939.882352941176,7,849,2006,3,0,5,1.3,95000,4,0,1,1,1,12,2
45733571,42692,765,4,748,2015,9,1,5,2,59150,4,0,1,1,0,7,4
45732995,22273,891,4,748,2016,9,1,4,2,136500,4,0,1,1,0,1,4
45648138,4077,753,4,748,2012,9,1,2,2.4,259934,4,0,1,1,0,11,0
45813189,4704,382,2,465,2015,9,1,2,2,148709,4,0,1,1,0,11,12
45809224,15530,503,7,145,2012,3,1,2,1.5,121430,4,0,1,1,0,1,4
45798934,25089,1391,6,251,2012,9,1,5,2,177394,8,2,2,1,0,7,14
36894968,50,749.991967871486,7,145,2013,3,0,2,1.3,120000,4,0,1,1,1,14,8
45802899,23408,836,4,733,2010,4,1,1,2,151000,4,0,1,1,0,14,4
45764704,220,1194,7,792,2013,4,1,5,4,239342,6,0,0,1,0,12,12
45794330,18817,582.788167938931,7,643,2013,9,0,2,1.8,130000,6,0,1,1,0,12,12
45769706,470,1750,7,535,2008,4,1,2,3.3,182024,6,0,0,1,0,1,12
45804657,12544,1681,0,35,2001,9,1,5,2.2,128965,6,2,2,1,0,12,8
45809990,55823,1222.57819905213,6,361,2014,9,1,5,3.5,74000,6,2,0,1,0,12,12
45779354,29793,540.146341463415,5,258,2014,3,1,2,1.8,66000,4,0,1,1,0,14,12
45807346,35438,1360,6,722,2013,9,1,5,4.6,197221,8,0,0,1,0,12,0
45751087,21953,1507.30769230769,6,837,2008,7,0,1,2.2,0,4,1,1,1,1,12,0
45435648,11290,765,2,452,2015,9,0,5,2,100000,4,0,1,1,0,2,12
43398221,43592,656,7,157,2015,9,1,2,2.5,66000,4,0,1,1,0,1,12
45792092,17249,798.697674418605,0,50,2010,9,1,5,3,190000,6,2,2,1,0,1,8
45638146,157,640,2,465,2013,9,1,2,2,215965,4,0,1,1,0,1,0
45767911,392,645,7,643,2011,4,1,2,1.8,146184,4,0,1,1,0,14,12
45781233,25089,891,4,387,2016,9,0,5,2,161600,4,2,1,1,0,14,11
45188389,14069,1079,6,355,2018,9,1,5,2,21000,4,0,2,1,0,1,0
45767378,3293,761,7,643,2010,4,1,2,1.8,0,4,0,1,1,0,14,12
45646885,11133,394,7,268,2014,9,1,2,2.5,179381,4,0,1,1,0,1,12
44864236,19130,757.14552238806,7,268,2010,9,0,5,2.5,264000,4,2,1,1,0,1,0
45730161,25591,528,4,387,2014,9,1,5,1.6,71627,4,0,1,1,0,7,4
45221813,7840,2570,6,168,2008,3,1,5,1.7,87000,4,2,1,1,1,1,12
45803290,5645,891,4,748,2016,9,1,4,2,128965,4,0,1,1,0,8,4
45801367,13172,888.488372093023,7,643,2007,3,0,2,1.5,144000,4,3,1,1,1,12,6
45760699,9879,382,1,853,2017,3,1,2,1.5,115658,4,0,1,1,0,1,12
45809149,4936,447,3,425,2013,3,1,5,1.3,120417,4,0,1,1,0,12,4
45621866,18503,749,4,748,2014,9,0,5,2.4,148800,4,2,1,1,0,1,6
45598601,25089,757.14552238806,7,268,2012,9,1,2,2.5,12000,6,0,1,1,0,1,12
45802799,22843,642,4,733,2012,4,1,1,2,174712,4,0,1,1,0,12,4
45782116,10976,1271.22222222222,7,268,2009,9,0,2,2.4,140000,4,0,1,1,0,6,8
45804815,34240,639,4,817,2014,4,1,1,2,117436,4,0,1,1,0,14,4
45730889,15458,836,4,522,2010,1,1,5,2,93238,4,0,1,1,0,14,4
45651139,17562,1017,6,498,2017,4,1,5,2,109608,4,0,1,1,0,14,0
45776053,18817,552,2,452,2017,9,0,5,1,33600,3,0,1,1,0,1,8
45803369,13423,707,4,748,2011,9,1,5,2,64666,4,0,1,1,0,14,4
45794242,40456,431,2,465,2016,9,1,6,2,44445,4,0,1,1,0,12,12
45798629,9408,1429.8433516297,6,717,1999,9,1,5,2,10000,8,0,2,1,0,6,12
45809491,37301,595,3,425,2015,3,1,5,1.5,28792,4,0,1,1,0,1,4
45802397,19441,1024,4,526,2010,7,1,1,2.5,223603,4,0,1,1,0,12,4
41962293,37633,1302,0,594,2007,1,1,5,2,187500,10,2,2,0,0,1,12
45802653,33243,765,4,733,2015,4,1,1,2,164997,4,0,1,1,0,1,4
45646046,18817,609,7,268,2018,9,1,2,2.5,35058,4,0,1,1,0,14,12
45772370,69935,1646,5,517,2015,4,1,5,4.6,273493,8,0,0,1,0,12,0
45798071,14069,687,4,387,2010,9,1,5,1.6,112417,4,0,1,1,0,12,4
45793390,15681,1429.8433516297,6,336,2008,9,1,1,2.2,0,4,0,2,1,0,0,8
45767466,12074,1537,7,535,2009,4,1,2,3.3,420550,6,0,0,1,0,2,12
45748709,30,1599.33333333333,3,425,2006,3,0,5,1.3,0,4,0,1,1,1,1,4
45660194,220,1399,5,701,2010,4,1,2,3.5,317470,6,0,0,1,0,7,12
45812700,6899,1338.90845620294,0,27,1994,9,1,5,1.6,308910,4,1,2,1,0,4,2
45814693,10036,1599.33333333333,3,425,2004,3,0,5,1.5,124234,4,3,1,1,1,12,2
45813259,627,1714,5,694,2017,4,1,5,3.5,50914,6,0,1,1,0,14,12
44525166,19761,862,7,268,2011,9,1,5,2.5,155200,4,2,1,1,0,7,12
45782470,8154,1599.33333333333,3,425,2005,9,0,5,1.5,223000,4,2,1,1,1,7,5
45810859,19757,1832,6,769,2005,6,1,1,2.2,117000,4,1,2,0,0,14,2
45782229,26657,757.14552238806,7,268,2013,9,1,2,2.5,170000,4,0,1,1,0,0,0
42219676,350,971.138888888889,6,201,2019,9,1,5,3,2000,8,2,2,1,0,14,12
45761100,784,431,2,465,2016,9,1,2,2,89202,4,0,1,1,0,1,12
45810313,1000,1429.8433516297,6,331,1999,9,0,1,1.2,111111,4,1,1,0,0,1,0
45815107,2352,986,7,268,2010,9,1,2,2.4,129170,4,0,1,1,0,1,12
45644429,3136,781,7,268,2012,9,1,2,2.5,159379,4,0,1,1,0,14,12
45759873,39201,1811,5,516,2010,4,1,5,4.6,155821,8,0,0,1,0,1,0
45504018,11604,2467,0,56,2001,9,0,5,3,168000,6,1,2,1,0,2,4
44149646,34497,1325,7,283,2019,9,1,5,2.5,19050,4,0,1,1,0,12,12
43375565,8154,1599.33333333333,3,425,2003,9,0,5,1.5,189000,4,2,1,1,1,12,4
45763319,74953,2418,6,728,2018,9,1,5,2,29819,8,0,2,1,0,1,12
45810580,15423,642,1,639,2012,4,1,1,2,229056,4,0,1,1,0,11,4
45765512,314,1017,6,355,2017,9,1,5,2,26802,4,0,2,1,0,1,12
45769667,14269,1324,7,535,2010,4,1,2,3.3,300366,6,0,0,1,0,2,12
45617958,188,1053,6,361,2014,9,1,1,3.5,67232,6,0,0,1,0,12,12
45787844,47042,1273,5,694,2015,4,1,5,3.5,90680,6,0,0,1,0,1,16
45794908,12544,1599.33333333333,3,425,2009,3,0,5,1.5,240000,4,1,1,1,0,11,4
45816086,16308,1273,4,733,2020,9,1,5,2.4,15149,4,0,0,1,0,14,12
45807044,26657,1057.78571428571,7,274,2012,9,1,5,2.5,144000,4,2,1,1,0,1,4
45648168,282,753,4,748,2012,9,1,2,2.4,226814,4,0,1,1,0,1,0
45429599,22580,640,2,214,2013,3,1,6,2,60000,4,0,2,1,0,7,10
45760133,34497,826.8,6,837,2010,7,0,1,2.2,315000,8,1,2,1,0,14,4
45761195,314,862,2,409,2011,4,1,2,2.5,130306,4,0,0,1,0,6,0
42032006,50,1529,0,30,2003,1,0,5,1.8,220000,4,2,2,0,1,12,8
45622885,9722,1268,7,150,2012,3,0,2,1.5,150000,4,2,1,1,1,2,2
45813676,2979,919,6,605,2012,4,1,1,3,180251,6,0,0,1,0,14,12
45802806,51373,765,4,733,2015,4,1,1,2,94090,4,0,1,1,0,12,4
45809885,14884,707,1,317,2011,9,1,1,2,162001,4,0,1,1,0,14,4
45815337,282,1327,7,680,2018,4,1,5,2.5,61742,4,0,0,1,0,1,12
45285333,6115,1446.97098646035,3,312,1999,4,0,0,2,275200,4,1,0,1,1,1,2
45796993,30583,777,4,526,2014,7,1,1,2.5,120309,4,0,1,1,0,1,4
45781814,4077,1529,0,30,1995,9,0,5,1.8,300000,4,1,2,1,0,1,2
45773515,15053,1271.22222222222,7,268,2007,9,0,4,2.4,144000,4,0,1,1,0,0,6
45816512,6899,1529,0,30,1998,9,0,5,1.9,1000,4,1,2,1,0,1,0
44255014,13485,1533.25,2,799,2004,2,0,1,2,132000,4,1,1,1,0,12,1
45633841,15994,1104,0,871,2015,4,1,5,3,204461,6,0,0,1,0,14,0
45732653,16308,431,4,748,2016,9,1,2,2,251768,4,0,1,1,0,14,4
45803482,11290,891,4,748,2016,9,1,4,2,292837,4,0,1,1,0,12,4
45796001,11917,888.488372093023,7,643,2007,9,0,2,1.5,336000,4,0,1,1,0,1,8
45810060,16869,503,7,145,2012,3,1,5,1.5,157000,4,0,1,1,0,1,4
45644471,4861,333,2,465,2014,9,1,2,2,124493,4,0,1,1,0,14,0
45804043,48534,877,4,817,2017,4,1,1,1.7,45331,4,0,1,1,0,2,4
45758347,21639,794.604651162791,7,298,2014,9,0,5,1.8,143000,4,0,1,1,0,4,10
45801368,8938,781,2,465,2012,9,0,2,2.5,256000,4,3,1,1,0,14,8
40570099,50,645,7,556,2007,7,0,5,2,250000,4,2,1,1,1,14,2
45774627,16308,730,2,409,2016,4,0,5,1.6,0,4,0,0,1,0,14,0
44879405,18817,673.483990147783,4,387,2014,9,0,5,1.8,150400,6,2,1,1,0,4,6
45809301,4861,697,7,298,2015,9,1,5,1.8,152630,4,0,1,1,0,14,12
45781835,40,582.788167938931,7,643,2010,9,0,2,1.8,18000,4,0,1,1,0,14,0
45760625,8781,988,7,643,2007,3,0,2,1.5,154000,4,0,1,1,0,2,12
45775120,12544,872.02838865217,7,850,2008,3,0,5,1.3,112000,4,3,1,1,1,12,4
45805984,20071,585,7,665,2013,3,0,2,1.8,147000,4,3,1,1,0,12,6
45770358,392,1017,6,355,2017,9,1,5,2,1600,4,0,2,1,0,1,12
45810582,14834,642,1,639,2012,4,1,1,2,218525,4,0,1,1,0,7,4
45775764,20385,1429.8433516297,6,357,2003,9,1,0,3.2,136000,6,2,2,1,0,12,10
45305374,26971,1078.53623188406,6,605,2010,4,1,5,3.5,216600,6,2,2,1,0,0,0
45770469,9408,1848,6,335,1999,9,0,1,2.2,3000,4,0,2,1,0,12,6
45750149,50,1599.33333333333,3,425,2005,3,0,5,1.3,150000,4,0,1,1,1,12,2
45802821,32340,642,4,733,2012,4,1,1,2,138013,4,0,1,1,0,14,4
45798177,11368,1047,4,387,2007,9,1,5,1.6,139000,4,0,1,1,0,12,4
45760129,862,690,3,425,2016,4,1,5,1.5,31869,4,0,1,1,0,1,0
45758924,14113,475,1,317,2012,9,1,5,1.4,104000,4,2,1,1,0,12,12
44703182,21796,781,7,279,2012,9,1,2,2.5,98298,4,0,1,1,0,7,8
45650206,470,1018,6,605,2011,4,1,1,3,275862,6,0,0,1,0,12,12
44806340,29793,1058,6,361,2012,9,1,5,3.5,56277,6,2,0,1,0,14,12
45811259,15367,673.483990147783,4,387,2012,9,0,5,1.8,100000,4,0,2,1,0,1,8
45807252,549,502,3,425,2013,3,1,5,1.5,119213,4,0,1,1,0,2,12
45715432,12544,586,4,387,2012,9,1,5,1.8,0,4,2,1,1,0,7,10
45309715,19130,751,4,754,2013,9,1,5,2.4,107200,4,2,1,1,0,0,8
45782566,14426,1347,2,409,2008,4,1,2,2.5,148800,4,0,0,1,0,6,6
45782253,60,2467,0,56,2007,1,1,5,3,157800,8,2,0,0,0,12,8
45810672,8154,1119.75,7,298,2003,3,0,5,1.6,128965,4,1,1,1,1,7,4
45381193,30734,831,4,819,2017,4,0,5,1.6,28897,4,0,0,1,0,7,10
45437485,28852,844.645161290323,2,409,2015,4,1,5,1.6,123000,4,0,1,1,0,7,0
45794284,25089,1451.8,7,680,2008,4,0,1,2.2,150000,4,1,0,1,0,7,8
45654199,157,1058,6,605,2012,4,1,1,3.5,245762,6,0,0,1,0,1,12
45797163,42218,1091,4,526,2016,7,1,1,2.5,96334,4,0,1,1,0,7,4
45619251,188,1053,6,361,2014,9,1,1,3.5,67232,6,0,0,1,0,12,12
45656016,470,586,7,643,2012,3,1,2,1.8,373634,4,0,1,1,0,14,12
45730964,17249,1141,4,522,2012,9,1,5,3.8,94055,4,0,1,1,0,12,4
45805179,36068,1017,4,817,2017,4,1,1,2,140004,4,0,1,1,0,2,4
45803591,13172,891,4,748,2016,9,1,4,2,488038,4,0,1,1,0,8,4
45801517,21395,730,4,387,2016,9,1,4,1.6,138241,4,0,1,1,0,7,4
45789581,17876,582.788167938931,7,643,2011,9,0,2,1.8,100006,4,0,1,1,0,14,10
45814855,3920,779,7,268,2013,9,1,5,2.5,308694,4,0,1,1,0,7,12
45800795,18817,271,7,643,2014,3,1,2,1.5,89986,4,0,1,1,0,7,0
45789625,21953,1268.31428571429,4,526,2007,6,1,1,2.4,84000,4,1,2,1,0,14,2
45666415,26030,585,6,193,2013,9,1,5,1.8,83500,4,2,2,1,0,7,12
45656030,188,308,7,643,2014,3,1,2,1.8,146019,4,0,1,1,0,14,12
45772846,26030,985.7,5,549,2010,9,1,5,2.5,117000,6,2,2,1,0,1,12
45620702,10820,862,7,566,2002,7,0,5,2.4,110000,4,0,1,1,1,12,8
45788433,19914,582.788167938931,7,643,2012,3,0,2,1.8,212800,4,3,1,1,0,12,0
38196506,30,888.488372093023,7,643,2009,3,1,2,1.5,80000,4,3,1,1,0,2,12
45811228,706,934,7,680,2015,4,1,5,2.5,99616,4,0,0,1,0,12,12
44972636,100,943.727272727273,5,531,2011,9,1,2,2.4,150000,4,0,1,1,0,2,10
45797819,11604,781,7,269,2012,9,1,2,2.5,87725,4,2,1,1,0,11,10
45730747,20297,531,4,387,2012,9,1,5,1.6,165000,4,0,1,1,0,14,4
45770934,29793,1053,6,361,2014,9,1,1,3.5,219030,6,0,0,1,0,1,12
45788617,13328,490,3,560,2011,3,0,2,1.3,172997,4,3,1,1,0,2,6
45767548,9565,1058,7,535,2012,4,1,5,3.5,285186,6,0,1,1,0,7,12
45769103,18660,582.788167938931,7,643,2013,9,0,2,1.8,71257,4,0,1,1,0,14,7
45798274,68994,1078.53623188406,6,605,2014,4,1,1,3.5,207568,6,2,0,1,0,7,10
45797694,19707,531,4,387,2012,9,1,5,1.6,123000,4,0,1,1,0,12,4
44904240,28068,1017,4,819,2017,4,0,5,2,31241,4,0,1,1,0,2,10
44077380,27598,595.03007518797,2,465,2013,9,1,2,2,181000,4,0,1,1,0,12,4
45773361,3763,518,7,268,2016,4,1,2,2.5,39741,4,0,1,1,0,1,12
45810096,34387,1091,1,559,2016,9,1,5,2.5,161350,4,0,1,1,0,12,4
45449597,28225,2505,0,879,2013,4,1,5,3,119700,6,2,0,1,0,7,12
45803843,20814,642,4,817,2012,4,1,1,2,171996,4,0,1,1,0,7,4
45809916,11992,642,1,317,2012,9,1,1,2,227073,4,0,1,1,0,7,4
45813298,25716,1935,5,572,2016,9,1,5,4.6,45845,8,0,2,1,0,3,12
45805005,30,888.488372093023,7,643,2007,9,0,2,1.5,3200,4,0,1,1,0,14,0
45768816,470,353,7,643,2015,3,1,2,1.8,188067,4,0,1,1,0,1,12
45721345,15367,741.884259259259,3,425,2013,3,0,2,1.5,163000,4,0,1,1,1,13,2
45798474,15367,792.627815866797,4,748,2010,9,0,5,2.4,127000,4,2,1,1,0,14,0
45646014,706,394,7,268,2014,9,1,2,2.5,115312,4,0,1,1,0,7,12
45755034,1882,518,7,157,2016,9,1,2,2.5,55096,4,0,1,1,0,2,0
45768365,17249,640,2,214,2013,3,0,2,2,204010,4,0,1,1,0,1,0
45793307,5645,1082.27272727273,6,182,1995,9,0,5,2.2,310000,4,1,2,1,0,1,4
45802351,24559,777,4,526,2014,7,1,1,2.5,68578,4,0,1,1,0,12,4
45664740,1176,753,4,748,2012,9,1,2,2.4,0,4,0,1,1,0,11,0
45809784,26033,271,7,145,2014,10,1,2,1.5,38311,4,0,1,1,0,1,4
45809460,3136,751,1,407,2013,4,1,5,2.4,168179,4,0,1,1,0,7,12
45085831,22266,565.416666666667,2,214,2014,3,1,6,2,102000,4,2,1,1,0,0,6
45653500,706,490,3,560,2011,3,1,2,1.3,288704,4,0,1,1,0,14,0
45805934,17876,582.788167938931,7,643,2010,9,0,5,1.8,200000,4,0,1,1,0,12,8
45766621,470,1024,7,268,2010,9,1,5,2.5,0,4,0,1,1,0,11,12
45813507,2666,1018,0,57,2011,1,1,5,3,69950,6,0,2,0,0,2,12
45788601,24462,1266.6,2,630,2011,1,1,5,3.7,132000,6,0,2,0,1,7,7
45766771,627,751,1,407,2013,4,1,5,2.4,160242,4,0,1,1,0,1,12
45732159,29166,640,4,733,2013,4,1,1,2,53240,4,0,1,1,0,7,4
45690709,10036,1267,7,150,2013,3,0,2,1.5,117000,4,0,1,1,1,14,6
45801408,13589,528,4,138,2014,9,1,1,1.6,143000,4,0,1,1,0,14,4
45809572,25243,501,3,425,2014,3,1,5,1.5,28300,4,0,1,1,0,12,4
45732668,12720,836,4,748,2010,9,1,5,2,111293,4,0,1,1,0,12,4
45414140,12231,749.991967871486,7,145,2013,3,0,2,1.5,185000,4,3,1,1,1,14,2
45812666,470,780,1,317,2019,7,1,5,1.4,43371,4,0,1,1,0,12,12
45747679,61154,1275,7,268,2019,9,1,5,2.4,10000,4,2,1,1,0,2,12
45816055,3136,891,4,387,2016,3,1,5,2,40464,4,0,1,1,0,7,12
45771516,50,673.483990147783,4,387,2013,9,0,4,1.8,96000,4,2,1,1,0,14,8
45773888,29793,1413.73333333333,1,264,2013,1,0,5,3.6,131000,6,2,2,0,0,11,6
45341816,10976,1834,6,338,2004,9,0,1,2.2,257000,4,2,2,1,0,12,6
45766257,2822,1024,7,680,2010,4,1,5,2.5,136171,4,0,0,1,0,1,12
45733023,11604,765,4,748,2015,9,1,4,2,404303,4,0,1,1,0,12,4
45759087,16308,1811,5,517,2010,4,1,5,4.6,357246,8,0,0,1,0,7,0
45792134,16621,1533.25,2,799,2005,6,0,1,2.4,350000,4,1,2,1,0,14,1
45811448,15681,625.709923664122,1,317,2012,9,0,5,1.4,140000,4,1,1,1,0,4,8
45804887,66479,503,4,817,2019,4,1,2,2,7771,4,0,1,1,0,7,4
45644473,470,382,2,465,2015,9,1,2,2,367720,4,0,1,1,0,14,0
45770645,22894,777,7,268,2014,9,1,5,2.5,94000,4,2,1,1,0,1,10
45802968,62355,1017,4,733,2017,4,1,1,2,75000,4,0,1,1,0,14,4
45768651,4234,779,7,268,2013,9,1,2,2.5,26918,4,0,1,1,0,14,12
45787062,10976,1429.8433516297,6,715,1986,9,1,5,4.2,260000,8,0,2,1,0,14,0
45808954,13987,531,1,162,2012,3,1,5,1.6,111937,4,0,1,1,0,14,4
45784140,19130,585,7,643,2013,3,0,2,1.8,109200,4,0,1,1,0,7,10
45781933,11133,741.884259259259,3,425,2012,3,0,2,1.3,154000,4,3,1,1,1,12,4
45654191,282,1598,6,605,2008,4,1,1,3,213998,6,0,0,1,0,12,12
45808700,2666,1399,3,141,2010,9,1,5,3.5,241786,6,0,1,1,0,14,12
45638806,46728,1327,7,680,2018,4,1,5,2.5,51200,4,0,0,1,0,1,12
45816383,17876,1598,0,84,2008,9,1,5,3,220000,6,3,2,1,0,12,12
45771067,56136,1017,6,355,2017,9,1,5,2,50963,4,0,2,1,0,1,12
45802262,25264,777,4,526,2014,7,1,1,2.5,198916,4,0,1,1,0,15,4
45771549,6586,1599.33333333333,3,425,2004,3,0,5,1.3,204950,4,3,1,1,1,12,2
26327387,14069,1429.8433516297,6,780,2013,6,1,1,2.2,240000,8,1,2,1,0,14,2
45758481,251,753,4,748,2012,9,1,2,2.4,259184,4,0,1,1,0,12,0
45437430,30420,1053,7,535,2014,4,1,5,3.5,95000,6,0,0,1,0,3,12
45045826,47000,394,7,157,2014,9,1,2,2.5,73602,4,2,1,1,0,12,10
45758360,470,2225,5,516,2017,4,1,5,4.6,69918,8,0,0,1,0,14,0
45809724,55845,831,3,425,2018,3,1,5,1.5,29939,4,0,1,1,0,12,4
45812593,392,585,4,387,2013,9,1,5,1.8,156326,4,0,1,1,0,7,12
44490494,3136,1387.22222222222,3,638,2005,7,0,5,2.4,1111,4,2,1,1,1,1,2
45755072,5331,934,7,268,2015,9,1,5,2.5,245792,4,0,1,1,0,1,12
45720527,11290,888.488372093023,7,643,2008,9,0,5,1.5,23000,4,0,1,1,0,7,12
45773678,5959,394,7,268,2014,9,1,2,2.5,0,4,0,1,1,0,1,12
45731438,36899,777,4,526,2014,7,1,1,2.5,86227,4,0,1,1,0,12,4
45803057,51194,1017,4,733,2017,4,1,1,2,114000,4,0,1,1,0,7,4
45810539,21768,642,1,639,2012,4,1,1,2,86342,4,0,1,1,0,7,4
44815924,10349,1268,7,145,2012,3,1,2,1.5,180000,4,3,1,1,1,12,4
45716573,23521,565.416666666667,2,214,2015,3,1,6,2,179200,4,2,1,1,0,12,8
45796621,24148,582.788167938931,7,643,2014,9,0,2,1.8,132669,4,0,1,1,0,6,2
45677893,12544,271,7,651,2014,3,0,2,1.5,547744,4,0,1,1,0,14,12
45803024,32744,765,4,733,2015,4,1,1,2,174899,4,0,1,1,0,14,4
45794923,13799,1429.8433516297,6,343,2004,9,1,5,2.4,95140,6,2,2,1,1,12,8
45788803,8151,939.882352941176,7,849,2005,3,0,5,1.3,190000,4,0,1,1,1,12,8
45506750,15367,761,7,643,2010,3,0,2,1.8,241000,4,0,1,1,0,14,4
45524800,29793,1077,7,220,2019,4,1,5,2,4330,4,0,1,1,0,14,12
45767387,314,1172,6,361,2011,9,1,1,3.5,132630,6,0,2,1,0,12,12
45816528,4547,753,4,748,2012,9,1,2,2.4,259934,4,0,1,1,0,11,12
45756373,6586,939.882352941176,7,849,2004,9,0,5,1.5,178000,4,0,1,1,0,12,2
45776425,22260,781,7,268,2012,9,1,5,2.5,70000,4,2,1,2,0,14,12
45814943,14113,598.5,4,827,2013,1,0,5,1.6,90000,4,1,1,0,0,1,4
45771748,20071,1429.8433516297,6,612,2004,4,1,0,3.5,175000,6,2,0,1,0,12,12
45792058,1019,919,1,407,2012,4,1,5,3,343283,6,0,0,1,0,3,12
45782026,4077,1529,0,30,1999,9,0,0,1.9,12000,4,1,2,1,1,12,6
45815508,12544,1273,5,694,2015,4,1,5,3.5,92035,6,0,0,1,0,1,12
44644460,13485,919,1,289,2012,4,1,5,3,155000,10,2,0,1,0,12,10
45805297,3450,1429.8433516297,6,346,1992,9,0,0,2.6,0,6,1,2,1,0,0,4
45815776,30,888.488372093023,7,643,2008,9,1,2,1.6,45888,4,0,1,1,0,14,12
45642345,3763,779,7,268,2013,9,1,2,2.5,124912,4,0,1,1,0,14,12
45759235,6272,1360,5,517,2013,4,1,5,4.6,202651,8,0,0,1,0,1,0
45803570,12544,765,4,748,2015,9,1,4,2,548407,4,0,1,1,0,8,4
45732572,55638,639,4,733,2014,4,1,1,2,91321,4,0,1,1,0,14,4
45797860,18798,583,4,387,2011,9,1,5,1.6,158000,4,0,1,1,0,14,4
45786693,36065,587.148148148148,6,191,2014,9,1,5,1.8,72000,4,0,2,1,0,1,12
45769817,2038,353,7,643,2015,4,1,2,1.8,104795,4,0,1,1,0,14,12
45709400,9500,1266,7,145,2014,3,0,2,1.5,96000,4,0,1,1,1,14,2
45760085,706,645,5,258,2011,3,1,2,1.8,116869,4,0,1,1,0,1,0
45694688,23521,1231,6,835,2004,7,1,4,3.2,245000,6,2,2,2,0,14,4
45812283,14740,271,7,659,2014,3,0,2,1.5,152000,4,3,1,1,0,12,8
45809401,3136,1058,3,638,2012,9,1,5,3.5,0,6,0,1,1,0,7,12
45767429,9252,919,6,361,2012,9,1,1,3,171221,6,0,2,1,0,1,12
45729857,27065,629,4,387,2015,9,1,5,1.6,103825,4,0,1,1,0,14,4
45810186,392,1194,7,70,2013,4,1,5,4,194605,6,0,2,1,0,7,12
45814469,11604,642,2,218,2012,3,1,2,2,11593,4,0,1,1,0,12,12
44308137,18100,582.788167938931,7,643,2012,3,0,2,1.8,115000,2,0,1,1,0,1,6
45815122,392,781,7,268,2012,9,1,2,2.5,50226,4,0,1,1,0,7,12
45653162,8311,502,3,293,2013,4,1,2,1.5,144872,4,0,1,1,0,14,0
45805949,18817,585,7,643,2013,9,0,2,1.8,199373,4,0,1,1,0,12,8
45797288,34074,639,4,522,2014,1,1,5,2,65840,4,0,1,1,0,14,4
45762418,470,353,5,258,2015,3,1,2,1.8,115347,4,0,1,1,0,7,0
45762074,9408,1429.8433516297,6,357,2001,9,0,5,3.2,2000,6,0,2,1,0,1,8
45775768,21796,1249,7,268,2017,9,1,5,2.5,48000,4,2,1,1,0,1,8
45810061,53185,1079,3,293,2018,9,1,5,2,38639,4,0,1,1,0,1,4
45772440,627,1058,6,361,2012,9,1,1,3.5,318285,6,0,0,1,0,1,12
45791597,11917,1429.8433516297,6,357,2003,9,1,0,3.2,0,6,0,2,1,0,12,8
45810103,38251,1091,1,559,2016,9,1,5,2.5,129459,4,0,1,1,0,1,4
45798231,33575,880,4,387,2018,9,1,5,1.6,65734,4,0,1,1,0,2,4
45748710,15053,1026.00733117836,3,432,2013,3,0,2,1.3,114000,4,3,1,1,1,14,2
45647607,941,1356,5,516,2014,4,1,5,4.6,200402,8,0,0,1,0,12,0
45491004,17876,891,4,387,2016,9,0,5,2,54590,4,1,1,1,0,1,10
45787679,7840,2084,2,799,1996,6,0,1,2.5,0,4,1,2,1,0,14,0
45147834,16621,565.416666666667,2,214,2014,9,1,2,2,254455,6,0,1,1,0,14,12
45777439,10349,530,2,465,2013,9,1,5,1.6,117000,4,2,1,1,0,7,12
45426755,18189,777,2,465,2014,9,0,5,2.5,133000,4,2,1,1,0,6,12
45798000,15132,687,4,387,2010,9,1,5,1.6,103149,4,0,1,1,0,12,4
45767375,4861,1058,6,361,2012,9,1,1,3.5,128202,6,0,2,1,0,1,12
45809064,14069,1493,2,424,2016,9,1,5,3.5,33543,4,0,1,1,0,14,4
42142429,4600,1496.78125,6,174,2001,9,1,5,2,296399,4,0,2,1,1,2,6
45816605,13485,1288,1,289,2007,8,1,1,2,120000,4,0,1,1,0,14,8
45813922,549,919,6,605,2012,4,1,1,3,169939,6,0,0,1,0,14,12
45766400,314,862,2,409,2011,4,1,2,2.5,130306,4,0,0,1,0,6,0
45804926,43714,930,4,817,2018,4,1,1,1.7,38945,4,0,1,1,0,12,4
45290250,54882,1273,5,694,2015,4,1,5,3.5,37000,6,2,1,1,0,1,10
45812810,12544,888.488372093023,7,643,2008,3,0,2,1.5,176000,4,3,1,1,0,12,4
45802284,44517,1091,4,526,2016,10,1,1,2.5,124708,4,0,1,1,0,7,4
45808973,65024,1055,2,421,2013,4,1,5,3.5,46616,4,0,1,1,0,14,4
45765343,11447,308,5,258,2014,3,1,2,1.8,132563,4,0,1,1,0,11,0
45661670,1646,1053,6,605,2014,4,1,1,3.5,0,6,0,0,1,0,12,12
45816601,17876,878,7,643,2009,3,1,5,1.8,211200,4,3,1,1,0,12,0
45810453,23304,730,1,639,2016,4,1,1,1.6,122198,4,0,1,1,0,1,4
45803329,15367,765,4,748,2015,9,1,4,2,283895,4,0,1,1,0,12,4
45643261,23000,308,7,643,2014,3,0,2,1.8,68000,4,0,1,1,0,14,12
45782836,13172,585,4,387,2013,9,0,5,1.8,80000,4,2,1,1,0,7,12
45770961,549,585,7,643,2013,4,1,2,1.8,298248,4,0,1,1,0,14,12
45653533,282,1598,6,605,2008,4,1,1,3,213998,6,0,0,1,0,12,12
45796765,17346,781,4,526,2012,10,1,1,2.5,230000,4,0,1,1,0,15,4
45115390,17249,751,4,748,2013,9,1,2,2.4,115000,4,0,1,1,0,4,8
45781480,34497,966.724137931034,0,94,2011,9,1,5,3,156000,6,2,2,1,0,1,12
45728197,470,645,5,258,2011,3,1,2,1.8,228610,4,0,1,1,0,1,12
45810392,19080,528,1,639,2014,4,1,1,1.6,161296,4,0,1,1,0,14,4
45655114,43278,1514,5,516,2011,4,1,5,4.6,160138,8,0,0,1,0,14,0
45770916,2038,353,7,643,2015,9,1,2,1.8,104795,4,0,1,1,0,14,12
45731448,23436,777,4,526,2014,7,1,1,2.5,173490,4,0,1,1,0,1,4
45407628,7213,1429.8433516297,6,230,2000,1,0,5,2,226000,4,0,2,0,0,1,0
45813465,14269,765,0,870,2015,4,1,5,2,96360,4,0,0,1,0,14,12
45801425,13589,531,4,138,2012,9,1,1,1.6,114500,4,0,1,1,0,12,4
45803379,9252,765,4,748,2015,9,1,4,2,510248,4,0,1,1,0,8,4
45788458,17249,582.788167938931,7,643,2011,3,0,2,1.8,142000,4,3,1,1,0,0,12
45654851,157,919,6,605,2012,4,1,1,3,145227,6,0,0,1,0,7,12
45767102,14740,1440,0,84,2009,9,1,5,3,275000,6,2,2,1,0,1,8
45788545,17876,582.788167938931,7,643,2010,3,0,2,1.8,150000,4,3,1,2,0,14,10
45813729,12074,1018,6,605,2011,4,1,1,3,246600,6,0,0,1,0,7,0
45116466,50178,1115,2,384,2016,4,1,5,2,8000,4,2,0,1,0,1,6
44095225,17249,1024,2,409,2010,4,1,2,2.5,131000,4,0,1,1,0,7,10
45773457,6586,1685,0,35,1996,1,0,5,2,357806,6,1,2,0,0,2,2
45754903,14069,1104,0,871,2015,4,1,1,3,160000,6,0,0,1,0,1,5
45791661,11917,574,3,560,2010,9,0,5,1.3,171200,4,2,1,1,0,11,0
45782345,8781,1599.33333333333,3,425,2009,3,0,5,1.3,185000,4,0,1,1,1,7,6
45770591,62722,1338.90845620294,0,894,2012,4,1,5,3,95000,6,2,0,1,0,1,0
45758153,1333,289,2,409,2008,4,1,2,0.4,349288,4,0,1,1,0,2,0
45636965,2587,382,2,465,2015,9,1,2,2,88795,4,0,1,1,0,1,0
45523527,5488,1077,7,220,2019,4,1,5,2,78424,4,0,1,1,0,11,12
45650070,9722,609,7,268,2018,9,1,2,2.5,127515,4,0,1,1,0,1,12
45770107,314,1172,6,361,2011,9,1,1,3.5,132630,6,0,2,1,0,12,12
45656896,3293,761,7,643,2010,3,1,2,1.8,159382,4,0,1,1,0,14,12
45758414,23521,934,7,680,2015,4,1,5,2.5,58285,4,0,0,1,0,2,0
45793834,12858,475,1,317,2012,9,0,5,1.4,122488,4,2,1,1,0,5,16
45770212,1019,831,4,387,2017,9,1,5,1.6,25635,4,0,1,1,0,1,12
45793027,6272,789,1,317,2009,9,1,5,1.6,49232,4,0,1,1,0,12,4
45733289,12544,765,4,748,2015,9,1,4,2,128965,4,0,1,1,0,8,4
45813393,549,765,0,84,2015,9,1,5,2,118907,4,0,2,1,0,14,12
45799856,28225,640,0,863,2013,4,1,5,2,108000,12,2,1,1,0,1,12
44673696,16308,586,7,304,2012,9,0,5,1.8,124000,4,0,1,1,0,1,12
45661014,22266,1058,6,605,2012,4,1,1,3.5,193267,6,0,0,1,0,7,12
45765026,2430,1598,6,361,2008,9,1,1,3,175614,6,0,2,1,0,1,12
45814869,314,761,7,643,2010,3,1,2,1.8,287146,4,0,1,1,0,2,12
45815395,4234,353,7,643,2015,3,1,2,1.8,123778,4,0,1,1,0,7,12
45802487,17634,531,4,547,2012,3,1,1,1.6,183380,4,0,1,1,0,7,4
45798196,11992,1047,4,387,2007,9,1,5,1.6,150863,4,0,1,1,0,14,4
45731306,3920,843,7,643,2008,3,0,2,1.5,337600,4,0,1,1,0,2,12
45732723,13799,765,4,748,2015,9,1,4,2,30258,4,0,1,1,0,12,4
45815014,94,779,7,268,2013,9,1,5,2.5,202994,4,0,1,1,0,1,12
44959077,14069,1053,0,871,2014,4,1,5,3.5,158000,6,2,0,1,0,14,12
45624733,10192,1187,3,425,2014,3,0,2,1.4,0,4,0,1,1,1,15,2
45787220,20071,781,7,268,2012,9,1,5,2.5,94000,4,2,1,1,0,14,10
45732606,30583,639,4,733,2014,4,1,1,2,212762,4,0,1,1,0,12,4
45524708,470,1077,7,220,2019,4,1,5,2,10610,4,0,1,1,0,12,12
45811790,9500,1429.8433516297,6,357,2000,9,1,5,3.2,0,6,2,2,1,0,1,0
45732136,44247,765,4,733,2015,4,1,1,2,153958,4,0,1,1,0,14,4
45810979,2300,1533.25,2,799,2003,6,0,1,2.4,13000,4,1,2,1,0,1,4
45803432,15681,891,4,748,2016,9,1,4,2,248705,4,0,1,1,0,12,4
45797957,16894,687,4,387,2010,9,1,5,1.6,71202,4,0,1,1,0,12,4
45776281,14426,831,2,409,2011,4,1,5,2.4,128000,4,0,0,1,0,12,8
45787207,16935,502,7,643,2013,3,0,2,1.5,91400,4,2,1,1,0,12,12
45769826,1490,1360,5,517,2013,4,1,5,4.6,154115,8,0,0,1,0,1,0
45802465,25205,915,4,525,2014,9,1,5,3,253966,4,0,1,1,0,14,4
45808636,2038,697,3,293,2015,9,1,5,1.8,80542,4,0,1,1,0,7,12
45793219,15677,729,1,639,2016,4,1,1,1.6,30374,4,0,1,1,0,12,4
45803625,22423,781,4,526,2012,7,1,1,2.5,75437,4,0,1,1,0,7,4
45803840,32954,765,4,817,2015,4,1,1,2,103589,4,0,1,1,0,1,4
45761166,862,1024,2,409,2010,4,1,2,2.5,174926,4,0,1,1,0,7,0
45808936,63839,1053,2,421,2014,4,1,5,3.5,48515,4,0,1,1,0,1,4
45635128,314,333,2,465,2014,9,1,2,2,124493,4,0,1,1,0,14,0
45709410,2822,1429.8433516297,6,136,1987,9,0,5,2,240000,4,1,2,1,0,6,0
45804434,14069,518,5,634,2016,4,1,2,2.5,53649,4,0,1,1,0,7,4
45797663,18654,862,4,526,2011,7,1,1,2.5,69624,4,0,1,1,0,1,4
45803285,10976,765,4,748,2015,9,1,4,2,311337,4,0,1,1,0,14,4
45809669,16766,642,1,317,2012,9,1,1,2,90815,4,0,1,1,0,14,4
45785270,19757,565.416666666667,2,214,2013,3,0,2,2,72000,4,0,1,1,0,7,6
45764514,26030,382,1,853,2017,3,1,2,1.5,52062,4,0,1,1,0,2,0
45648542,10663,690,7,535,2016,4,1,2,3.5,109344,6,0,0,1,0,14,12
45802832,27889,707,4,733,2011,4,1,1,2,151594,4,0,1,1,0,12,4
45653857,7213,919,0,871,2012,4,1,1,3,274098,6,0,0,1,0,14,0
45570391,12544,888.488372093023,7,643,2007,9,1,2,1.5,150000,4,0,1,1,0,7,12
45759095,5018,1646,5,516,2015,4,1,5,4.6,188078,8,0,0,1,0,1,0
45802222,42218,1091,4,526,2016,7,1,1,2.5,96334,4,0,1,1,0,7,4
45262702,60684,891,5,633,2016,4,1,5,2,37514,4,0,1,1,0,12,10
45765181,188,382,1,853,2017,3,1,2,1.5,125358,4,0,1,1,0,7,0
45813283,22266,1273,5,694,2015,4,1,5,3.5,54822,6,0,0,1,0,1,12
45731450,25264,777,4,526,2014,7,1,1,2.5,198916,4,0,1,1,0,15,4
44769176,20071,455.705882352941,7,651,2014,9,0,2,1.5,51000,4,3,1,1,1,14,7
45721226,30,1599.33333333333,3,425,2007,3,0,5,1.3,0,4,0,1,1,1,12,4
45800885,15900,582.788167938931,7,643,2011,9,0,2,1.8,160000,4,0,1,1,0,14,6
45755690,1725,353,5,258,2015,3,1,2,1.8,94949,4,0,1,1,0,14,0
45809343,25763,833,1,289,2015,4,1,1,2.2,78356,4,0,1,1,0,12,4
45793346,8778,362,1,768,2014,9,1,5,1,34855,4,0,1,1,0,14,4
45783725,20385,1533.25,2,799,2001,6,1,1,2.4,240000,6,1,2,1,0,14,0
45715368,25089,1429.8433516297,6,601,2007,4,1,1,3,180000,6,2,0,1,0,1,12
45730085,25889,528,4,387,2014,9,1,5,1.6,84640,4,0,1,1,0,14,4
45797041,41048,640,4,522,2013,1,1,5,2,95605,4,0,1,1,0,1,4
45651170,862,394,7,268,2014,9,1,2,2.5,130478,4,0,1,1,0,14,12
45651722,282,753,4,748,2012,9,1,2,2.4,93816,4,0,1,1,0,1,0
45802291,45436,1327,4,526,2018,10,1,1,2.5,45535,4,0,1,1,0,12,4
45788327,13485,645,4,387,2011,9,0,5,1.8,148552,4,0,1,1,0,1,12
45789755,13485,832.188679245283,2,409,2008,4,1,2,2.3,175000,4,0,1,1,0,13,6
45802789,44247,765,4,733,2015,4,1,1,2,147542,4,0,1,1,0,2,4
45769901,627,1058,6,361,2012,9,1,1,3.5,318285,6,0,0,1,0,1,12
45757966,7527,1599.33333333333,3,425,2004,3,0,5,1.3,150000,4,3,1,1,1,12,4
45769611,5802,1055,6,361,2013,9,1,1,3.5,107800,6,0,2,1,0,7,12
45753017,6272,586,7,643,2012,9,0,6,1.8,164688,4,3,1,1,0,14,12
45809163,39499,640,2,794,2013,9,1,5,2,72407,4,0,1,1,0,14,4
45773830,7527,1429.8433516297,6,232,1999,1,1,5,2,16400,4,1,2,0,0,2,8
45796956,15612,862,4,526,2011,10,1,1,2.5,259306,4,0,1,1,0,15,4
44803786,10036,475,1,317,2012,9,0,5,1.4,148000,4,2,1,1,0,7,10
45803483,11290,891,4,748,2016,9,1,4,2,239291,4,0,1,1,0,12,4
45802481,13877,687,4,547,2010,3,1,5,1.6,103000,4,0,1,1,0,7,4
44174594,16935,781,7,268,2012,9,1,2,2.5,112501,4,0,1,1,0,13,8
45766254,314,1017,6,355,2017,9,1,1,2,26802,4,0,2,1,0,1,12
45789627,12231,741.884259259259,3,425,2011,3,0,2,1.3,160000,4,0,1,1,1,1,2
45802722,29777,642,4,733,2012,4,1,1,2,206608,4,0,1,1,0,12,4
45640568,2822,382,2,465,2015,9,1,2,2,100747,4,0,1,1,0,6,0
45812721,1411,645,7,298,2011,9,1,5,1.8,190789,4,0,1,1,0,9,12
45782233,8467,1599.33333333333,3,425,2005,3,0,5,1.3,224476,4,0,1,1,1,12,3
45803444,9252,765,4,748,2015,9,1,4,2,510853,4,0,1,1,0,8,4
45647570,862,394,7,268,2014,9,1,2,2.5,130478,4,0,1,1,0,14,12
45808734,9722,891,0,50,2016,9,1,5,2,70195,4,0,2,1,0,14,12
45736608,10349,697,4,387,2015,9,0,5,1.8,110000,4,2,1,1,0,12,8
45769432,12388,1399,6,361,2010,9,1,1,3.5,189530,6,0,0,1,0,1,12
45809363,1803,749,4,748,2014,9,1,5,2.4,0,4,0,1,1,0,2,12
45802266,27093,777,4,526,2014,7,1,1,2.5,189167,4,0,1,1,0,7,4
43159373,18033,738,1,321,2017,9,0,5,1.4,49439,4,0,1,1,0,7,6
45809243,13476,609,3,425,2016,3,1,5,1.3,4422,4,0,1,1,0,12,4
45797195,32274,810,4,387,2016,9,1,5,1.8,86391,4,0,1,1,0,12,4
45782218,8000,1429.8433516297,6,343,1999,9,0,5,2.4,253000,6,1,2,1,0,12,5
45806671,2509,697,7,298,2015,9,1,5,1.8,127680,4,0,1,1,0,7,12
45770646,28225,1327,7,268,2018,9,0,5,2.5,142000,4,2,1,1,0,14,12
45815945,7840,608.8,1,626,2006,3,0,5,0.8,120000,3,0,1,1,0,11,4
45781759,19444,1507.30769230769,6,837,2009,7,0,1,2.2,220000,4,1,2,1,0,14,4
45732358,35579,639,4,733,2014,4,1,1,2,175126,4,0,1,1,0,7,4
45810466,15125,642,1,639,2012,4,1,1,2,156834,4,0,1,1,0,5,4
45756809,16308,1429.8433516297,6,357,2003,9,1,4,3.2,228000,6,2,2,1,0,1,10
45755502,9095,1994.5,3,312,2002,4,1,0,2,177000,4,1,0,1,1,12,8
45803456,13172,891,4,748,2016,9,1,4,2,381135,4,0,1,1,0,8,4
45803233,12544,765,4,748,2015,9,1,4,2,471632,4,0,1,1,0,8,4
45801514,16935,586,4,387,2012,9,1,5,1.8,160160,4,2,1,1,0,1,12
45748995,16308,1711.27272727273,0,871,2004,4,1,0,3,16000,6,2,0,1,0,12,8
45651677,3450,831,4,748,2011,9,1,2,2.4,224349,4,0,1,1,0,7,0
45809314,16900,503,7,145,2012,3,1,5,1.5,46756,4,0,1,1,0,1,4
45805942,37633,579,7,157,2017,9,1,2,2.5,91000,4,2,2,1,0,1,12
44109010,10349,1268,7,145,2012,3,0,2,1.5,134000,4,3,1,1,1,12,0
43957271,40769,1682.5,6,722,2007,9,1,4,2,167000,8,2,2,1,0,12,12
45813638,26657,642,0,50,2012,9,1,5,2,206400,4,2,2,1,0,1,12
45801505,22549,730,4,387,2016,9,1,1,1.6,150000,4,0,1,1,0,14,4
45801876,13771,687,4,387,2010,9,1,5,1.6,159048,4,0,1,1,0,12,4
45805004,15957,836,4,817,2010,4,1,1,2,140123,4,0,1,1,0,1,4
45767384,1568,1493,6,361,2016,9,1,1,3.5,77205,6,0,2,1,0,7,12
45768851,4391,697,4,387,2015,4,1,5,1.8,125386,4,0,1,1,0,14,12
45816286,11133,919,0,871,2012,4,1,5,3,195982,6,0,0,1,0,1,12
45754399,13642,649,7,643,2010,3,0,2,1.5,137000,4,0,1,1,0,14,12
45644427,3763,779,7,268,2013,9,1,2,2.5,124912,4,0,1,1,0,14,12
44752649,40456,639,6,227,2014,9,1,5,2,64000,4,2,1,1,0,14,12
45801719,18826,531,4,387,2012,9,1,5,1.6,132000,4,0,1,1,0,12,4
45795455,9408,1446.97098646035,3,312,1999,4,0,0,2,224863,4,1,1,1,0,1,0
45720391,31047,400,7,651,2018,3,0,2,1.5,10000,4,0,1,1,0,7,8
45803829,37580,891,4,817,2016,4,1,1,2,90000,4,0,1,1,0,14,4
45453274,9722,530,2,465,2013,9,0,5,1.6,201000,4,2,1,1,0,12,12
45786962,20385,625.709923664122,1,317,2016,9,0,5,1.4,47543,4,2,1,1,0,13,12
45809905,62161,784,3,293,2017,9,1,5,1.5,3355,4,0,1,1,0,2,4
45733090,15367,765,4,748,2015,9,1,4,2,409910,4,0,1,1,0,12,4
45813051,627,891,4,387,2016,3,1,5,2,47074,4,0,1,1,0,12,12
45732383,29580,642,4,733,2012,4,1,1,2,148310,4,0,1,1,0,12,4
45816034,9565,1275,4,748,2019,4,1,5,2.4,1446,4,0,1,1,0,1,12
45798703,25089,891,4,387,2016,9,0,5,2,88000,4,0,1,1,0,1,8
45782364,11604,530,2,465,2013,9,0,5,1.6,113000,4,2,1,1,0,7,4
45753221,11917,988,7,643,2007,9,0,5,1.5,180000,4,0,1,1,0,11,12
45773519,9722,456,7,268,2015,9,1,2,2.5,241227,4,0,1,1,0,12,12
45802816,56121,891,4,733,2016,4,1,1,2,111875,4,0,1,1,0,2,4
45812822,11604,1195,2,799,2008,2,0,1,2.2,156000,4,1,1,1,0,14,2
45809843,41193,697,3,293,2015,9,1,5,1.8,59179,4,0,1,1,0,14,4
45809658,24239,446,3,425,2014,3,1,5,1.3,62000,4,0,1,1,0,14,4
45798470,16308,1347,2,409,2008,4,1,2,2.5,256000,4,0,0,1,0,13,12
45651253,13956,603,5,701,2015,4,1,2,3.5,143619,6,0,0,1,0,1,12
45767414,12388,1399,6,361,2010,9,1,1,3.5,189530,6,0,0,1,0,1,12
45800247,12858,1599.33333333333,3,425,2008,3,0,5,1.5,145000,4,2,1,1,1,2,4
45735369,10976,658,3,560,2009,9,0,2,1.3,125000,4,0,1,1,0,14,9
45814858,706,1249,7,680,2017,4,1,5,2.5,29333,4,0,1,1,0,7,12
45651737,2038,1172,6,605,2011,4,1,1,3.5,186542,6,0,0,1,0,14,12
45816061,5645,872.02838865217,7,290,2000,1,1,5,1.8,204000,4,1,1,0,1,12,6
45809108,6611,447,3,425,2013,3,1,5,1.3,114577,4,0,1,1,0,3,4
45809647,59834,784,3,293,2017,1,1,5,1.5,12047,4,0,1,1,0,2,4
45781557,18817,1533.25,2,799,2008,7,1,1,2.2,222000,4,1,1,2,0,14,2
45766982,10976,1429.8433516297,6,823,1998,7,1,0,2.3,300000,4,1,1,1,0,1,8
45789249,10036,872.02838865217,7,144,2001,9,0,5,2,160000,4,2,2,1,1,2,2
45814784,23521,779,7,268,2013,9,1,5,2.5,127000,6,0,1,1,0,1,12
44995718,43905,1202,4,736,2017,4,0,5,2.4,72000,4,2,0,1,0,1,12
45797849,38731,1249,4,526,2017,7,1,1,2.5,30066,4,0,1,1,0,7,4
45801190,30,888.488372093023,7,643,2007,9,0,2,1.5,1000,4,0,1,1,0,14,12
45787561,13000,986,7,268,2010,9,0,2,2.4,195200,4,3,1,1,0,14,10
45653640,1725,1363,6,605,2012,4,1,1,4.6,180659,8,0,0,1,0,1,12
45729672,1646,431,2,465,2016,9,1,2,2,120114,4,0,1,1,0,1,12
45617530,11133,394,7,268,2014,9,1,2,2.5,179381,4,0,1,1,0,1,12
45450929,25089,1058,7,268,2012,9,1,5,3.5,93000,6,2,1,1,0,1,10
44807711,13799,697,4,387,2015,9,0,5,1.8,91000,4,0,1,2,0,12,12
45812667,1882,738,1,317,2017,9,1,5,1.4,119352,4,0,1,1,0,1,12
45797153,15624,966,4,522,2009,1,1,5,2,158642,4,0,1,1,0,7,4
45782322,6899,1711.27272727273,0,871,2000,4,1,0,4.4,198000,8,0,0,1,0,12,6
45765345,627,586,5,258,2012,3,1,2,1.8,142394,4,0,1,1,0,14,0
45802930,38562,891,4,733,2016,4,1,1,2,195996,4,0,1,1,0,14,4
45642661,627,917,0,57,2013,9,1,5,3,161994,6,0,2,1,0,1,12
45809881,67480,784,3,293,2017,1,1,5,1.5,16914,4,0,1,1,0,7,4
45803410,7056,707,4,748,2011,9,1,4,2,61208,4,0,1,1,0,14,4
45815746,47042,1058,5,515,2012,9,1,2,3.5,212800,6,2,2,1,0,7,8
45647848,251,607,7,268,2019,9,1,2,2.5,39552,4,0,1,1,0,1,12
45815078,12858,777,7,268,2014,9,1,5,2.5,219150,4,0,1,1,0,14,12
45815935,1568,810,4,387,2016,9,1,5,1.8,121840,4,0,1,1,0,2,12
45647839,9722,609,7,268,2018,9,1,2,2.5,127515,4,0,1,1,0,1,12
45761342,54568,1360,5,517,2013,4,1,5,4.6,202651,8,0,0,1,0,1,0
45802144,22266,862,4,526,2011,7,1,1,2.5,120805,4,0,1,1,0,1,4
45776510,10976,585,7,643,2013,3,0,6,1.8,144000,4,0,1,1,0,12,10
45810272,25744,765,1,620,2015,9,1,1,2,111365,4,0,1,1,0,7,4
45569053,16621,475,1,853,2012,9,0,6,1.4,95000,4,0,1,1,0,7,4
45786025,30420,394,7,279,2014,9,1,2,2.5,103677,6,2,1,1,0,2,8
45816184,12544,584,4,387,2014,9,0,5,1.8,120000,4,2,1,1,0,12,0
45802782,10964,836,4,733,2010,4,1,1,2,51604,4,0,1,1,0,14,4
45656414,1882,1211,0,871,2010,4,1,1,3,265210,6,0,0,1,0,1,0
45789126,6272,1429.8433516297,6,12,1998,9,0,5,2,128965,4,1,2,1,0,6,4
45742493,21639,653.833333333333,4,392,2013,3,0,5,1.8,133280,4,2,1,1,0,1,10
45772736,706,1646,5,516,2015,4,1,5,4.6,102907,8,0,0,1,0,1,0
45656433,1803,1405,0,871,2009,4,1,1,3,229854,6,0,0,1,0,6,0
45733198,13172,891,4,748,2016,9,1,4,2,128965,4,0,1,1,0,8,4
45766364,11290,2377,7,822,2016,4,1,5,2,54875,8,0,2,1,0,7,12
45726964,3293,781,7,268,2012,9,1,2,2.5,361035,4,0,1,1,0,1,12
45656916,22266,1058,6,605,2012,4,1,1,3.5,193267,6,0,0,1,0,7,12
45809458,41259,382,3,425,2017,10,1,2,1.5,22099,4,0,1,1,0,2,4
45762385,1490,1018,2,409,2011,4,1,5,3,158349,6,0,1,1,0,14,12
45766667,32302,1604,6,361,2014,9,1,1,2,101424,8,0,0,1,0,7,12
45809659,1254,831,4,138,2017,9,1,5,1.6,106979,4,0,1,1,0,2,12
45484768,14113,934,7,268,2015,9,0,5,2.5,0,4,2,1,1,0,1,8
45765840,5018,431,4,748,2016,9,1,2,2,71218,4,0,1,1,0,1,0
45792211,35,888.488372093023,7,643,2008,9,0,2,1.5,172000,4,0,1,1,0,14,8
45669728,18660,673.483990147783,4,387,2013,9,1,5,2.4,130000,4,2,1,1,0,1,6
45771326,220,1185,2,409,2009,4,1,2,2.5,193614,4,0,1,1,0,14,0
44325047,34497,779,7,680,2013,4,0,5,2.5,127000,6,2,0,1,0,1,10
45776903,10976,1429.8433516297,6,372,2002,9,1,4,4.3,245000,8,2,2,1,0,12,0
45689676,42000,1474,2,424,2012,8,0,5,2,150000,8,2,0,1,0,1,8
45649795,2509,1399,5,701,2010,4,1,2,3.5,315270,6,0,0,1,0,7,12
45764718,314,834,7,792,2013,4,1,5,2.7,158870,4,0,2,1,0,14,12
45773277,14740,1429.8433516297,6,164,2008,3,0,5,1.7,120000,4,2,1,1,0,1,12
45323870,16621,1888,0,87,2003,9,1,1,3,270000,6,2,2,1,0,1,10
45039627,9722,746,7,673,2009,3,0,2,1.5,185000,4,3,1,1,0,14,12
45793870,8781,1090,1,289,2008,4,1,1,2,57248,4,0,1,1,0,14,4
45788618,13485,642,2,459,2012,3,1,5,2,121000,4,2,1,1,0,14,10
45648474,1882,1211,0,871,2010,4,1,1,3,265210,6,0,0,1,0,1,0
45803849,65015,1077,4,817,2019,4,1,5,2,6770,4,0,1,1,0,7,4
45755693,5331,585,5,258,2013,3,1,2,1.8,174043,4,0,1,1,0,14,0
45733343,9722,765,4,748,2015,9,1,4,2,471636,4,0,1,1,0,8,4
45810134,11964,761,1,575,2010,9,1,5,1.8,114588,4,0,1,1,0,7,4
45811254,16621,1317,0,84,2009,9,1,5,2.8,164000,6,2,2,1,0,7,12
45764372,220,1185,2,409,2009,4,1,2,2.5,193614,4,0,1,1,0,14,0
45809780,14799,503,7,145,2012,3,1,5,1.5,69570,4,0,1,1,0,2,4
45777117,21953,781,7,268,2012,9,0,5,2.5,111763,4,0,1,1,0,14,0
45801636,7200,819.6,3,293,2000,1,1,5,1.6,2530,4,1,1,0,0,14,2
45801375,18817,1429.8433516297,6,243,2007,1,1,5,3.5,162000,6,0,2,0,0,12,8
45452806,18500,1091,7,281,2016,9,1,5,2.5,142000,4,2,1,1,0,1,0
45802323,36827,1249,4,526,2017,10,1,1,2.5,137000,4,0,1,1,0,14,4
45791962,3293,891,4,387,2016,9,1,5,2,0,4,0,1,1,0,12,12
45803189,15681,891,4,748,2016,9,1,4,2,246040,4,0,1,1,0,12,4
45781459,12544,502,7,651,2013,3,1,2,1.5,142000,4,0,1,1,0,2,8
45802475,17346,531,4,547,2012,3,1,1,1.6,151136,4,0,1,1,0,14,4
45808869,73134,1273,2,421,2015,4,1,5,3.5,56571,4,0,1,1,0,14,4
45767000,3136,473,1,317,2014,9,1,5,1.4,156992,4,0,1,1,0,1,12
45776804,15681,1391,6,252,2012,9,1,5,2,152000,8,0,0,1,0,1,12
45771232,314,1172,6,361,2011,9,1,1,3.5,132630,6,0,2,1,0,12,12
45816301,784,1018,0,871,2011,4,1,5,3,277421,6,0,0,1,0,1,12
45342344,27598,757.14552238806,7,268,2012,9,1,5,2.5,64000,4,2,1,1,0,7,12
45784953,18817,582.788167938931,7,643,2013,9,0,2,1.8,104000,4,0,1,1,0,1,8
32495123,16621,455.705882352941,7,651,2012,3,0,2,1.5,172000,4,0,1,1,0,8,10
45760014,10976,645,7,643,2011,9,0,2,1.8,218560,4,3,1,1,0,11,6
45043371,52373,579,7,680,2017,4,0,2,2.5,2000,4,2,0,1,0,7,12
45240407,25,582.788167938931,7,643,2011,3,1,2,1.8,11111,4,0,1,1,0,14,12
45350469,10976,586,4,387,2012,9,0,5,1.8,213600,4,2,1,1,0,2,6
45778526,16308,749.991967871486,7,145,2014,3,0,2,1.5,123456,4,0,1,1,1,14,8
45777671,23521,474,1,853,2013,3,1,2,1.4,126400,4,0,1,1,0,1,6
45807426,6586,1363,6,722,2012,9,1,5,4.6,156043,8,0,0,1,0,1,12
45793779,7056,1090,1,289,2008,4,1,1,2,68348,4,0,1,1,0,12,4
45454953,25,529.21686746988,3,560,2011,3,0,2,1.3,160000,4,0,1,1,0,14,4
45649783,941,1356,5,516,2014,4,1,5,4.6,200402,8,0,0,1,0,12,0
45801405,10923,583,4,138,2011,3,1,1,1.6,32800,4,0,1,1,0,1,4
45804789,19547,640,4,817,2013,4,1,1,2,199848,4,0,1,1,0,1,4
45770172,17092,741.884259259259,3,425,2014,3,1,2,1.5,119000,4,0,1,1,1,12,8
45788778,15681,753,4,748,2012,9,1,5,2.4,147200,4,2,1,1,0,1,8
45799420,9408,1527,6,174,1997,10,0,0,1.8,196090,4,3,2,1,0,1,2
45802115,21395,781,4,526,2012,10,1,1,2.5,166144,4,0,1,1,0,12,4
45802117,16766,1024,4,526,2010,10,1,1,2.5,213696,4,0,1,1,0,7,4
45767403,29793,1053,6,361,2014,9,1,1,3.5,219030,6,0,0,1,0,1,12
45306131,12544,1429.8433516297,6,166,2007,3,1,5,1.7,221700,4,2,1,1,0,14,12
45794640,20071,502,7,643,2013,9,0,2,1.5,77000,4,3,1,1,0,1,10
45789097,13172,741.884259259259,3,425,2011,3,0,2,1.3,165000,4,3,1,1,1,2,4
45773227,17876,673.483990147783,4,387,2011,9,0,5,1.8,62000,4,0,1,1,0,7,10
45649658,13328,1399,5,701,2010,4,1,2,3.5,186005,6,0,0,1,0,12,12
45797524,40688,1091,4,526,2016,10,1,1,2.5,97640,4,0,1,1,0,12,4
45292942,26971,382,2,470,2015,9,1,2,2,81000,4,3,1,1,0,7,4
45726865,3136,781,7,268,2012,9,1,5,2.5,277906,4,0,1,1,0,7,12
45801563,11704,687,4,387,2010,9,1,5,1.6,180093,4,0,1,1,0,1,4
45809202,39085,833,1,289,2015,4,1,1,2.2,95303,4,0,1,1,0,3,4
45801696,9408,1338.90845620294,0,41,2001,9,0,5,2.2,111111,6,1,2,1,0,12,6
45651671,706,751,4,748,2013,9,1,2,2.4,0,4,0,1,1,0,14,0
45505041,9722,1267,7,145,2013,3,0,2,1.5,146000,4,0,1,1,1,2,4
45732819,12880,836,4,748,2010,9,1,5,2,173177,4,0,1,1,0,14,4
45804645,28225,777,7,680,2014,4,1,5,2.5,180275,4,0,0,1,0,14,0
45758727,6586,1599.33333333333,3,425,2003,3,0,5,1.3,229000,4,3,1,1,1,12,4
45797614,29636,1249,4,526,2017,7,1,1,2.5,32578,4,0,1,1,0,12,4
45816153,3293,1076,4,387,2020,9,1,5,2,261,4,0,1,1,0,1,12
45809580,25089,595,7,145,2015,3,1,5,1.5,68000,4,0,1,1,0,1,4
45631368,392,919,0,871,2012,4,1,1,3,296395,6,0,0,1,0,7,0
45767589,22894,779,7,268,2013,9,1,5,2.5,160000,4,0,1,1,0,7,12
45781985,50178,1266.6,2,630,2016,1,0,5,3.7,56000,6,2,2,0,0,1,6
45811413,706,1058,7,268,2012,9,1,5,3.5,132165,6,0,1,1,0,7,12
45794228,14113,1711.27272727273,0,871,2002,4,1,5,4.4,180000,8,2,0,1,0,1,0
45432629,30107,308,5,258,2014,3,1,2,1.8,114000,4,3,1,1,0,3,10
45810202,17923,707,1,620,2011,9,1,5,2,149790,4,0,1,1,0,1,4
45811205,14069,1714,6,502,2017,4,1,5,3.5,13500,6,2,0,1,0,1,12
45799878,45160,345,1,856,2016,3,1,6,1.5,80000,4,3,1,1,0,1,8
45809634,28532,501,3,425,2014,3,1,5,1.5,77200,4,0,1,1,0,1,4
45771888,12388,1399,6,361,2010,9,1,1,3.5,189530,6,0,0,1,0,1,12
45769791,73071,1646,5,516,2015,4,1,5,4.6,188078,8,0,0,1,0,1,0
45807491,19130,1714,6,502,2017,4,1,5,3.5,75914,6,0,0,1,0,12,12
44954818,11290,1533.25,2,799,2000,6,0,1,2.5,111000,5,1,2,1,0,2,2
45794807,13172,1185,2,409,2009,4,1,2,2.5,205000,4,2,0,1,0,6,8
44763530,31361,1338.90845620294,0,125,2010,9,1,5,3,175000,6,2,2,1,0,2,6
45801650,19416,531,4,387,2012,9,1,5,1.6,79534,4,0,1,1,0,7,4
45810578,16894,642,1,639,2012,4,1,1,2,155329,4,0,1,1,0,12,4
45654706,20071,1292,6,502,2016,4,1,5,3,62938,6,0,0,1,0,1,0
45694943,8147,1236,3,437,2011,3,0,2,1.3,133000,4,2,1,1,1,12,4
45804798,25,940.695652173913,7,680,2012,4,1,1,2.2,120000,4,1,0,1,0,14,13
45770143,706,1646,5,516,2015,4,1,5,4.6,102907,8,0,0,1,0,1,0
45757612,392,585,3,293,2013,9,1,5,1.8,162520,4,0,1,1,0,1,12
45732837,11290,891,4,748,2016,9,1,4,2,270874,4,0,1,1,0,12,4
45808644,4861,697,7,298,2015,9,1,5,1.8,152630,4,0,1,1,0,14,12
45758161,862,1024,2,409,2010,4,1,2,2.5,174926,4,0,1,1,0,7,0
36987589,9408,1268,7,145,2012,3,0,5,1.5,111000,4,0,1,1,1,1,6
45732765,16599,707,4,748,2011,9,1,5,2,179352,4,0,1,1,0,1,4
45646570,1725,1514,6,492,2011,4,1,5,4.6,217485,8,0,0,1,0,12,12
45732701,13172,891,4,748,2016,9,1,4,2,478704,4,0,1,1,0,8,4
45730028,25889,639,4,387,2014,1,1,5,2,50478,4,0,1,1,0,14,4
45213616,20385,738,1,317,2017,9,0,5,1.4,64000,4,2,1,1,0,14,12
45809209,17663,503,7,145,2012,3,1,2,1.5,58405,4,0,1,1,0,12,4
45810519,23828,642,1,639,2012,4,1,1,2,110776,4,0,1,1,0,14,4
45813943,470,1273,6,605,2015,4,1,5,3.5,61648,6,0,2,1,0,1,12
45762985,15681,1429.8433516297,6,614,2002,4,1,5,2,200000,8,2,0,1,0,1,12
44077400,16151,798.780396435111,4,391,2012,1,0,5,1.8,95000,4,2,1,0,0,1,6
45783479,12544,1451.8,7,680,2001,4,1,5,2,169000,4,0,0,1,0,1,0
45654467,13328,1399,5,701,2010,4,1,2,3.5,186005,6,0,0,1,0,12,12
45784205,17249,353,7,643,2015,3,0,2,1.8,166400,4,3,1,1,0,2,12
42809468,8154,1599.33333333333,3,425,2005,3,0,5,1.3,117000,4,0,1,1,1,12,4
45748854,23521,1507.30769230769,6,837,2006,2,0,1,2.2,193102,4,1,2,1,0,14,2
45808976,12187,531,1,162,2012,3,1,5,1.6,65642,4,0,1,1,0,2,4
45761794,14740,586,2,805,2012,2,0,1,1.8,147000,4,1,1,0,0,2,4
45759429,251,753,4,748,2012,9,1,2,2.4,259184,4,0,1,1,0,12,0
45809308,25456,639,1,289,2014,4,1,1,2,160087,4,0,1,1,0,7,4
45647870,22894,1273,6,605,2015,4,1,1,3.5,79080,6,0,0,1,0,7,12
45732950,9252,765,4,748,2015,9,1,4,2,128965,4,0,1,1,0,8,4
45808880,14069,1011,2,421,2016,4,1,5,2.3,99742,4,0,1,1,0,14,4
45772408,30734,1053,6,361,2014,9,1,1,3.5,200179,6,0,0,1,0,1,12
45802850,14069,1076,4,733,2020,4,1,5,2,5900,4,0,1,1,0,7,4
45758089,5018,1646,5,516,2015,4,1,5,4.6,188078,8,0,0,1,0,1,0
45809184,49174,891,1,289,2016,4,1,1,2,48774,4,0,1,1,0,1,4
45268566,32929,757.14552238806,7,268,2015,9,1,2,2.5,40000,4,3,1,1,0,12,12
45797953,17158,531,4,387,2012,9,1,5,1.6,146816,4,0,1,1,0,14,4
45797319,23436,777,4,526,2014,7,1,1,2.5,173490,4,0,1,1,0,1,4
45802142,16480,1024,4,526,2010,10,1,1,2.5,328034,4,0,1,1,0,2,4
44457443,12388,741.884259259259,3,425,2012,3,0,2,1.3,95000,4,0,1,1,1,1,8
45780373,33556,1211,0,871,2010,4,1,1,3,143000,6,2,0,1,0,3,8
45806859,18503,584,4,387,2014,9,0,5,1.8,48000,4,2,1,1,0,12,12
45759683,17876,1711.27272727273,0,871,2003,4,1,1,3,180000,6,2,0,1,0,1,3
45760168,2430,2151,5,517,2009,4,1,5,2,264339,8,0,0,1,0,1,0
45769888,12388,1399,6,361,2010,9,1,1,3.5,189530,6,0,0,1,0,1,12
45803294,16894,836,4,748,2010,9,1,5,2,172253,4,0,1,1,0,7,4
45815108,5000,2084,2,799,1990,6,0,1,2.5,10000,4,1,2,0,0,14,0
45455842,17876,781,7,268,2012,9,1,2,2.5,90000,4,2,1,1,0,1,8
45647522,11133,394,7,268,2014,9,1,2,2.5,179381,4,0,1,1,0,1,12
45731532,43952,1249,4,526,2017,10,1,1,2.5,111643,4,0,1,1,0,7,4
45451680,90,872.02838865217,7,824,2007,7,0,4,2,180000,4,0,0,1,1,1,2
45664377,157,919,0,871,2012,4,1,1,3,296395,6,0,0,1,0,7,0
45804817,30712,877,4,817,2017,4,1,1,1.7,50380,4,0,1,1,0,14,4
45731047,37580,1091,4,526,2016,10,1,1,2.5,145830,4,0,1,1,0,14,4
45649425,14069,1714,6,502,2017,4,1,5,3.5,40000,6,2,0,1,0,7,12
45789461,7683,1082.27272727273,6,182,1997,9,0,5,2,415386,4,1,2,1,0,12,4
45798144,9747,790,4,387,2009,9,1,1,1.6,179740,4,0,1,1,0,12,4
45588073,11604,843,7,643,2008,9,0,2,1.5,149000,4,2,1,1,0,14,8
45570728,17249,2084,2,799,1998,6,0,1,2.5,300000,4,1,2,1,0,14,4
45813886,14069,2225,5,572,2017,9,1,5,4.6,15358,8,0,2,1,0,1,12
45809481,13764,503,7,145,2012,3,1,5,1.5,116453,4,0,1,1,0,15,4
45807121,11290,1714,6,502,2017,4,1,5,3.5,52675,6,0,2,1,0,2,12
45809823,11412,645,1,317,2011,9,1,5,1.8,107271,4,0,1,1,0,7,4
45732736,10036,639,4,748,2014,9,1,4,2,404507,4,0,1,1,0,12,4
45803708,27435,640,4,817,2013,4,1,1,2,167157,4,0,1,1,0,7,4
45781554,25402,777,7,268,2014,9,1,5,2.5,92800,6,2,1,1,0,14,10
45789668,54882,1690.85714285714,6,769,2007,6,1,1,2.7,145000,5,1,2,1,0,14,2
45809162,12184,446,3,425,2014,3,1,5,1.3,117811,4,0,1,1,0,2,4
45809194,19030,271,7,145,2014,10,1,2,1.5,66212,4,0,1,1,0,1,4
45809385,26858,502,3,425,2013,3,1,5,1.5,55948,4,0,1,1,0,8,4
45756585,9722,1051,3,141,2016,1,1,5,2.4,103467,4,0,1,0,0,14,12
45643609,10349,1500.5,7,583,1997,4,0,4,2.7,218000,4,0,0,0,1,2,2
45701440,15994,595.03007518797,2,465,2010,9,1,2,2.5,185000,4,0,1,1,0,7,10
44753524,27911,1058,5,694,2012,4,1,5,3.5,62000,6,2,1,1,0,1,12
45813888,24462,642,7,268,2012,9,1,5,2,172800,4,0,2,1,0,14,8
45779764,12544,761,7,643,2010,9,0,5,1.8,140000,4,3,1,1,0,2,4
45261332,14069,2959,7,576,2009,4,1,1,4.5,200000,8,0,0,1,0,1,0
45781817,5800,1387.22222222222,3,638,2003,7,0,5,2.3,275000,4,2,1,1,1,1,4
45769662,100,1701.21052631579,6,605,2007,4,1,5,3.5,200000,6,0,0,1,0,12,8
45802243,34074,777,4,526,2014,7,1,1,2.5,126970,4,0,1,1,0,12,4
45719603,12231,888.488372093023,7,643,2008,9,0,2,1.5,223560,4,0,1,1,0,14,2
45809050,14831,382,7,145,2017,3,1,2,1.5,181474,4,0,1,1,0,14,4
45749031,11290,1266,3,425,2014,3,0,2,1.5,182000,4,0,1,1,1,12,4
45802996,29950,891,4,733,2016,4,1,1,2,50079,4,0,1,1,0,14,4
45184062,19757,531,2,465,2012,9,1,5,1.6,117000,4,2,1,1,0,2,10
45809590,43545,697,3,293,2015,9,1,5,1.8,37064,4,0,1,1,0,14,4
45715126,9879,1266,7,145,2014,9,0,2,1.5,108000,4,0,1,1,1,12,4
45642481,29166,1329.79585953434,5,700,2008,4,1,5,3.3,249600,6,0,1,1,0,1,12
44724525,6899,2080,2,799,2000,6,0,1,2.5,193000,4,1,2,1,0,4,2
45767031,10036,1711.27272727273,0,871,2000,4,1,4,3,25000,6,2,0,1,0,12,6
45793734,9408,1025.35710856228,7,680,1997,4,0,5,2,140000,4,1,0,1,0,6,2
45772120,125,1664,7,822,2013,1,1,5,2,234683,8,0,2,1,0,14,12
45731812,38731,1249,4,526,2017,7,1,1,2.5,30066,4,0,1,1,0,7,4
45195122,20071,792.627815866797,4,748,2013,9,0,2,2.4,21920,6,0,1,1,0,12,11
45625950,1019,917,0,871,2013,4,1,1,3,137802,6,0,0,1,0,1,0
45798246,21639,831,4,387,2017,9,1,5,1.6,16687,4,0,1,1,0,7,4
45802587,39226,765,4,733,2015,4,1,1,2,147808,4,0,1,1,0,7,4
45802603,52034,1017,4,733,2017,4,1,1,2,82413,4,0,1,1,0,7,4
45794869,5645,1527,6,174,1995,9,0,0,1.8,46777,4,1,2,1,0,7,2
45647958,784,394,7,268,2014,9,1,2,2.5,102397,4,0,1,1,0,1,12
45801631,15681,1119.75,7,298,2006,10,0,1,2.2,222000,4,1,1,1,0,1,9
45760417,30,1599.33333333333,3,425,2004,3,0,5,1.3,150000,4,0,1,1,1,12,4
45801197,10036,888.488372093023,7,643,2006,9,0,5,1.5,305600,4,0,1,1,0,14,0
44752858,21953,1888,0,871,2007,4,1,5,3,216000,6,2,0,1,0,12,12
45769027,2744,751,4,748,2013,9,1,2,2.4,126690,4,0,1,1,0,12,0
45674451,10976,1507.30769230769,6,837,2004,2,0,1,2.2,316000,4,1,2,1,0,14,2
45810166,12717,645,1,575,2011,9,1,5,1.8,121831,4,0,1,1,0,7,4
45653518,2901,503,3,293,2012,4,1,2,1.5,146403,4,0,1,1,0,14,0
45804305,17562,1429.8433516297,6,357,2007,9,1,1,3,376000,6,2,2,1,0,14,0
45779768,14113,1598,0,50,2007,9,1,5,3,128965,6,2,2,1,0,12,16
45809220,39797,640,2,794,2013,9,1,5,2,58901,4,0,1,1,0,14,4
45796793,23521,377.528,1,853,2012,3,0,6,1.4,112101,4,0,1,1,0,7,10
45649665,392,781,7,268,2012,9,1,2,2.5,314373,4,0,1,1,0,7,12
45802835,52853,891,4,733,2016,4,1,1,2,89454,4,0,1,1,0,1,4
45793702,5331,1288,1,289,2007,4,1,1,2,48529,4,0,1,1,0,12,4
45755504,862,784,3,293,2017,9,1,5,1.5,0,4,0,1,1,0,14,12
45732335,36228,640,4,733,2013,4,1,1,2,174144,4,0,1,1,0,1,4
45765594,12544,1408,2,799,2007,6,0,1,2.2,100000,4,1,1,1,0,14,4
45733420,52959,1017,4,748,2017,9,1,5,2,13941,4,0,1,1,0,14,4
45811086,2195,586,7,643,2012,3,1,2,1.8,430278,4,0,1,1,0,1,12
45769859,110,2225,5,516,2017,4,1,5,4.6,0,8,0,0,1,0,14,0
45798994,6272,640,2,465,2013,9,0,2,2,178000,4,2,1,1,0,7,10
45781075,18817,586,6,191,2012,9,1,5,1.8,89500,4,0,2,1,0,1,12
45801415,14700,582.788167938931,7,643,2011,9,0,5,1.8,150000,4,3,2,1,0,1,10
44527390,10820,1266,7,145,2014,9,0,2,1.5,102000,4,0,1,1,1,12,2
45816563,549,751,4,748,2013,9,1,5,2.4,166774,4,0,1,1,0,12,12
45806682,627,900,1,407,2015,4,1,5,2.4,78926,4,0,0,1,0,1,12
44783418,13485,757.14552238806,7,268,2010,9,0,2,2.5,123000,4,1,2,0,0,14,4
45648882,3920,1104,0,871,2015,4,1,1,3,201056,6,0,0,1,0,1,12
45810017,22715,503,7,145,2012,3,1,5,1.5,45000,4,0,1,1,0,8,4
45769174,188,289,2,409,2008,9,1,2,0.4,209843,4,0,1,1,0,7,0
45809435,5225,247,3,425,2014,10,1,2,1.3,193895,4,0,1,1,0,14,4
45766966,20385,1185,5,549,2008,9,1,5,2.5,162300,6,2,2,1,0,7,10
45815010,470,1091,7,268,2016,9,1,5,2.5,154314,4,0,1,1,0,7,12
45763780,157,1363,5,516,2012,4,1,5,4.6,189704,8,0,0,1,0,7,0
45733001,19416,707,4,748,2011,9,1,5,2,175221,4,0,1,1,0,14,4
45732695,12544,765,4,748,2015,9,1,4,2,471632,4,0,1,1,0,8,4
45650211,3763,1850,6,605,2008,4,1,1,3.5,366869,6,0,0,1,0,1,12
45793616,20385,751,4,754,2011,9,1,2,2.4,104000,4,0,1,1,0,14,10
45648536,470,1018,6,605,2011,4,1,1,3,275862,6,0,0,1,0,12,12
45615857,19130,1292,6,502,2016,4,1,5,3,62938,6,0,0,1,0,1,0
45809171,24029,1058,2,794,2012,9,1,5,3.5,101315,4,0,1,1,0,1,4
45816509,6899,1527,6,174,1997,9,0,5,1.8,445908,4,0,2,1,0,1,2
45720191,15681,1429.8433516297,6,357,2003,9,1,5,3.2,222000,6,2,2,1,0,1,14
45733630,55343,1079,4,748,2018,9,1,5,2,42563,4,0,1,1,0,14,4
45803535,53314,891,1,264,2016,1,0,5,2,32000,4,2,2,0,0,11,10
45641335,11133,394,7,268,2014,9,1,2,2.5,179381,4,0,1,1,0,1,12
45745123,5642,970.867153989687,2,744,1992,9,0,1,1.8,168000,4,1,2,1,0,6,2
45722204,14069,915,0,871,2014,4,1,5,3,96000,6,2,0,1,0,7,6
45504593,19287,640,2,472,2013,9,0,2,2,97000,4,3,1,1,0,3,12
45793886,51746,1055,6,361,2013,9,1,5,3.5,121600,8,0,2,1,0,7,10
45796646,6125,1282,1,289,2007,4,1,1,2,75152,4,0,1,1,0,1,4
45813920,1490,1399,6,361,2010,9,1,5,3.5,249734,6,0,0,1,0,2,12
45786129,10976,988,7,643,2007,3,0,5,1.5,90000,4,3,1,2,0,5,8
45750699,27911,1327,7,680,2018,9,1,5,2.5,28784,4,0,1,1,0,1,12
45803642,12231,836,4,817,2010,4,1,1,2,68876,4,0,1,1,0,14,4
45805965,14113,777,2,465,2014,9,0,5,2.5,134000,4,0,1,1,0,14,12
45768559,14269,1324,7,535,2010,4,1,2,3.3,300366,6,0,0,1,0,2,12
45780573,11917,749.991967871486,7,145,2012,3,0,2,1.3,155000,4,3,1,1,1,14,4
44922916,15524,781,1,321,2018,9,0,5,1.4,21786,4,0,1,1,0,1,8
45522180,13172,585,7,643,2013,3,0,2,1.8,180000,4,2,1,1,0,11,8
45778723,12544,642,2,452,2012,9,0,5,2,139010,4,0,1,1,0,7,0
45650214,22894,1273,6,605,2015,4,1,1,3.5,79080,6,0,0,1,0,7,12
45810619,6586,364,1,768,2012,3,1,5,1,40079,4,0,1,1,0,1,4
45292910,12500,645,2,805,2011,2,0,1,1.8,180000,4,1,1,0,0,6,2
45759593,7840,1429.8433516297,6,331,1997,9,0,5,2,305125,4,1,2,1,0,2,4
45107574,14069,1481,6,505,2017,1,1,5,3,14914,6,0,0,1,0,14,12
45767516,470,1750,7,535,2008,4,1,2,3.3,182024,6,0,0,1,0,1,12
45814760,11604,749.991967871486,7,145,2013,3,1,2,1.5,118000,4,3,1,1,1,14,4
45768560,1490,1360,5,517,2013,4,1,5,4.6,154115,8,0,0,1,0,1,0
45768787,549,574,3,560,2010,3,1,2,1.3,245070,4,0,1,1,0,14,0
45810535,22357,642,1,639,2012,4,1,1,2,132863,4,0,1,1,0,7,4
45433856,24775,1684.925,6,361,2008,9,1,5,3.5,163000,6,2,2,1,0,1,8
45660991,3920,1104,0,871,2015,4,1,1,3,201056,6,0,0,1,0,1,0
45772522,1646,1750,7,535,2008,4,1,2,3.3,269162,6,0,0,1,0,12,12
45644420,784,394,7,268,2014,9,1,2,2.5,102397,4,0,1,1,0,1,12
45812924,21639,885,6,182,2010,9,0,1,2.2,310000,4,1,2,1,0,7,10
45732592,50018,640,4,733,2013,4,1,1,2,128197,4,0,1,1,0,7,4
45681643,12231,474,1,317,2013,9,0,5,1.4,112000,4,2,1,1,0,11,12
45731081,27463,1091,4,526,2016,10,1,1,2.5,203073,4,0,1,1,0,7,4
45771378,784,781,2,409,2012,4,1,2,2.5,95349,4,0,1,1,0,2,0
45761976,13172,753,4,748,2012,9,0,2,2.4,125000,4,3,1,1,0,12,10
45802020,15323,836,4,522,2010,1,1,5,2,132008,4,0,1,1,0,7,4
45759531,392,353,5,258,2015,3,1,2,1.8,115347,4,0,1,1,0,7,0
45803485,13172,891,4,748,2016,9,1,4,2,128965,4,0,1,1,0,8,4
45651217,39201,1714,6,502,2017,4,1,5,3.5,95541,6,0,2,1,0,1,0
45800561,23521,582.788167938931,7,643,2012,3,1,2,1.8,107000,4,0,1,1,0,2,10
45239842,18817,455.705882352941,7,651,2014,3,0,2,1.5,63000,4,3,1,1,0,8,12
45816272,5645,1308,0,891,2012,4,1,5,4.4,123622,8,0,0,1,0,12,12
45816357,15681,862,7,581,1993,4,0,5,4.5,223000,6,0,0,1,0,6,0
45802868,48403,971,4,733,2016,4,1,1,2.2,125629,4,0,1,1,0,1,4
45781867,68053,757.14552238806,7,268,2018,9,1,5,2.5,40000,4,2,1,1,0,1,12
45809100,24571,640,1,289,2013,4,1,1,2,153000,4,0,1,1,0,7,4
45796743,11604,741.884259259259,3,425,2012,3,1,5,1.3,145000,4,3,1,1,1,2,4
45768848,20385,1662.33333333333,0,57,2007,1,1,5,3.5,130000,6,1,2,0,1,1,8
45773583,12544,862,2,465,2011,9,1,2,2.5,82603,4,0,1,1,0,2,0
45741131,11300,988,7,643,2007,9,0,2,1.5,150000,4,0,1,1,0,4,12
45463497,36065,788.140435835351,4,817,2017,4,0,5,2,36800,4,2,1,1,0,7,8
45656636,1803,574,3,560,2010,3,1,2,1.3,187312,4,0,1,1,0,2,0
45810195,22260,639,1,620,2014,9,1,5,2,120000,4,0,1,1,0,14,4
45798711,9252,1599.33333333333,3,425,2007,3,0,5,1.5,146500,4,1,1,1,1,1,2
45732740,10036,639,4,748,2014,9,1,4,2,319850,4,0,1,1,0,12,4
45795563,9408,888.488372093023,7,643,2006,3,1,2,1.5,320000,4,2,1,1,0,5,6
45784433,6899,1429.8433516297,6,331,1998,9,1,5,2,0,4,0,2,1,0,12,4
45815931,1019,586,4,387,2012,9,1,5,1.8,240560,4,0,1,1,0,1,12
45709370,10000,1266,7,145,2014,3,0,2,1.5,98000,4,0,1,1,1,3,2
45772683,14069,1935,5,516,2016,4,1,5,4.6,155976,8,0,0,1,0,14,0
44927509,17249,475,1,317,2012,9,1,5,1.4,122000,4,2,1,1,0,14,6
45804927,14426,639,4,748,2014,9,1,5,2,60800,4,0,1,1,0,1,8
45812042,29793,872.02838865217,7,534,2004,6,0,1,2.2,371500,4,1,0,1,0,14,2
45773259,314,259,1,853,2014,3,1,2,1.4,131893,4,0,1,1,0,3,0
45770110,29793,1053,6,361,2014,9,1,1,3.5,219030,6,0,0,1,0,1,12
45806768,6586,690,3,425,2016,3,1,5,1.5,0,4,0,1,1,0,7,12
45694629,11917,530,2,465,2013,9,1,5,1.6,62000,4,2,1,1,0,2,6
43056591,16308,738,1,321,2017,9,0,5,1.4,31109,4,0,1,1,0,1,8
45768987,18503,1711.27272727273,0,871,2005,4,1,5,3,270000,6,2,0,1,0,7,10
45810992,33243,2225,5,516,2017,4,1,5,4.6,69918,8,0,0,1,0,14,12
45811329,2117,919,6,361,2012,9,1,1,3,171221,6,0,2,1,0,1,12
45779791,16621,585,4,387,2013,9,0,5,1.8,128965,4,2,1,1,0,14,8
45794910,8781,1750,5,693,2000,4,1,5,3,230000,6,0,0,1,0,6,0
45813367,392,917,0,871,2013,4,1,5,3,160813,6,0,0,1,0,14,12
45769683,26030,382,1,853,2017,3,1,2,1.5,52062,4,0,1,1,0,2,0
45653701,15681,1811,5,516,2010,4,1,5,4.6,275240,8,0,0,1,0,12,0
45653739,784,1646,5,516,2015,4,1,5,4.6,129931,8,0,0,1,0,1,0
45721256,30,1599.33333333333,3,425,2005,3,0,5,1.3,0,4,0,1,1,1,12,4
45801504,25729,831,4,387,2017,9,1,5,1.6,56378,4,0,1,1,0,12,4
45781377,28000,958.421319796954,4,526,2012,7,0,1,2.5,196000,4,1,2,1,0,14,2
45773298,16308,562,1,317,2015,9,1,5,1.4,104000,4,2,1,1,0,2,10
45676014,12231,531,2,465,2012,9,0,5,1.6,82000,4,2,1,1,0,14,4
45772437,470,2225,5,516,2017,4,1,5,4.6,69918,8,0,0,1,0,14,0
45810827,1176,1077,4,387,2019,9,1,5,2,16013,4,0,1,1,0,7,12
45804416,42218,1017,4,817,2017,4,1,1,2,89736,4,0,1,1,0,12,4
45797225,18973,836,4,387,2010,9,1,5,2,123648,4,0,1,1,0,5,4
44698162,46728,769.5,6,227,2014,9,1,5,2,77000,4,2,1,1,0,12,8
45813247,2352,1091,7,268,2016,9,1,5,2.5,78920,4,0,1,1,0,1,12
45807354,24775,919,6,487,2012,4,1,1,3,255114,6,0,0,1,0,1,12
45776481,43905,911,6,835,2010,7,0,1,2.2,178000,4,1,2,1,0,5,8
45760827,8781,584,4,387,2014,9,1,5,1.8,60000,4,2,1,1,0,7,10
45646874,392,781,7,268,2012,9,1,2,2.5,314373,4,0,1,1,0,7,12
45768418,15681,1811,5,516,2010,4,1,5,4.6,275240,8,0,0,1,0,12,0
45642810,3607,781,7,268,2012,9,1,2,2.5,156518,4,0,1,1,0,14,12
45732866,25716,891,4,748,2016,9,1,4,2,57491,4,0,1,1,0,11,4
45802201,33741,777,4,526,2014,7,1,1,2.5,106200,4,0,1,1,0,7,4
45793654,6429,1282,1,289,2007,4,1,1,2,76198,4,0,1,1,0,12,4
45624957,4077,919,0,871,2012,4,1,1,3,274098,6,0,0,1,0,14,0
45802560,50196,891,4,733,2016,4,1,1,2,117618,4,0,1,1,0,14,4
45793984,23521,900,4,748,2015,9,1,5,2.4,91200,4,2,1,1,0,2,6
45751832,1803,1277,4,748,2018,9,1,5,2.4,11314,4,0,1,1,0,7,12
45772505,1019,1537,7,535,2009,9,1,2,3.3,318358,6,0,0,1,0,1,12
45804834,19924,640,4,817,2013,4,1,1,2,41204,4,0,1,1,0,14,4
45767442,706,1399,6,361,2010,9,1,1,3.5,205968,6,0,0,1,0,14,12
45786318,9408,1429.8433516297,6,331,1993,9,0,5,2,219529,4,1,2,1,0,10,0
43705008,29166,755.375,3,293,2016,9,0,5,2,44821,4,1,1,1,0,14,6
45809213,38217,639,1,289,2014,4,1,1,2,48450,4,0,1,1,0,14,4
45476495,14426,585,4,387,2013,9,0,5,1.8,80000,4,0,1,1,0,3,6
45797816,18826,530,4,387,2013,9,1,5,1.6,167137,4,0,1,1,0,7,4
45805058,19943,642,4,817,2012,4,1,1,2,102156,4,0,1,1,0,14,4
45789215,17249,1533.25,2,799,2009,6,0,1,2.2,163077,4,1,1,1,0,11,2
45772938,314,1017,6,355,2017,9,1,5,2,26802,4,0,2,1,0,1,12
45816412,157,749,4,748,2014,9,1,5,2.4,144123,4,0,1,1,0,12,12
45798254,25032,831,4,387,2017,1,1,5,1.6,22607,4,0,1,1,0,14,4
45648489,784,1537,7,535,2009,4,1,2,3.3,472304,6,0,0,1,0,14,12
45803910,23994,640,4,817,2013,4,1,1,2,165003,4,0,1,1,0,11,4
45801990,36711,642,4,522,2012,1,1,5,2,77231,4,0,1,1,0,7,4
45813545,549,1885,0,871,2010,4,1,5,2,197200,8,0,0,1,0,7,12
45809468,36997,830,7,145,2019,3,1,5,1.5,2598,4,0,1,1,0,14,4
45769417,4861,1058,6,361,2012,9,1,1,3.5,128202,6,0,2,1,0,1,12
45759258,282,2455,5,517,2008,4,1,5,2,218126,8,0,0,1,0,1,0
45732776,14247,836,4,748,2010,9,1,5,2,63655,4,0,1,1,0,1,4
45505352,10036,1832,6,837,2005,2,0,1,2.2,360000,4,1,2,1,0,12,4
45789123,14113,970.867153989687,2,795,2007,4,1,5,3.5,168000,6,0,0,1,0,2,12
45384215,34497,940.695652173913,7,680,2014,4,0,5,2.5,139200,4,2,0,1,0,7,6
45778070,3136,888.488372093023,7,643,2006,9,1,2,1.5,215000,4,0,1,1,0,11,6
45700134,35438,720.051834985287,1,266,2010,1,0,5,3.6,100000,6,1,2,0,0,1,6
45030700,19287,650,1,622,2016,9,0,5,1.4,17961,4,0,1,1,0,1,8
45802043,22106,707,4,522,2011,1,1,5,2,134000,4,0,1,1,0,1,4
45758402,18817,639,0,35,2014,9,1,5,2,121003,4,0,2,1,0,11,0
45810355,13150,765,1,620,2015,9,1,4,2,56128,4,0,1,1,0,14,4
45767399,13642,1172,6,361,2011,9,1,1,3.5,64496,6,0,0,1,0,2,12
45792754,13172,1528,2,799,2007,6,0,1,2.4,250000,4,1,2,1,0,14,0
45742339,30,1599.33333333333,3,425,2003,3,0,5,1.3,164000,4,0,1,1,1,2,4
45808780,3136,722,6,746,2002,1,0,5,0.6,10000,4,2,2,0,0,2,2
45041660,25089,2505,0,879,2007,4,1,5,3,285000,6,2,0,1,0,7,8
45734360,30,1599.33333333333,3,425,2005,3,0,5,1.3,0,4,0,1,1,1,12,4
45808573,314,707,2,452,2011,9,1,5,2,242211,4,0,1,1,0,11,12
45624870,14113,769,2,799,2011,2,0,1,2.2,165852,4,1,1,1,0,14,2
45812735,22000,1091,7,281,2016,9,1,5,2.5,142000,4,2,1,1,0,1,0
45813854,2509,530,2,465,2013,9,1,5,1.6,358936,4,0,1,1,0,12,12
45763365,1019,765,4,817,2015,4,1,5,2,0,4,0,1,1,0,1,0
45339525,14740,645,7,643,2011,9,0,2,1.8,112000,4,3,1,1,0,14,8
45766537,862,1399,6,361,2010,9,1,5,3.5,239224,6,0,0,1,0,1,12
45434962,9800,707,2,805,2011,2,0,5,2,161000,4,0,1,1,0,14,5
45642802,31,490,3,560,2011,3,1,2,1.3,198891,4,0,1,1,0,7,0
45793631,26971,986,2,799,2010,6,0,1,2.4,155000,4,1,2,1,0,14,2
45807216,18817,831,4,748,2011,9,0,2,2.4,169600,4,0,2,1,0,14,4
45804799,53154,930,4,817,2018,4,1,1,1.7,79550,4,0,1,1,0,14,4
45775904,3763,2084,2,799,1994,6,0,1,2.5,11111,4,1,2,0,0,11,0
43722104,16935,308,7,643,2014,3,0,2,1.8,91358,4,3,1,1,0,7,12
45802552,14069,1968,4,733,2019,4,1,5,3.8,24074,4,0,1,1,0,14,4
45802367,9408,1429.8433516297,6,602,2000,4,1,4,3.2,234603,6,0,0,1,0,12,4
45802839,22693,836,4,733,2010,4,1,1,2,153997,4,0,1,1,0,12,4
45760907,2744,751,4,748,2013,9,1,2,2.4,126690,4,0,1,1,0,12,0
45764897,706,1850,6,361,2008,9,1,1,3.5,122874,6,0,2,1,0,1,12
44516759,19444,455.705882352941,7,651,2012,3,0,2,1.5,176000,4,0,1,1,0,14,6
45731762,47957,934,4,526,2015,10,1,1,2.5,40593,4,0,1,1,0,1,4
45809332,21109,833,1,289,2015,4,1,1,2.2,78541,4,0,1,1,0,12,4
45809470,20432,502,3,425,2013,3,1,5,1.5,79500,4,0,1,1,0,1,4
45780736,8467,1429.8433516297,6,354,1998,9,0,1,2.9,40000,8,1,2,1,0,10,2
44938649,42337,1020.57819905213,0,871,2010,4,1,1,3,260000,5,2,0,1,0,1,8
45146174,17876,802.125,2,799,2011,6,0,1,2.2,133700,4,1,1,1,0,14,6
45623717,18189,777,7,268,2014,9,0,5,2.5,147000,4,2,1,1,0,1,10
45731005,10945,1024,4,526,2010,7,1,1,2.5,112219,4,0,1,1,0,12,4
45732768,16599,836,4,748,2010,9,1,5,2,184495,4,0,1,1,0,12,4
45804896,27259,642,4,817,2012,4,1,1,2,117862,4,0,1,1,0,14,4
45768730,2352,503,3,425,2012,9,1,5,1.5,167158,4,0,1,1,0,7,0
45807142,7840,2084,2,799,1996,6,0,1,2.5,25000,1,1,2,0,1,2,2
45786753,8467,939.882352941176,7,849,2008,3,0,5,1.5,170000,4,0,0,1,1,14,6
45811252,392,1091,7,680,2016,4,1,5,2.5,125675,4,0,0,1,0,11,12
45803354,10036,891,4,748,2016,9,1,4,2,517559,4,0,1,1,0,8,4
45812037,18817,650,1,317,2016,9,0,5,1.4,103000,4,0,1,1,0,1,12
45759421,3607,441,4,748,2015,9,1,2,2.4,229192,4,0,1,1,0,12,0
43325843,350,1338.90845620294,0,98,2012,9,1,5,3.5,140000,6,2,2,1,0,14,12
45757890,13799,777,2,465,2014,9,0,5,2.5,137374,4,0,1,1,0,12,0
45789705,14069,1020.57819905213,0,871,2015,4,1,5,3,56000,6,2,0,1,0,1,12
45748576,30,1599.33333333333,3,425,2005,3,0,5,1.3,0,4,0,1,1,1,7,4
45792630,28225,1172,6,605,2011,4,1,5,3.5,129000,6,2,2,2,0,14,12
45806365,1803,585,7,643,2013,3,1,2,1.8,184528,4,0,1,1,0,14,12
45732328,26861,769,4,733,2011,4,1,1,2.2,188787,4,0,1,1,0,14,4
45776107,6586,1429.8433516297,6,185,2001,9,0,0,2,260000,4,1,2,1,1,2,4
45653707,34811,1363,5,516,2012,4,1,5,4.6,229334,8,0,0,1,0,1,0
45428278,13485,1429.8433516297,6,357,2004,9,1,5,3.2,231200,6,2,2,1,0,5,10
45815116,470,1024,7,268,2010,9,1,5,2.5,369814,4,0,1,1,0,2,12
45788630,90,792.627815866797,4,748,2014,9,1,2,2.4,105000,4,2,1,1,0,7,16
45814296,11604,1998,2,799,2001,6,0,1,2.4,1000,4,1,2,0,0,14,2
45809688,49848,1077,3,293,2019,9,1,5,2,20700,4,0,1,1,0,7,4
44654408,17562,1662.33333333333,0,57,2008,9,1,5,3.5,211200,8,2,2,1,0,6,0
45764581,21012,1195,6,837,2008,6,0,1,2.2,179348,4,1,2,1,0,14,2
45768251,12544,345,7,643,2016,9,1,2,1.5,296104,4,0,1,1,0,1,12
45800846,10976,612,4,903,2010,9,0,1,1.4,193000,4,1,1,2,0,2,8
45651703,282,753,4,748,2012,9,1,2,2.4,226814,4,0,1,1,0,1,0
45774187,314,2410,6,361,2010,9,1,5,2,274771,8,0,2,1,0,14,12
45797219,20855,730,4,387,2016,9,1,4,1.6,31780,4,0,1,1,0,1,4
45802526,41886,694,4,733,2014,4,1,1,2.2,126410,4,0,1,1,0,7,4
45655469,6586,746,7,643,2009,3,1,2,1.5,173213,4,0,1,1,0,14,12
45762392,9565,397,5,258,2016,3,1,2,1.8,71904,4,0,1,1,0,14,0
45262565,21796,1249,7,274,2017,9,1,5,2.5,46096,4,0,1,1,0,1,8
45811308,9252,917,0,871,2013,4,1,1,3,88829,6,0,0,1,0,1,12
45776041,19757,650,1,317,2016,9,0,5,1.4,58000,4,2,1,1,0,1,16
45787112,54882,1823,7,542,2012,8,0,1,3,163000,4,1,0,1,0,12,8
45809945,23521,585,7,670,2013,3,0,5,1.8,152000,4,0,1,1,0,12,12
45654000,314,1646,5,516,2015,4,1,5,4.6,102907,8,0,0,1,0,1,0
45811777,9722,1681,0,35,2001,9,0,5,2.2,167815,6,2,2,1,1,2,4
45766459,862,1399,6,361,2010,9,1,1,3.5,239224,6,0,0,1,0,1,12
45731766,45633,1091,4,526,2016,10,1,1,2.5,93000,4,0,1,1,0,14,4
45656629,157,919,6,605,2012,4,1,1,3,145227,6,0,0,1,0,7,12
45729596,24775,753,3,312,2012,4,0,5,2.4,107000,4,0,0,1,0,14,8
45780362,15681,832.188679245283,2,409,2009,4,0,2,2.3,160000,4,3,0,1,0,1,4
45768258,68681,1493,6,502,2016,4,1,5,3.5,117368,6,0,0,1,0,1,0
45792579,7527,475,1,321,2012,9,0,5,1.4,216000,4,1,1,1,0,1,6
45750174,13667,888.488372093023,7,643,2008,9,0,2,1.5,211000,4,3,1,1,0,14,0
45803250,10976,765,4,748,2015,9,1,4,2,128965,4,0,1,1,0,14,4
45795760,40769,1496.78125,6,174,2008,9,0,5,1.8,2700,4,1,2,1,0,1,0
45125944,62408,1811,5,516,2010,4,1,5,4.6,133000,8,2,0,1,0,12,10
45311333,14113,586,7,648,2012,9,0,2,1.8,132451,4,2,1,1,0,11,8
45801187,14113,1338.90845620294,0,126,2002,9,1,5,4.4,287000,8,2,2,1,0,1,0
44298058,16465,1017,4,397,2017,9,0,5,2,69232,4,0,1,1,0,7,8
45760752,42651,1017,6,498,2017,4,1,5,2,44995,4,0,0,1,0,1,0
45797273,15323,583,4,387,2011,9,1,5,1.6,125933,4,0,1,1,0,12,4
45764199,470,2225,5,516,2017,4,1,5,4.6,69918,8,0,0,1,0,14,0
45786764,6272,1527,6,174,1995,9,0,0,2,237000,4,1,2,1,0,12,2
45732848,15053,765,4,748,2015,9,1,4,2,290431,4,0,1,1,0,12,4
45661423,941,1058,5,701,2012,4,1,2,3.5,232357,6,0,0,1,0,1,12
45803716,36711,877,4,817,2017,4,1,1,1.7,90000,4,0,1,1,0,12,4
45804863,31581,640,4,817,2013,4,1,1,2,101042,4,0,1,1,0,14,4
45765287,12388,1399,6,361,2010,9,1,1,3.5,189530,6,0,0,1,0,1,12
45794492,8154,1529,0,30,2001,9,1,5,1.9,240000,4,1,2,1,0,12,2
45792172,13172,872.02838865217,7,682,2002,4,0,5,2,120000,4,0,0,1,0,7,6
45769483,392,831,4,817,2011,4,1,5,2.4,179746,4,0,1,1,0,14,0
45759306,20385,1338.90845620294,0,61,2007,9,1,5,3.5,0,6,2,2,1,0,2,8
45797999,15423,687,4,387,2010,9,1,5,1.6,136496,4,0,1,1,0,12,4
45729870,27065,629,4,387,2015,9,1,5,1.6,81036,4,0,1,1,0,14,4
45765461,10192,872.02838865217,7,172,2006,7,0,5,1.5,200000,4,0,1,1,1,14,8
44984036,14069,1269,0,891,2010,4,1,5,3.5,180000,6,2,0,1,0,1,0
45798219,33575,880,4,387,2018,9,1,5,1.6,53871,4,0,1,1,0,14,4
45787136,40142,1586,7,70,2010,4,0,5,4,283200,6,0,0,1,0,12,8
45782407,11917,1024,2,465,2010,9,0,2,2.5,176000,4,3,1,1,0,7,6
39896337,70,888.488372093023,7,643,2008,9,0,2,1.6,150000,4,0,1,1,0,11,8
45786366,7840,1446.97098646035,3,312,1999,4,0,5,2,44000,4,1,0,1,0,6,2
45745913,72130,1429.8433516297,6,846,2016,7,0,1,1.6,57000,4,1,1,1,0,1,2
45652867,392,831,4,748,2011,9,1,2,2.4,0,4,0,1,1,0,12,0
45775884,59272,968,0,124,2015,9,1,5,3,99200,6,2,2,1,0,1,16
45813403,392,640,2,465,2013,9,1,2,2,128341,4,0,1,1,0,1,0
45729839,27065,629,4,387,2015,9,1,5,1.6,104900,4,0,1,1,0,7,4
45797855,18826,531,4,387,2012,9,1,5,1.6,132000,4,0,1,1,0,12,4
45499316,10663,741.884259259259,3,425,2011,3,0,2,1.3,136000,4,3,1,1,1,12,6
45652429,157,1058,6,605,2012,4,1,1,3.5,245762,6,0,0,1,0,1,12
45209167,13956,640,4,756,2013,9,1,5,2,109591,4,0,1,1,0,13,8
45730692,27654,629,4,387,2015,9,1,5,1.6,68201,4,0,1,1,0,14,4
40492861,10663,658,3,560,2009,3,0,2,1.3,137000,4,0,1,1,0,7,12
45792569,5645,1848,6,335,1997,9,0,1,2.2,296376,4,1,2,1,0,1,4
45733202,13172,891,4,748,2016,9,1,4,2,369695,4,0,1,1,0,8,4
45810836,3293,1872,1,559,2018,9,1,5,3.6,71194,6,0,1,1,0,12,12
45642856,251,607,7,268,2019,9,1,2,2.5,39552,4,0,1,1,0,1,12
45765022,17249,353,7,643,2015,3,0,2,1.8,205338,4,0,1,1,0,12,0
45810341,2352,980,7,298,2018,9,1,5,1.8,31176,4,0,1,1,0,1,12
45772201,1,1202,1,575,2006,3,0,5,1.6,200000,4,1,1,1,0,1,2
45706058,13291,586,7,643,2012,9,1,2,1.8,198400,4,0,1,1,0,7,0
45776781,13172,1296,7,288,2008,9,0,2,2.4,192000,4,2,1,1,0,12,12
45764927,157,1363,5,516,2012,4,1,5,4.6,189704,8,0,0,1,0,7,0
45765459,706,503,3,425,2012,4,1,5,1.5,277856,4,0,1,1,0,14,0
45787599,21953,565.416666666667,2,214,2015,3,1,6,2,124000,4,2,1,1,0,7,12
45772290,549,810,4,387,2016,9,1,5,1.8,47422,4,0,1,1,0,1,12
45392646,17249,741.884259259259,3,425,2014,9,0,2,1.5,127000,4,2,1,1,1,12,6
45795632,18817,2505,0,879,2008,4,1,5,2,272000,8,2,0,1,0,1,10
45755547,941,1024,7,268,2010,9,1,5,2.5,236571,4,0,1,1,0,12,12
45768525,54568,1360,5,517,2013,4,1,5,4.6,202651,8,0,0,1,0,1,0
45768257,862,761,7,643,2010,9,1,2,1.8,421546,4,0,1,1,0,12,12
45808407,157,1273,5,694,2015,4,1,5,3.5,290235,6,0,0,1,0,14,12
45757064,12544,1533.25,2,799,2001,6,0,1,2,149000,4,1,1,1,0,1,12
45815257,1254,1055,7,535,2013,4,1,5,3.5,202861,6,0,0,1,0,12,12
45797012,10976,536.5,3,255,2011,9,0,2,1.5,170000,4,0,1,0,0,1,4
45773531,5959,394,7,268,2014,9,1,2,2.5,0,4,0,1,1,0,1,12
45765428,6586,1190,7,792,2014,9,1,5,4,0,6,0,2,1,0,12,12
45791780,26657,1399,5,701,2010,4,0,2,3.5,0,6,0,0,1,0,1,0
41218257,50,888.488372093023,7,643,2009,3,1,2,1.5,170000,4,0,1,1,0,1,0
45124231,35124,1701.21052631579,6,605,2009,4,1,1,3,197277,6,0,0,1,0,7,10
45788669,18189,582.788167938931,7,643,2013,3,0,2,1.5,42000,4,0,1,1,0,14,8
45767320,1568,1172,6,361,2011,1,1,1,3.5,226251,6,0,2,0,0,1,12
45652363,941,753,4,748,2012,9,1,5,2.4,181131,4,0,1,1,0,12,12
45783749,63976,1078.53623188406,6,605,2015,4,1,5,3.5,39300,6,2,0,1,0,1,12
45810375,15367,765,1,620,2015,9,1,4,2,33034,4,0,1,1,0,1,4
45733578,62992,1079,4,748,2018,9,1,5,2,72913,4,0,1,1,0,1,4
45815802,12544,640,2,452,2013,3,0,5,2,215626,4,1,1,1,0,12,12
45732379,23536,836,4,733,2010,4,1,1,2,198474,4,0,1,1,0,12,4
45789498,17876,582.788167938931,7,643,2010,9,1,2,1.8,310400,4,3,1,1,0,14,6
45770937,30734,1053,6,361,2014,9,1,1,3.5,200179,6,0,0,1,0,1,12
45816339,3450,271,7,643,2014,3,1,2,1.5,96072,4,0,1,1,0,2,12
45760219,470,2225,5,516,2017,4,1,5,4.6,69918,8,0,0,1,0,14,0
45767718,1725,1324,7,535,2010,9,1,2,3.3,226198,6,0,0,1,0,6,12
45097856,47042,1327,7,680,2018,4,0,5,2.5,15000,4,0,1,1,0,1,2
45755563,1803,831,3,312,2011,4,1,5,2.4,244067,4,0,1,1,0,12,12
45810940,1882,738,1,317,2017,9,1,5,1.4,119352,4,0,1,1,0,1,12
45768502,314,639,2,452,2014,9,1,5,2,142330,4,0,1,1,0,1,12
45804222,25299,836,4,817,2010,4,1,1,2,111200,4,0,1,1,0,12,4
45384435,20385,1026.00733117836,3,316,2010,4,1,5,3.5,176000,6,0,0,1,0,1,8
45759308,5959,1338.90845620294,0,27,1995,9,1,5,1.6,294000,4,1,2,1,0,1,4
45203786,39201,456,7,275,2015,9,1,2,2.5,40899,4,0,1,1,0,1,4
45769354,314,753,4,817,2012,4,1,5,2.4,177080,4,0,1,1,0,12,0
43990433,50,888.488372093023,7,643,2009,3,1,2,1.5,200000,4,0,1,1,0,1,10
45649074,7527,1714,6,502,2017,4,1,5,3.5,55403,6,0,2,1,0,1,0
45754127,13485,2467,0,56,2005,9,1,4,3,150000,6,2,2,1,0,1,8
45770560,16932,582.788167938931,7,643,2010,9,0,2,1.8,376000,4,0,1,1,0,14,8
45810812,3763,879,2,448,2019,9,1,5,1.6,47736,4,0,1,1,0,7,12
45755051,20385,1701.21052631579,6,605,2006,4,1,5,3.5,176000,6,0,0,1,0,5,8
45648384,11290,690,5,701,2016,4,1,2,3.5,59858,6,0,1,1,0,12,12
45749035,20385,862,7,268,2011,9,1,5,2.5,180000,4,0,1,1,0,7,8
45455919,7213,1429.8433516297,6,354,1996,9,0,1,2.9,150000,5,0,2,1,0,2,4
45781979,40456,639,0,67,2014,1,1,5,2,112000,4,2,2,0,0,1,12
45525043,13485,888.488372093023,7,643,2009,9,0,2,1.8,0,4,0,1,1,0,14,12
45811787,32929,1249,7,268,2017,9,1,5,2.5,82000,4,2,1,1,0,12,0
45662067,706,490,3,560,2011,3,1,2,1.3,288704,4,0,1,1,0,14,0
45809305,10932,447,3,425,2013,10,1,2,1.3,147813,4,0,1,1,0,3,4
45730065,25889,528,4,387,2014,9,1,5,1.6,70835,4,0,1,1,0,12,4
45814448,39829,919,0,867,2012,4,1,5,3,160000,6,2,0,1,0,14,12
45791254,17876,755.375,3,293,2013,9,1,2,1.5,93700,4,0,1,1,0,7,6
45664417,14583,919,0,871,2012,4,1,1,3,229966,6,0,0,1,0,1,0
45816402,3136,831,4,748,2011,9,1,5,2.4,262690,4,0,1,1,0,2,12
45792227,9000,474,1,317,2013,9,0,5,1.4,89000,4,2,1,1,0,1,8
45810026,52959,1533,1,559,2016,9,1,5,3.6,77158,4,0,1,1,0,1,4
45797255,20610,966,4,522,2009,1,1,5,2,79482,4,0,1,1,0,1,4
45816306,9408,917,0,871,2013,4,1,1,3,88829,6,0,0,1,0,1,12
45798910,6899,1529,0,30,1995,9,0,5,1.8,18000,4,0,2,1,0,12,4
45798734,7840,1429.8433516297,6,357,2002,9,1,1,3.2,0,8,2,2,1,0,2,6
45735206,23521,1018,0,94,2011,9,1,5,3,249600,6,0,2,1,0,7,12
45809322,549,562,1,317,2015,9,1,5,1.4,68235,4,0,1,1,0,11,12
45437919,170,1533.25,2,799,2006,6,0,1,2.4,110000,4,1,2,0,1,14,0
44592021,22200,879,2,448,2019,9,0,5,1.6,8200,4,2,1,1,0,1,10
45773754,251,607,7,268,2019,4,1,2,2.5,56834,4,0,1,1,0,1,12
45661445,941,1850,5,696,2008,4,1,2,3.5,364523,6,0,0,1,0,1,12
45802652,28909,640,4,733,2013,4,1,1,2,235300,4,0,1,1,0,12,4
45457799,14069,2959,7,576,2012,4,1,1,4.6,195000,8,2,0,2,0,1,12
45810004,36802,697,3,293,2015,9,1,5,1.8,66753,4,0,1,1,0,7,4
45812660,470,781,1,317,2018,2,1,5,1.4,87568,4,0,1,1,0,14,12
45809538,27259,833,1,289,2015,4,1,1,2.2,50488,4,0,1,1,0,12,4
45781319,21326,582.788167938931,7,643,2012,9,1,2,1.8,128000,4,0,1,1,0,11,6
45816304,9565,1304,0,871,2013,4,1,5,4.4,125538,8,0,0,1,0,7,12
45652359,470,1018,6,605,2011,4,1,1,3,275862,6,0,0,1,0,12,12
45788947,10976,888.488372093023,7,643,2007,9,0,2,1.5,297600,4,0,1,1,0,7,8
45641756,5018,779,7,268,2013,9,1,2,2.5,190549,4,0,1,1,0,1,12
45758221,16308,1811,5,517,2010,4,1,5,4.6,357246,8,0,0,1,0,7,0
45802509,30351,770,4,905,2016,9,1,1,1.7,151511,4,0,1,1,0,14,4
45804929,47201,930,4,817,2018,4,1,1,1.7,85610,4,0,1,1,0,14,4
43805461,20,1599.33333333333,3,425,2003,3,0,5,1.3,157000,4,0,1,1,1,11,4
44855851,32302,1249,7,268,2017,9,1,5,2.5,48600,4,2,1,1,0,1,12
45802313,14113,1553.57142857143,6,177,2006,9,1,5,2,142431,4,2,2,1,0,1,6
45775977,15681,612.4,2,448,2016,9,0,5,1.6,64163,4,1,1,1,0,14,6
45816590,125,697,4,387,2015,9,1,5,1.8,68811,4,0,1,1,0,1,12
45802169,30784,777,4,526,2014,7,1,1,2.5,136711,4,0,1,1,0,12,4
45759130,706,1646,5,516,2015,4,1,5,4.6,102907,8,0,0,1,0,1,0
45764850,15994,1172,6,361,2011,1,1,1,3.5,170429,6,0,2,0,0,12,12
45771928,14113,586,7,643,2012,3,1,2,1.8,156446,4,0,1,1,0,1,0
45441631,10036,843,7,643,2008,3,0,2,1.5,132800,4,3,1,1,0,6,8
45810488,26324,640,1,639,2013,4,1,1,2,132969,4,0,1,1,0,7,4
45765352,16935,353,5,258,2015,3,1,2,1.8,94949,4,0,1,1,0,14,0
45802161,30583,777,4,526,2014,7,1,1,2.5,120309,4,0,1,1,0,1,4
45705228,22580,777,7,268,2014,9,0,5,2.5,48000,6,2,1,1,0,1,12
45621717,8938,1399,6,361,2010,9,1,1,3.5,256914,6,0,0,1,0,7,12
45801624,11604,586,7,643,2012,3,1,2,1.8,0,4,3,1,1,0,1,10
45768732,29166,587.148148148148,6,191,2013,9,1,5,1.8,57956,4,2,2,1,0,7,8
45809529,16320,595,3,425,2015,3,1,5,1.5,111774,4,0,1,1,0,12,4
45681901,6272,1429.8433516297,6,357,1999,9,1,0,3.2,205000,6,0,2,1,0,12,6
45803418,9252,765,4,748,2015,9,1,4,2,498815,4,0,1,1,0,8,4
45156149,8500,1111,7,849,2012,3,0,5,1.3,92000,4,3,0,1,1,14,2
45730584,46101,607,7,680,2019,4,1,2,2.5,20955,4,0,0,1,0,14,12
45656581,3293,761,7,643,2010,3,1,2,1.8,159382,4,0,1,1,0,14,12
45638150,4077,640,2,465,2013,9,1,2,2,320554,4,0,1,1,0,14,0
45801666,19121,531,4,387,2012,9,1,5,1.6,112243,4,0,1,1,0,14,4
45641165,784,394,7,268,2014,9,1,2,2.5,102397,4,0,1,1,0,1,12
45801449,39201,833,6,769,2015,6,0,1,2.2,280000,4,1,2,1,0,14,2
44639961,9252,1267,7,145,2013,3,0,2,1.5,111000,4,3,1,1,1,12,8
45798006,24775,2366.56363636364,5,517,2004,4,1,5,2,200000,8,0,0,1,0,13,10
45618126,392,1053,6,361,2014,9,1,1,3.5,29675,6,0,0,1,0,1,12
45756977,862,2455,5,517,2008,4,1,5,2,263190,8,0,0,1,0,14,0
42809584,12544,1681,0,35,2001,9,0,5,2.2,115000,4,0,1,1,1,1,4
45772042,9408,1026.00733117836,3,587,2005,9,1,5,3.5,160000,6,0,0,1,1,2,7
45809700,16383,502,7,145,2013,9,1,5,1.5,99600,4,0,1,1,0,15,4
45733341,9722,765,4,748,2015,9,1,4,2,379354,4,0,1,1,0,8,4
44949023,14069,1104,0,881,2015,4,1,1,3,95000,6,2,0,1,0,1,12
45759170,14113,749.991967871486,7,145,2012,3,0,2,1.5,144000,4,3,1,1,1,12,8
45810377,18033,765,1,620,2015,9,1,1,2,33300,4,0,1,1,0,1,4
45766572,22800,781,7,268,2012,9,1,2,2.5,98000,4,0,1,1,0,14,8
45732574,57108,833,4,733,2015,4,1,1,2.2,94595,4,0,1,1,0,14,4
45617608,18817,609,7,268,2018,9,1,2,2.5,35058,4,0,1,1,0,14,12
45813679,5018,502,3,293,2013,9,1,2,1.5,118240,4,0,1,1,0,14,0
45798276,7213,1338.90845620294,0,78,2000,9,1,5,2.5,190000,6,2,2,1,0,6,4
45624028,12231,843,7,643,2008,9,0,2,1.5,17000,4,3,1,1,0,11,8
45656058,13956,603,5,701,2015,4,1,2,3.5,143619,6,0,0,1,0,1,12
45771085,2430,900,3,141,2015,1,1,5,2.4,78475,4,0,1,0,0,2,12
45815420,14069,1338.90845620294,0,119,2012,9,1,5,4.4,105000,8,2,2,1,0,14,12
45733037,15367,765,4,748,2015,9,1,4,2,338110,4,0,1,1,0,12,4
45677208,14740,761,7,643,2010,9,0,2,1.8,138160,4,0,1,1,0,1,8
45664618,4077,753,4,748,2012,9,1,2,2.4,259934,4,0,1,1,0,11,0
45813715,4861,761,7,643,2010,3,1,2,1.8,421546,4,0,1,1,0,12,12
45774351,21012,1429.8433516297,6,12,2008,9,0,1,2.2,181000,4,1,2,1,0,1,8
45764153,627,836,7,792,2012,9,1,5,2.7,394069,4,0,2,1,0,1,12
45811311,470,1018,0,871,2011,4,1,1,3,282280,6,0,0,1,0,14,12
45760781,19130,1292,6,502,2016,4,1,5,3,49499,6,0,0,1,0,12,0
45773674,11917,779,7,680,2013,4,1,5,2.5,110019,4,0,1,1,0,7,12
45668308,17876,582.788167938931,7,643,2011,9,0,2,1.8,196000,4,0,1,1,0,7,1
45804109,28830,707,4,817,2011,4,1,1,2,83662,4,0,1,1,0,12,4
45715785,26657,777,7,268,2014,9,1,5,2.5,117526,4,2,1,1,0,1,10
45810508,17249,1434.33333333333,6,335,2007,9,0,1,2.2,0,4,0,2,1,0,1,0
45788861,61154,1695.28571428571,6,251,2013,1,1,5,2,136000,8,2,1,1,0,1,16
45810391,15872,531,1,639,2012,4,1,1,1.6,255677,4,0,1,1,0,12,4
45776844,10000,1429.8433516297,6,602,1999,4,1,0,3.5,0,6,0,0,1,0,1,2
45398739,7840,1599.33333333333,3,425,2004,3,0,5,1.3,177000,4,0,1,1,1,2,8
45557162,5900,1236,7,849,2011,3,0,5,1.3,165000,4,0,0,1,1,12,4
45794114,51118,1292,6,370,2016,9,1,5,3,46000,8,2,2,0,0,1,12
45756802,24148,582.788167938931,7,643,2016,9,0,2,1.8,92000,4,0,1,1,0,14,12
45760815,29793,1429.8433516297,6,14,2001,9,1,1,2.2,300000,4,2,2,1,0,14,6
45809265,19184,308,7,145,2015,3,1,2,1.5,97500,4,0,1,1,0,14,4
45794094,9408,872.02838865217,7,824,2002,7,0,5,2,11111,4,0,1,1,1,1,4
45641291,35124,1172,6,361,2011,9,1,5,3.5,129000,6,2,2,1,0,1,12
45778944,12544,574,3,560,2010,3,0,2,1.3,111867,4,0,1,1,0,12,0
45805079,17619,707,4,817,2011,4,1,1,2,185989,4,0,1,1,0,12,4
45695995,26971,582.788167938931,7,643,2015,3,1,6,1.8,87000,4,0,1,1,0,12,12
45797097,14454,583,4,387,2011,9,1,5,1.6,140000,4,0,1,1,0,12,4
45768528,125,1324,7,535,2010,9,1,2,3.3,316912,6,0,0,1,0,2,12
45571454,26030,1507.30769230769,6,837,2008,7,1,1,2.2,200000,6,2,2,1,0,5,4
44144465,7213,1141,7,268,2009,9,0,2,2.4,127000,4,0,1,1,0,12,12
45782204,30,843,7,643,2008,3,1,2,1.5,0,4,0,1,1,0,1,2
45764975,314,2410,6,361,2010,9,1,1,2,274771,8,0,2,1,0,14,12
45803061,10976,911,4,733,2010,4,1,1,2.2,91393,4,0,1,1,0,12,4
45782597,12074,640,2,465,2013,9,1,2,2,161000,4,0,1,1,0,0,10
45729901,26770,730,4,387,2016,9,1,5,1.6,95184,4,0,1,1,0,12,4
44076886,11604,1681,0,35,2003,9,1,4,2.2,110000,6,0,2,1,0,12,2
45811137,19444,394,5,379,2014,9,1,2,2.5,113002,4,0,1,1,0,1,0
45816303,627,1104,0,871,2015,4,1,5,3,83466,6,0,0,1,0,14,12
45786852,25402,640,2,465,2013,9,1,2,2,135000,4,3,1,1,0,14,12
45801902,31581,880,4,387,2018,9,1,5,1.6,52000,4,0,1,1,0,11,4
45645788,1098,394,7,268,2014,9,1,2,2.5,398069,4,0,1,1,0,1,12
45781937,15367,585,4,387,2013,9,0,5,1.8,91200,4,2,1,1,0,12,6
45810831,1176,1077,4,387,2019,9,1,5,2,16013,4,0,1,1,0,7,12
45787933,18189,1684.925,6,361,2007,9,1,5,3.5,200000,6,2,2,1,0,12,12
45779788,12544,1017,2,452,2017,3,0,5,2,68188,4,0,1,1,0,11,12
45792420,12500,843,7,643,2008,3,0,2,1.5,155000,4,0,1,1,0,12,8
45789616,2822,970.867153989687,2,629,1996,2,0,0,1.8,128965,4,1,1,1,0,6,4
45767645,7213,1338.90845620294,0,78,1998,9,0,0,2.5,233000,6,2,2,1,0,2,6
45764912,12388,1399,6,361,2010,9,1,1,3.5,189530,6,0,0,1,0,1,12
45769300,110,2225,5,516,2017,4,1,5,4.6,0,8,0,0,1,0,14,0
45797305,15612,583,4,387,2011,9,1,5,1.6,120000,4,0,1,1,0,7,4
45740736,23521,584,6,191,2014,9,1,5,1.8,109000,4,2,2,1,0,2,9
45768951,706,1850,6,361,2008,9,1,1,3.5,122874,6,0,2,1,0,1,12
45789591,25089,1091,2,465,2016,9,0,5,2.5,49000,4,2,1,1,0,14,12
45804006,52856,930,4,817,2018,4,1,1,1.7,18137,4,0,1,1,0,7,4
45768319,706,645,7,643,2011,4,1,2,1.8,415150,4,0,1,1,0,7,12
45776531,18189,673.483990147783,4,387,2011,9,1,5,1.8,121600,4,2,1,1,0,3,4
45795906,22580,872.02838865217,7,662,2012,9,0,6,1.8,116000,4,3,1,1,0,12,10
45694925,8147,1236,3,436,2011,3,0,2,1.3,93000,4,2,1,1,1,14,4
45652697,8781,431,2,465,2016,9,1,2,2,194974,4,0,1,1,0,1,0
45656445,25716,915,0,871,2014,4,1,1,3,141384,6,0,0,1,0,2,0
45650333,549,1058,7,535,2012,4,1,2,3.5,0,6,0,0,1,0,7,12
45008500,14426,843,7,643,2008,3,1,2,1.5,64000,4,3,1,1,0,4,12
45815152,3920,1099,7,832,2010,4,1,5,2.7,176437,4,0,0,1,0,14,12
45771112,7840,862,0,73,2000,9,0,5,2,310000,6,1,2,1,0,12,4
45772772,12388,1399,6,361,2010,9,1,1,3.5,189530,6,0,0,1,0,1,12
45730885,13796,836,4,522,2010,1,1,5,2,170000,4,0,1,1,0,1,4
45776685,16621,582.788167938931,7,643,2010,9,0,2,1.8,170000,4,3,1,1,0,1,12
45648838,251,607,7,268,2019,9,1,2,2.5,39552,4,0,1,1,0,1,12
45729614,28532,528,4,387,2014,9,1,1,1.6,70561,4,0,1,1,0,14,4
45813731,3920,645,7,643,2011,3,1,2,1.8,326325,4,0,1,1,0,12,0
45812328,1960,751,1,289,2013,4,1,5,2.4,132429,4,0,1,1,0,12,12
45772929,56136,1017,6,355,2017,9,1,5,2,50963,4,0,2,1,0,1,12
45810037,51802,1533,1,559,2016,9,1,5,3.6,61635,4,0,1,1,0,1,4
45810506,13630,531,1,639,2012,4,1,1,1.6,69774,4,0,1,1,0,14,4
45019690,17876,1888,0,87,2006,9,1,5,3,233000,6,2,2,1,0,12,0
45653126,1803,574,3,560,2010,3,1,2,1.3,187312,4,0,1,1,0,2,0
45792612,14740,888.488372093023,7,643,2007,9,1,5,1.5,214400,4,0,1,1,0,7,8
42268788,14426,939.882352941176,7,849,2011,3,0,5,1,95000,3,0,1,1,0,14,6
45696867,16308,595.03007518797,2,465,2010,9,1,2,2.5,140300,4,0,1,1,0,13,8
45642570,392,810,4,387,2016,9,1,5,1.8,148210,4,0,1,1,0,14,12
45457251,17249,1684.925,6,361,2006,9,1,4,3.5,132000,6,2,2,1,0,14,8
45521440,21639,612.235294117647,7,665,2014,10,0,2,1.8,179021,4,0,1,1,0,14,8
45660692,188,831,4,748,2011,9,1,2,2.4,108826,4,0,1,1,0,1,0
45813148,392,761,7,643,2010,3,1,2,1.8,0,4,0,1,1,0,12,12
45811241,10976,1429.8433516297,6,602,2000,4,1,0,3.2,250000,4,2,0,1,0,6,8
45568133,67426,765,6,203,2015,9,1,5,2,75000,4,0,2,1,0,1,12
45794572,7500,1599.33333333333,3,425,2003,3,0,5,1.3,230000,4,3,1,1,1,12,0
45772945,706,1296,7,70,2008,4,1,5,2.4,378774,4,0,1,1,0,12,12
45802173,31317,777,4,526,2014,7,1,1,2.5,139328,4,0,1,1,0,12,4
45622348,20385,501,2,475,2014,9,1,5,1.5,67486,4,0,1,1,0,1,6
45768936,627,1172,6,361,2011,9,1,1,3.5,230696,6,0,0,1,0,1,12
45775030,11604,1268,7,145,2012,3,0,2,1.5,92000,4,0,1,1,1,13,6
45801528,20526,629,4,387,2015,9,1,5,1.6,75000,4,0,1,1,0,14,4
45665255,23207,891,4,387,2016,9,0,5,2,92000,4,2,1,1,0,1,8
45781946,6272,1924,6,838,1998,7,1,1,2.3,300000,4,1,1,1,0,14,4
45788524,16308,1684.925,6,361,2006,9,1,5,3.5,133000,6,2,2,1,0,1,15
45804408,42883,770,4,817,2016,4,1,1,1.7,98841,4,0,1,1,0,1,4
45732912,9252,765,4,748,2015,9,1,4,2,510248,4,0,1,1,0,8,4
45668370,7840,1429.8433516297,6,602,2000,4,1,0,3.2,11111,6,2,0,1,0,5,8
45774067,2587,1079,2,409,2018,9,1,5,2,76403,4,0,1,1,0,14,12
45800245,14069,970.867153989687,2,707,2019,8,1,1,3.2,11000,5,0,0,1,0,7,8
45787295,18189,899.835294117647,4,522,2011,1,0,5,2,111000,4,2,1,0,0,13,6
45791842,7213,872.02838865217,7,144,1999,9,0,5,2,180000,6,0,2,1,1,12,0
45809269,15834,308,7,145,2015,3,1,2,1.5,126000,4,0,1,1,0,12,4
45814634,11000,1624,6,206,2002,9,1,5,3.2,187000,6,2,2,1,0,1,0
45801893,34074,880,4,387,2018,9,1,5,1.6,58515,4,0,1,1,0,14,4
45760175,61154,1646,5,517,2015,4,1,5,4.6,273493,8,0,0,1,0,12,0
45770184,1882,1053,6,361,2014,9,1,5,3.5,146395,6,0,2,1,0,7,12
45802969,21953,836,4,733,2010,4,1,1,2,188044,4,0,1,1,0,12,4
45772511,627,1750,7,535,2008,9,1,2,3.3,277405,6,0,0,1,0,7,12
45550781,54882,1269,0,891,2013,4,1,5,3,101000,6,2,0,1,0,1,12
45769751,1646,1399,6,361,2010,9,1,5,3.5,205968,6,0,0,1,0,14,12
45804374,24596,1185,5,549,2009,9,1,5,2.5,115450,4,0,1,1,0,1,4
45815436,18817,1714,5,552,2017,9,1,5,3.5,62811,6,0,0,1,0,14,12
45800847,23800,855,0,863,2013,4,1,5,2,65000,4,2,2,1,0,1,12
45808940,62948,1273,2,421,2015,4,1,5,3.5,108748,4,0,1,1,0,1,4
45782206,13485,1338.90845620294,0,91,2006,9,1,5,3,280000,6,2,2,1,0,1,12
45788568,17249,1684.925,6,361,2006,9,0,5,3.5,219014,4,0,2,1,0,1,4
45766984,14113,529.21686746988,3,560,2010,9,0,2,1.3,240000,4,0,1,2,0,14,8
45767455,627,1750,7,535,2008,9,1,2,3.3,277405,6,0,0,1,0,7,12
45776483,59586,609,7,268,2018,9,1,2,2.5,18200,4,3,1,1,0,1,8
45812895,40769,900,3,312,2015,4,0,5,2.4,39700,4,3,0,1,0,14,8
45659820,314,1646,5,516,2015,4,1,5,4.6,102907,8,0,0,1,0,1,0
45477981,18817,1017,4,387,2017,9,0,5,2,38400,4,0,1,1,0,11,8
44873924,52373,579,7,680,2017,4,0,2,2.5,35000,6,0,0,1,0,13,6
45648188,470,753,4,748,2012,9,1,2,2.4,202864,4,0,1,1,0,2,0
45802600,26927,640,4,733,2013,4,1,1,2,149038,4,0,1,1,0,14,4
45768382,46728,1811,5,516,2010,4,1,5,4.6,260771,8,0,0,1,0,1,0
45808619,1960,765,0,84,2015,9,1,5,2,116691,4,0,0,1,0,1,12
40771720,80,1286.07692307692,7,740,2012,7,0,5,3.3,150000,4,0,1,1,0,3,4
45761228,50,582.788167938931,7,643,2011,9,0,2,1.8,180000,4,2,1,1,0,7,8
45811802,30263,769,6,335,2011,9,1,1,2.2,252785,4,2,2,1,0,14,8
45780967,19757,1836,6,772,2003,6,0,1,2.2,117000,4,1,2,1,0,15,2
45651260,188,1172,5,701,2011,4,1,2,3.5,101816,6,0,0,1,0,1,12
45770365,18817,650,1,317,2016,9,0,5,1.4,91440,4,0,1,1,0,12,12
45749358,10506,741.884259259259,3,425,2011,3,0,5,1.3,10900,4,3,1,1,1,12,4
45810157,10092,966,1,575,2009,9,1,1,2,186836,4,0,1,1,0,7,4
45786188,10976,888.488372093023,7,643,2008,3,0,5,1.5,243450,4,0,1,1,0,7,4
45787428,11000,1711.27272727273,0,871,2001,4,1,5,3,11111,6,0,0,1,0,1,6
45571485,8467,1848,6,335,1998,9,0,1,2.2,0,4,1,2,1,0,12,6
45801748,17942,530,4,387,2013,9,1,5,1.6,196448,4,0,1,1,0,1,4
45768678,29166,587.148148148148,6,191,2013,9,1,5,1.8,57980,4,2,2,1,0,7,8
45621686,3607,1104,0,871,2015,4,1,1,3,201056,6,0,0,1,0,1,0
45802671,28222,696,4,733,2013,4,1,1,2.2,140451,4,0,1,1,0,7,4
43743643,22000,2188,7,643,2016,3,0,2,1.8,49000,4,0,1,1,1,14,8
45771487,706,1646,5,516,2015,4,1,5,4.6,102907,8,0,0,1,0,1,0
45814982,470,1024,7,268,2010,9,1,5,2.5,369814,4,0,1,1,0,2,12
45770352,4000,896.105072463768,0,84,1996,9,1,0,2,1000,6,2,2,1,0,12,2
45808882,66485,1493,2,421,2016,4,1,5,3.5,44079,4,0,1,1,0,14,4
45618133,941,1053,6,361,2014,9,1,1,3.5,184467,6,0,2,1,0,14,12
45802239,27924,777,4,526,2014,7,1,1,2.5,174485,4,0,1,1,0,12,4
45732694,12544,765,4,748,2015,9,1,4,2,432994,4,0,1,1,0,8,4
45762599,42337,826.8,6,837,2012,7,0,1,2.2,205000,4,2,2,0,0,1,8
45283924,23521,777,7,268,2014,9,1,5,2.5,87000,4,2,1,1,0,4,16
45787580,16935,673.483990147783,4,387,2014,9,1,5,1.8,60000,4,2,1,1,0,1,8
45810622,16455,552,1,768,2017,3,1,5,1,98614,4,0,1,1,0,12,4
45803748,18211,836,4,817,2010,4,1,1,2,225814,4,0,1,1,0,7,4
45803719,20237,642,4,817,2012,4,1,1,2,180200,4,0,1,1,0,14,4
45804807,35570,765,4,817,2015,4,1,1,2,82196,4,0,1,1,0,14,4
44551202,4391,896.105072463768,0,84,1996,9,0,5,2.8,360000,6,1,2,1,0,7,0
45654811,22894,1273,6,605,2015,4,1,1,3.5,79080,6,0,0,1,0,7,12
45730894,16549,707,4,522,2011,1,1,5,2,107005,4,0,1,1,0,7,4
45816079,4547,1017,4,387,2017,9,1,5,2,65035,4,0,1,1,0,2,12
45801391,10663,1711.27272727273,0,871,2005,4,1,4,4.4,216000,8,2,0,1,0,1,8
45619314,627,1604,6,361,2014,9,1,1,2,101424,8,0,0,1,0,7,12
44271990,42337,1690.85714285714,6,769,2006,6,0,1,3,3000,4,1,2,0,0,14,6
45730011,25889,730,4,387,2016,9,1,5,1.6,75787,4,0,1,1,0,14,4
45814941,78,87,6,252,2014,9,1,5,0,92800,8,0,2,1,0,1,12
45646412,862,394,7,268,2014,9,1,2,2.5,130478,4,0,1,1,0,14,12
45802436,30420,966.724137931034,0,94,2011,9,1,5,3,118000,6,1,2,1,0,1,12
45772428,16621,1172,6,361,2011,9,1,1,3.5,119379,6,0,0,1,0,12,12
45798646,6000,862,0,73,1992,9,1,5,2,256000,6,1,2,1,0,1,0
43277982,8467,1413,3,425,2011,3,0,5,1.5,133000,4,0,1,1,1,14,4
45785069,12000,2084,2,799,1998,6,0,1,2.5,220000,4,1,2,1,0,4,2
40680655,50,1599.33333333333,3,425,2007,9,1,5,1.3,10000,4,3,1,1,1,2,4
45620882,1019,1172,6,361,2011,9,1,1,3.5,122067,6,0,0,1,0,14,12
45804685,38725,770,4,817,2016,4,1,1,1.7,119979,4,0,1,1,0,12,4
40164242,30,888.488372093023,7,643,2008,3,0,2,1.5,100000,4,3,1,1,0,14,8
45772071,56136,1017,6,355,2017,9,1,5,2,50963,4,0,2,1,0,1,12
45475689,8624,1599.33333333333,3,425,2006,3,0,5,1.3,143000,1,3,1,1,1,15,0
45813908,1098,1273,6,605,2015,4,1,5,3.5,110038,6,0,2,1,0,12,12
45663930,15837,784,1,622,2017,9,0,5,1.5,84782,4,0,1,1,0,14,8
45709623,12544,872.02838865217,7,524,2001,7,0,5,3.4,250000,6,0,0,1,1,14,2
45791362,7900,1386,3,642,2003,4,1,5,3.5,1000,6,0,0,1,0,7,6
45766506,1646,765,0,84,2015,9,1,5,2,115750,4,0,0,1,0,12,12
45809552,14069,1866,1,297,2020,8,1,5,3.6,3510,4,0,1,1,0,7,4
45524995,549,1079,7,220,2018,4,1,5,2,46733,4,0,1,1,0,12,12
45782716,24148,1296,7,70,2008,4,0,5,4,127000,6,0,0,1,0,1,8
45806602,4234,333,2,214,2014,3,1,2,2,0,4,0,1,1,0,1,12
45761503,9722,1527,6,174,1999,9,0,5,1.8,222000,4,1,2,1,0,12,4
45776780,18189,792.627815866797,4,748,2011,9,0,5,2.4,331680,4,0,1,1,0,1,9
45802145,10945,1024,4,526,2010,7,1,1,2.5,112219,4,0,1,1,0,12,4
45813936,15994,2070,6,726,2018,3,1,5,4,40110,8,0,0,1,0,14,12
45486298,18189,582.788167938931,7,643,2011,3,1,2,1.8,211200,4,3,1,1,0,14,10
45814714,7527,832.188679245283,2,409,2001,4,0,5,3,111111,6,0,1,1,0,1,2
45800762,10976,584,4,387,2014,9,1,5,1.8,135445,4,0,1,1,0,2,0
45813917,4077,765,6,201,2015,9,1,5,2,133048,4,0,2,1,0,14,12
41853514,32929,1429.8433516297,6,333,2011,9,1,5,1.8,170000,4,2,2,1,0,0,12
45774328,392,1327,2,706,2011,8,1,5,4,326290,6,0,2,1,0,14,12
45812564,21326,582.788167938931,7,643,2012,3,1,2,1.8,134000,4,3,1,1,0,12,0
45809079,52034,1079,1,289,2018,4,1,1,2,19698,4,0,1,1,0,1,4
45785187,5959,1599.33333333333,3,425,2005,3,0,5,1.3,201800,4,0,1,1,1,14,4
44754818,11917,1429.8433516297,6,240,2003,9,1,5,3.2,212000,6,0,2,0,0,9,8
45784722,15677,761,7,643,2010,9,1,2,1.8,153150,4,0,1,1,0,12,10
45209599,12858,584,4,387,2014,9,0,5,1.8,114000,4,2,1,1,0,4,10
45416364,12858,639,2,452,2014,9,1,5,2,121600,4,2,1,1,0,2,10
45797177,14454,530,4,387,2013,9,1,4,1.6,223849,4,0,1,1,0,12,4
45787458,7000,1429.8433516297,6,332,1999,9,0,4,2,250000,4,2,2,1,0,14,0
45661148,1725,1363,6,605,2012,4,1,1,4.6,180659,8,0,0,1,0,1,12
45770007,47669,1017,6,498,2017,4,1,5,2,55704,4,0,0,1,0,1,0
45813255,4077,779,7,268,2013,9,1,5,2.5,167045,4,0,1,1,0,7,12
45815487,11447,1493,5,381,2016,9,1,5,3.5,68630,6,0,1,1,0,14,12
45732763,16894,707,4,748,2011,9,1,5,2,187116,4,0,1,1,0,1,4
45651605,282,1598,6,605,2008,4,1,1,3,213998,6,0,0,1,0,12,12
45815269,2666,891,6,201,2016,9,1,5,2,51725,4,0,2,1,0,1,12
45801813,12544,1841,6,347,1999,9,0,1,2.7,425000,5,1,2,1,0,12,6
45808890,26306,831,1,162,2017,9,1,5,1.6,49659,4,0,1,1,0,14,4
45810620,12134,426,1,768,2015,3,1,5,1,127771,4,0,1,1,0,12,4
45646924,3607,781,7,268,2012,9,1,2,2.5,156518,4,0,1,1,0,14,12
45810514,23207,1387.22222222222,3,638,2009,7,1,4,3.5,289000,6,2,1,1,0,2,10
42386542,50178,1823,7,542,2012,4,0,1,3,197000,4,1,0,1,0,3,0
45763508,13172,1533.25,2,799,2004,6,0,1,2,180000,4,1,2,0,0,12,2
40379701,30800,1338.90845620294,0,90,2009,3,1,1,3,282586,6,0,2,1,0,12,10
45806896,1019,353,7,643,2015,3,1,2,1.8,41157,4,0,1,1,0,14,12
45809328,17663,271,3,425,2014,3,1,2,1.5,81800,4,0,1,1,0,2,4
45656221,1882,382,4,748,2014,9,1,2,2.4,247835,4,0,1,1,0,1,0
45787056,22580,640,2,465,2013,9,1,2,2,88660,4,0,1,1,0,14,12
45809093,14069,866,2,630,2015,9,1,5,2.3,43770,4,0,1,1,0,14,4
45809236,36485,639,1,289,2014,4,1,1,2,82014,4,0,1,1,0,1,4
45645418,94,1058,6,605,2012,4,1,5,3.5,224118,6,0,0,1,0,14,12
45794577,18189,777,7,268,2014,9,0,5,2.5,120000,4,2,1,1,0,7,10
44036373,14069,1413.73333333333,1,264,2017,1,0,5,2,11200,8,1,2,0,0,6,10
45787074,37006,431,2,465,2016,9,1,2,2,34000,4,3,1,1,0,1,12
45631989,2587,382,2,465,2015,9,1,2,2,88795,4,0,1,1,0,1,0
45788029,28225,585,6,191,2013,9,1,5,1.8,125000,4,2,2,1,0,1,12
45709642,13642,1451.8,7,680,2001,4,0,5,2,202000,4,0,0,1,0,12,4
45815287,7997,1249,7,680,2017,4,1,5,2.5,29333,4,0,1,1,0,7,12
45732550,49751,891,4,733,2016,4,1,1,2,134761,4,0,1,1,0,7,4
45782072,7213,1429.8433516297,6,602,2000,4,1,5,3.2,292800,8,2,0,1,0,1,6
45764875,65858,814.666666666667,6,769,2012,6,1,1,3.2,1000,6,1,2,1,0,14,4
45787747,10036,1026.00733117836,3,564,2005,1,0,5,2,11111,4,1,1,0,1,12,4
45764976,14113,394,7,268,2014,9,0,2,2.5,152000,4,2,1,1,0,1,12
45732138,43062,639,4,733,2014,4,1,1,2,155000,4,0,1,1,0,7,4
45732779,13953,836,4,748,2010,9,1,5,2,150073,4,0,1,1,0,14,4
45772403,29793,1053,6,361,2014,9,1,1,3.5,219030,6,0,0,1,0,1,12
45612808,40766,1399,5,704,2010,4,1,2,3.5,91000,6,0,0,1,0,1,12
45803001,35971,639,4,733,2014,4,1,1,2,80186,4,0,1,1,0,2,4
45660710,220,1399,5,701,2010,4,1,2,3.5,317470,6,0,0,1,0,7,12
45811589,18189,1434.33333333333,6,335,2008,9,1,1,2.2,295000,4,0,2,1,0,14,8
45720483,29793,1429.8433516297,6,223,2003,1,1,5,2,240000,8,2,2,0,0,1,8
43916818,8781,528,2,448,2014,9,0,5,1.6,113000,4,2,1,1,0,1,8
45803380,7840,707,4,748,2011,9,1,4,2,75507,4,0,1,1,0,12,4
45663892,13485,530,4,138,2013,9,0,5,1.6,90000,4,0,1,1,0,12,10
45771399,2195,586,7,643,2012,9,1,2,1.8,430278,4,0,1,1,0,1,12
45656649,706,490,3,560,2011,3,1,2,1.3,288704,4,0,1,1,0,14,0
44922745,21326,784,2,473,2017,9,1,5,1.5,53116,4,0,1,1,0,2,8
45795054,7840,1529,0,30,2000,9,1,5,2,0,4,1,2,1,0,7,4
45757406,188,1185,2,409,2009,4,1,2,2.5,196682,4,0,1,1,0,1,0
45802562,49864,1017,4,733,2017,4,1,1,2,97992,4,0,1,1,0,1,4
45758238,61154,1646,5,517,2015,4,1,5,4.6,273493,8,0,0,1,0,12,0
45648379,9408,1267,7,145,2013,3,0,2,1.5,0,4,3,1,1,1,11,5
45326522,68994,1269,0,891,2011,4,1,2,4.4,76000,8,2,0,1,0,14,12
45804368,22649,836,4,817,2010,4,1,1,2,188800,4,0,1,1,0,1,4
45810624,8386,364,1,768,2012,3,1,5,1,199185,4,0,1,1,0,2,4
45733174,19416,836,4,748,2010,9,1,5,2,149962,4,0,1,1,0,1,4
45762801,42651,1017,6,498,2017,4,1,5,2,44995,4,0,0,1,0,1,0
45803758,29777,639,4,817,2014,4,1,1,2,130000,4,0,1,1,0,12,4
45766564,4861,1058,6,361,2012,9,1,1,3.5,128202,6,0,2,1,0,1,12
45783590,29793,917,6,769,2013,6,0,1,3,256000,6,0,2,0,0,14,0
45769648,29793,1053,6,361,2014,9,1,1,3.5,219030,6,0,0,1,0,1,12
45787021,24148,694,6,769,2014,6,0,1,2.2,160000,5,1,2,1,0,14,5
45624979,3607,1104,0,871,2015,4,1,1,3,201056,6,0,0,1,0,1,0
45803149,10976,765,4,748,2015,9,1,4,2,385876,4,0,1,1,0,14,4
45803486,13172,891,4,748,2016,9,1,4,2,369695,4,0,1,1,0,8,4
45769809,157,1363,5,516,2012,4,1,5,4.6,189704,8,0,0,1,0,7,0
43485975,68681,872.02838865217,7,793,2013,8,0,4,4,71000,6,0,0,1,0,1,8
45804106,45210,770,4,817,2016,4,1,1,1.7,60604,4,0,1,1,0,1,4
45793382,4704,1026.00733117836,3,385,2004,3,0,5,2,180000,4,0,1,1,1,14,0
45771257,941,1493,3,642,2016,4,1,5,3.5,0,6,0,0,1,0,1,12
45804194,25889,642,4,817,2012,4,1,1,2,156000,4,0,1,1,0,14,4
45805897,14113,1405,0,84,2009,9,1,5,3,283200,6,2,2,1,0,1,12
45653275,188,1172,5,701,2011,4,1,2,3.5,101816,6,0,0,1,0,1,12
44896720,42337,579,7,158,2017,9,1,2,2.5,57200,4,2,1,1,0,4,12
45779508,10976,528,4,827,2014,9,1,5,1.6,144000,4,2,1,0,0,14,10
45378006,13799,792.627815866797,4,748,2012,9,0,5,2.4,120000,4,0,1,1,0,12,12
45682395,9408,1268,7,145,2012,9,0,2,1.5,121000,4,0,1,1,1,2,2
45478767,10349,2084,2,799,1996,6,0,1,2.5,335000,4,1,2,0,0,14,0
45804443,21473,836,4,817,2010,4,1,1,2,172000,4,0,1,1,0,7,4
45789846,9408,872.02838865217,7,860,2005,7,0,5,1.8,230000,4,0,1,1,1,7,8
45797832,2300,1195,2,799,2008,6,0,1,2.2,128965,4,1,1,0,0,7,0
45810138,11704,761,1,575,2010,9,1,5,1.8,182737,4,0,1,1,0,1,4
45621637,941,1104,0,871,2015,4,1,1,3,196614,6,0,0,1,0,1,0
45617982,1019,1172,6,361,2011,9,1,1,3.5,122067,6,0,0,1,0,14,12
44325097,59583,517,5,701,2014,4,1,2,3.5,65000,6,2,0,1,0,1,12
45797333,7840,893,4,547,2008,3,1,5,1.6,136869,4,0,1,1,0,1,4
45662054,706,574,3,560,2010,3,1,2,1.3,189571,4,0,1,1,0,12,0
45789073,11290,473,1,317,2014,9,1,5,1.4,126000,8,0,2,1,0,12,6
45549323,17876,1711.27272727273,0,871,2006,4,1,4,3,160000,6,2,0,1,0,3,12
45816513,8154,503,4,748,2019,9,1,2,2,17768,4,0,1,1,0,14,12
45797585,18189,1185,4,526,2009,7,1,1,2.5,42852,4,0,1,1,0,14,4
45804219,26657,872.02838865217,7,582,2002,4,0,1,3,2000,4,1,0,1,0,12,4
45813861,470,528,2,409,2014,4,1,5,1.6,148958,4,0,1,1,0,7,12
38654026,135,872.02838865217,7,300,2019,9,0,5,1.6,18,4,3,1,1,0,1,12
45733312,9408,640,4,748,2013,9,1,4,2,48595,4,0,1,1,0,12,4
45810389,46251,880,1,639,2018,4,1,1,1.6,19000,4,0,1,1,0,14,4
45808971,11290,473,1,162,2014,3,1,5,1.4,35830,4,0,1,1,0,8,4
45756893,549,640,2,465,2013,9,1,2,2,216658,4,0,1,1,0,11,0
45649093,862,394,7,268,2014,9,1,2,2.5,130478,4,0,1,1,0,14,12
45768665,706,645,5,258,2011,3,1,2,1.8,116869,4,0,1,1,0,1,0
45812841,19444,765,4,387,2015,9,0,5,2,95000,4,2,2,1,0,2,12
44642449,50,749.991967871486,7,145,2014,9,0,2,1.5,120000,4,0,1,1,1,13,0
45803502,15681,891,4,748,2016,9,1,4,2,236272,4,0,1,1,0,12,4
45804077,10349,1553.57142857143,6,177,2002,2,0,5,2,22500,4,1,2,1,0,12,12
45812761,23834,394,7,268,2014,9,0,2,2.5,52800,4,0,1,1,0,5,8
45806361,4234,1429.8433516297,6,331,2001,9,1,0,2.6,128965,6,2,2,1,1,1,10
45814655,18189,1195,7,680,2008,4,0,1,2.2,225000,4,1,0,1,0,6,6
45642420,392,779,7,268,2013,9,1,2,2.5,232032,4,0,1,1,0,12,12
45811327,40769,1690.85714285714,6,769,2008,6,0,1,3,1000,6,1,2,1,0,11,2
45797309,7840,893,4,547,2008,3,1,5,1.6,102000,4,0,1,1,0,12,4
45731795,42102,1249,4,526,2017,10,1,1,2.5,110000,4,0,1,1,0,7,4
45802158,27463,1091,4,526,2016,10,1,1,2.5,203073,4,0,1,1,0,7,4
45803624,15677,862,4,526,2011,7,1,1,2.5,65455,4,0,1,1,0,1,4
45802624,28222,640,4,733,2013,4,1,1,2,60031,4,0,1,1,0,1,4
45810132,11964,790,1,575,2009,9,1,5,1.6,138205,4,0,1,1,0,14,4
45776620,3,792.627815866797,4,748,2011,9,1,5,2.4,106422,4,2,1,1,0,14,6
43052071,13485,1711.27272727273,0,871,2002,4,1,4,3,290000,6,2,0,1,0,1,10
45813988,627,1017,6,355,2017,9,1,5,2,32114,4,0,2,1,0,12,12
45811947,14426,1533.25,2,799,2004,2,0,1,2.4,205000,4,1,2,1,0,14,2
45640880,6586,919,0,871,2012,4,1,1,3,274098,6,0,0,1,0,14,0
45760047,7840,843,7,643,2008,3,0,2,1.5,151230,4,3,1,1,0,12,12
45801886,12287,687,4,387,2010,9,1,5,1.6,132121,4,0,1,1,0,12,4
45768632,22580,1172,7,535,2011,4,1,5,3.5,368064,6,0,0,1,0,7,12
44797359,17876,832.188679245283,2,409,2009,4,1,5,3,154000,6,0,0,1,0,1,10
45763742,30734,2151,5,517,2009,4,1,5,2,264339,8,0,0,1,0,1,0
45113267,37006,642,0,84,2012,9,1,5,2,196800,4,2,0,1,0,12,14
45809221,5940,447,3,425,2013,3,1,2,1.3,117058,4,0,1,1,0,1,4
45682072,10349,1268,7,145,2012,3,0,2,1.5,147000,4,3,1,1,1,14,4
45649948,392,781,7,268,2012,9,1,2,2.5,314373,4,0,1,1,0,7,12
45779447,59586,765,6,177,2015,9,1,5,2,118400,4,2,0,1,0,1,10
45773001,42651,1017,6,498,2017,4,1,5,2,44995,4,0,0,1,0,1,0
45770537,71817,872.02838865217,7,686,2016,4,1,2,2.5,45000,4,2,0,1,0,7,12
45798263,18384,531,4,387,2012,9,1,5,1.6,115444,4,0,1,1,0,14,4
45457834,40,1599.33333333333,3,425,2006,3,0,5,1.4,10000,4,3,1,1,1,14,4
45557083,26657,1091,7,268,2016,9,1,5,2.5,51202,4,0,1,1,0,1,12
45795525,17249,749.991967871486,7,145,2013,9,1,2,1.5,78300,4,0,1,1,1,14,4
45733221,11604,639,4,748,2014,9,1,4,2,432435,4,0,1,1,0,12,4
45809383,2430,862,7,268,2011,9,1,5,2.5,121952,4,0,1,1,0,7,12
45652688,862,481,4,748,2017,9,1,2,2,138459,4,0,1,1,0,12,12
45773479,1646,779,7,268,2013,9,1,5,2.5,0,4,0,1,1,0,12,12
45770902,15994,1172,6,361,2011,1,1,1,3.5,170429,6,0,2,0,0,12,12
44985699,15681,586,7,643,2012,3,0,2,1.8,115000,4,3,1,1,0,6,9
45802595,35570,639,4,733,2014,4,1,1,2,168637,4,0,1,1,0,14,4
45769165,220,1185,2,409,2009,4,1,2,2.5,193614,4,0,1,1,0,14,0
45792031,16308,741.884259259259,3,425,2014,3,0,2,1.5,138000,4,0,1,1,1,2,8
45803225,15053,765,4,748,2015,9,1,4,2,318677,4,0,1,1,0,12,4
45813628,48610,985.7,5,549,2014,9,1,5,2.5,96000,6,2,2,1,0,7,16
45798311,18503,730,4,387,2016,9,1,4,1.6,31006,4,0,1,1,0,14,4
45265974,18189,753,4,753,2013,9,0,2,2.4,214400,4,2,1,1,0,12,12
45788960,15681,562,1,322,2015,9,1,5,1.4,138000,4,2,1,1,0,2,10
45767019,16308,1429.8433516297,6,357,2004,9,1,0,3.2,210915,6,2,2,1,0,12,12
45787262,11917,819.6,3,293,2007,9,0,4,1.8,149000,4,0,1,1,1,12,12
45812605,314,645,4,387,2011,9,1,5,1.8,403538,4,0,1,1,0,7,12
45816496,21012,1017,2,452,2017,3,0,5,2,75200,4,2,1,1,0,12,8
45732642,20344,891,4,748,2016,9,1,5,2,44608,4,0,1,1,0,14,4
45794822,23521,642,2,465,2012,9,1,5,2,102400,4,0,1,1,0,14,6
45756956,39201,1811,5,516,2010,4,1,5,4.6,155821,8,0,0,1,0,1,0
45765601,3450,1624,6,361,2009,9,1,1,3.5,109139,6,0,2,1,0,1,12
45771873,9879,1018,6,361,2011,9,1,1,3,273186,6,0,2,1,0,14,12
45773578,23521,584,6,191,2014,9,1,5,1.8,64270,4,0,2,1,0,7,0
45787493,18817,781,7,268,2012,9,0,5,2.5,83200,4,2,1,1,0,1,12
45767608,941,746,7,643,2009,9,1,2,1.5,433658,4,0,1,1,0,14,12
45810524,14069,1575,7,583,2018,4,0,1,3,27000,6,0,0,1,0,14,6
45787184,31361,582.788167938931,7,643,2017,9,0,2,1.8,80000,4,0,1,1,0,7,12
45810241,25719,765,1,620,2015,9,1,5,2,108027,4,0,1,1,0,12,4
45812050,188,749,1,289,2014,4,1,5,2.4,168315,4,0,1,1,0,12,12
45641660,5488,394,7,268,2014,9,1,2,2.5,109798,4,0,1,1,0,14,12
45781986,17249,642,4,748,2012,9,1,5,2,110000,4,2,1,1,0,1,12
45810109,37301,595,7,145,2015,3,1,5,1.5,16033,4,0,1,1,0,2,4
45796180,17876,1440,0,84,2009,9,1,5,3,255478,6,2,2,1,0,1,10
45797128,38229,1091,4,526,2016,7,1,1,2.5,92078,4,0,1,1,0,1,4
45806754,5331,831,2,448,2017,3,1,5,1.6,61803,4,0,1,1,0,1,12
45771019,470,1399,6,361,2010,9,1,5,3.5,229904,6,0,0,1,0,1,12
45797400,38574,934,4,526,2015,10,1,4,2.5,132320,4,0,1,1,0,12,4
45733410,50018,1017,4,748,2017,9,1,5,2,54930,4,0,1,1,0,14,4
44896165,15500,585,7,665,2013,10,0,2,1.8,303538,4,0,1,1,0,13,12
45802100,23129,779,4,526,2013,10,1,1,2.5,197441,4,0,1,1,0,12,4
45785275,4077,1369,0,28,1995,9,0,5,1.6,0,4,1,2,1,0,11,4
45793482,14113,1711.27272727273,0,871,2001,4,1,5,4.4,115000,8,2,0,1,0,12,5
45786702,17300,582.788167938931,7,643,2010,3,1,2,1.8,159665,4,0,1,1,0,1,8
45788788,44533,1266.6,2,630,2015,1,1,5,2.3,48000,4,2,2,0,0,12,8
45773908,19757,757.14552238806,7,268,2011,9,1,2,2.4,115739,4,0,1,1,0,14,0
45625908,31047,919,0,871,2012,4,1,1,3,70994,6,0,0,1,0,1,0
45803776,37000,770,4,817,2016,4,1,1,1.7,51053,4,0,1,1,0,14,4
45816434,19444,1091,7,268,2016,9,1,5,2.5,61000,4,2,1,1,0,1,6
45810616,8674,363,1,768,2014,3,1,4,1,198000,4,0,1,1,0,1,4
45797460,44542,1249,4,526,2017,10,1,1,2.5,100856,4,0,1,1,0,12,4
45655484,392,761,7,643,2010,3,1,2,1.8,267165,4,0,1,1,0,14,12
45803212,16935,1017,4,748,2017,9,1,4,2,227911,4,0,1,1,0,14,4
45797434,9565,790,4,547,2009,3,1,5,1.6,56577,4,0,1,1,0,11,4
43908540,18189,586,7,676,2012,3,0,2,1.8,97000,4,3,1,1,0,4,12
45809061,9396,308,7,145,2015,3,1,2,1.5,160841,4,0,1,1,0,14,4
45794563,16308,582.788167938931,7,643,2010,3,1,2,1.8,130000,4,3,1,1,0,14,4
45774105,627,1058,6,361,2012,9,1,1,3.5,318285,6,0,0,1,0,1,12
45776545,37633,1020.57819905213,0,871,2011,4,1,1,3,223000,6,2,0,1,0,7,12
45813417,470,1325,7,268,2019,9,1,5,2.5,45880,4,0,1,1,0,12,12
45732034,32340,642,4,733,2012,4,1,1,2,138013,4,0,1,1,0,14,4
45624754,549,1750,7,535,2008,4,1,2,3.3,269013,6,0,0,1,0,1,12
45020609,17562,582.788167938931,7,643,2010,3,1,5,1.8,136000,4,3,1,1,0,11,8
45768201,470,645,5,258,2011,3,1,2,1.8,32974,4,0,1,1,0,12,0
45798183,12231,888.488372093023,7,643,2007,9,0,2,1.5,156000,4,3,1,1,0,12,4
45796054,16621,455.705882352941,7,651,2012,10,0,2,1.5,104643,4,0,1,1,0,7,12
45810207,24283,1051,1,620,2016,9,1,5,2.4,155763,4,0,1,1,0,14,4
45212713,22000,640,0,84,2013,9,1,5,2,110909,4,0,0,1,0,14,12
45797386,28909,831,4,387,2017,9,1,4,1.6,37029,4,0,1,1,0,7,4
45651249,34811,690,5,701,2016,4,1,2,3.5,0,6,0,1,1,0,7,12
45637760,40769,605.473684210526,5,379,2013,9,1,2,2.5,8700,12,2,1,1,0,14,12
45660675,3450,831,4,748,2011,9,1,2,2.4,224349,4,0,1,1,0,7,0
45648550,9879,1058,7,535,2012,4,1,2,3.5,157211,6,0,0,1,0,14,12
45808601,1960,777,7,268,2014,9,1,5,2.5,0,4,0,1,1,0,1,12
45804619,36219,639,4,817,2014,4,1,5,2,102000,4,0,1,1,0,7,4
43889777,14069,1674.1221719457,5,516,2015,4,1,5,4.6,57000,8,0,0,1,0,14,12
45802747,26510,640,4,733,2013,4,1,1,2,42582,4,0,1,1,0,12,4
45769235,46728,1811,5,516,2010,4,1,5,4.6,260771,8,0,0,1,0,1,0
45802744,16904,769,4,733,2011,4,1,1,2.2,208726,4,0,1,1,0,12,4
43605656,15681,640,2,214,2013,3,1,2,2,150000,4,2,1,1,0,1,0
45732362,65996,1079,4,733,2018,4,1,1,2,28000,4,0,1,1,0,1,4
45796334,9408,1429.8433516297,6,725,2000,9,1,5,2,112000,12,2,2,1,0,12,12
45816629,549,1723,4,733,2018,9,1,5,3.3,66517,6,0,1,1,0,14,12
45797105,20814,730,4,387,2016,9,1,5,1.6,83814,4,0,1,1,0,1,4
45733573,39722,765,4,748,2015,9,1,5,2,64512,4,0,1,1,0,7,4
45359161,36065,1104,4,525,2015,9,1,4,3,36000,6,0,1,1,0,1,12
45816268,1176,1736,0,891,2010,4,1,5,4.4,0,8,0,0,1,0,7,12
45733205,13172,891,4,748,2016,9,1,4,2,475406,4,0,1,1,0,8,4
45793053,8781,789,1,317,2009,9,1,1,1.6,75367,4,0,1,1,0,12,4
45815326,13172,888.488372093023,7,643,2008,9,0,5,1.4,210000,4,0,1,1,0,5,4
45745056,12231,1266,3,425,2014,3,0,2,1.5,70000,4,0,1,1,1,12,2
45801446,17000,562,1,317,2015,9,1,5,1.4,89000,4,2,1,1,0,1,10
44850069,15367,1026.00733117836,3,789,2009,7,0,4,2,160000,4,0,1,1,1,1,2
45809744,11563,645,1,317,2011,9,1,5,1.8,171960,4,0,1,1,0,14,4
45619877,24500,919,0,871,2012,4,1,5,3,1000,6,0,0,1,0,14,12
45617584,862,394,7,268,2014,9,1,2,2.5,130478,4,0,1,1,0,14,12
45635261,3136,781,7,268,2012,9,1,2,2.5,159379,4,0,1,1,0,14,12
45814382,6272,1338.90845620294,0,126,2001,9,1,5,3.6,218000,8,0,2,1,0,12,10
45781028,12231,888.488372093023,7,643,2007,3,0,2,1.5,297600,4,3,1,1,0,14,4
45757953,30,1599.33333333333,3,425,2004,3,0,5,1.3,150000,4,0,1,1,1,12,4
45648587,627,1624,7,535,2009,9,1,2,3.5,297378,6,0,0,1,0,1,12
45733241,15681,891,4,748,2016,9,1,4,2,236272,4,0,1,1,0,12,4
44868288,50,749.991967871486,7,145,2013,3,0,2,1.5,120000,4,0,1,1,1,12,4
45756835,31361,1533.25,2,799,2008,6,0,1,2.4,137500,4,1,2,1,0,14,0
42873373,14069,1304,0,128,2013,9,1,5,4.4,92000,8,2,2,1,0,14,12
45775502,15681,1711.27272727273,0,871,2002,4,1,1,3,292000,8,2,0,1,0,12,10
45811800,8154,872.02838865217,7,636,2003,7,0,5,2,233000,4,0,1,1,1,12,2
45785531,43905,1249,7,680,2017,4,0,5,2.5,63000,4,0,0,1,0,12,12
45795072,13300,1096.58823529412,2,794,2014,9,1,5,3.7,290000,6,0,0,1,0,12,6
45803938,11563,836,4,817,2010,4,1,1,2,114000,4,0,1,1,0,12,4
45766496,15994,1172,6,361,2011,1,1,1,3.5,170429,6,0,2,0,0,12,12
45812799,1646,1249,7,268,2017,9,1,5,2.5,154562,4,0,1,1,0,1,12
45815429,314,586,5,258,2012,3,1,2,1.8,191731,4,0,1,1,0,12,12
45662197,1803,574,3,560,2010,3,1,2,1.3,187312,4,0,1,1,0,2,0
45776755,8148,1236,3,435,2011,3,0,2,1.3,99000,4,2,1,1,1,12,4
45772752,314,1172,6,361,2011,9,1,1,3.5,132630,6,0,2,1,0,12,12
45804873,25512,836,4,817,2010,4,1,1,2,118514,4,0,1,1,0,7,4
45794587,40456,397,7,643,2016,9,1,2,1.8,30000,4,3,1,1,0,7,10
45732659,10036,862,4,748,2014,9,1,4,2,333686,4,0,1,1,0,12,4
42942747,32929,1803.84615384615,5,696,2008,4,1,2,3.3,132800,6,0,0,1,0,14,12
45813168,300,1521.27188940092,6,769,2020,6,0,5,0.1,0,1,1,2,1,0,0,0
45748574,12231,640,2,452,2013,3,0,5,2,154000,4,0,1,1,0,1,6
45730809,18503,730,4,387,2016,9,1,4,1.6,30312,4,0,1,1,0,7,4
45030438,14583,831,4,140,2017,3,0,5,1.6,43488,4,0,1,1,0,1,6
45540059,10036,1994.5,3,312,2002,4,0,0,2.4,194500,4,0,0,1,0,2,6
45775834,12231,612,1,317,2010,9,1,5,1.4,119000,6,2,1,1,0,14,16
45791032,23521,586,6,191,2012,9,1,5,1.8,47000,4,0,2,1,0,14,0
45654586,22580,353,7,643,2015,9,0,2,1.8,92430,4,0,1,1,0,14,10
45804090,44878,1017,4,817,2017,4,1,1,2,63478,4,0,1,1,0,12,4
45788559,8154,939.882352941176,7,849,2005,3,0,5,1,200000,4,3,1,1,1,12,4
45702017,17249,562,1,317,2015,9,1,5,1.4,72126,4,2,1,1,0,3,8
45534612,62023,971,6,335,2016,9,1,1,2.2,121400,4,2,2,1,0,1,12
45799506,1254,582.788167938931,7,643,2012,3,0,2,1.8,100000,4,0,1,1,0,14,0
45739852,18817,582.788167938931,7,643,2011,9,0,5,1.8,167394,4,0,1,1,0,7,8
45801608,20005,531,4,387,2012,9,1,5,1.6,107179,4,0,1,1,0,14,4
45803041,38063,891,4,733,2016,4,1,1,2,147786,4,0,1,1,0,14,4
45776393,8154,1841,6,347,2000,9,1,1,2.7,290000,5,0,2,1,0,2,12
45799738,23207,565.416666666667,2,214,2014,3,1,6,2,65000,4,0,1,1,0,11,8
45810039,50651,1091,1,559,2016,9,1,5,2.5,66522,4,0,1,1,0,12,4
45815328,10036,777,7,268,2014,9,1,5,2.5,267398,4,0,1,1,0,14,10
45539071,10349,988,7,643,2007,3,0,2,1.5,0,4,0,1,1,0,6,8
45801492,15323,531,4,387,2012,9,1,5,1.6,172253,4,0,1,1,0,1,4
45803349,8467,639,4,748,2014,9,1,4,2,128965,4,0,1,1,0,8,4
44383268,24000,2265,7,220,2019,4,1,2,1.5,6000,4,0,1,1,1,14,8
45802030,16452,836,4,522,2010,1,1,5,2,106526,4,0,1,1,0,11,4
45815729,10663,888.488372093023,7,643,2008,3,1,2,1.5,207000,4,0,1,1,0,12,8
45730256,25004,528,4,387,2014,9,1,5,1.6,52569,4,0,1,1,0,14,4
45808770,2038,697,3,293,2015,9,1,5,1.8,80542,4,0,1,1,0,7,12
45806547,6429,463,7,643,2018,3,1,2,1.8,0,4,0,1,1,0,1,12
41078749,6272,503,3,296,2012,9,1,2,1.5,141302,4,3,1,1,0,13,12
45810396,26594,1079,1,639,2018,4,1,4,2,140070,4,0,1,1,0,7,4
45773284,862,259,1,853,2014,4,1,2,1.4,133195,4,0,1,1,0,1,0
45042048,18817,792.627815866797,4,748,2013,9,1,5,2,92479,4,2,1,1,0,2,10
45800506,21950,582.788167938931,7,643,2014,3,0,2,1.8,107000,4,3,1,1,0,4,12
45766048,220,1053,6,361,2014,9,1,1,3.5,95987,6,0,0,1,0,1,12
45730203,25889,528,4,387,2014,9,1,5,1.6,131000,4,0,1,1,0,14,4
45798064,14069,687,4,387,2010,9,1,5,1.6,100403,4,0,1,1,0,14,4
43347134,8781,970.867153989687,2,417,2001,4,1,5,3,199283,6,0,0,1,0,5,6
45649805,7997,1850,5,696,2008,4,1,2,3.5,244731,6,0,1,1,0,1,12
45769756,314,1053,6,361,2014,9,1,1,3.5,149486,6,0,0,1,0,12,12
45651850,5018,1399,5,701,2010,4,1,2,3.5,167222,6,0,0,1,0,1,12
45771227,1568,1493,6,361,2016,9,1,1,3.5,77205,6,0,2,1,0,7,12
45797838,18826,583,4,387,2011,9,1,5,1.6,87210,4,0,1,1,0,12,4
45796236,9095,1440,0,84,2000,9,1,5,2.8,333000,6,2,2,1,0,2,8
45641974,3136,781,7,268,2012,9,1,2,2.5,159379,4,0,1,1,0,14,12
45761811,14113,658,3,560,2009,3,0,2,1.3,111000,4,2,1,1,0,12,6
45731141,31349,777,4,526,2014,7,1,1,2.5,152469,4,0,1,1,0,1,4
45768666,16935,353,5,258,2015,3,1,2,1.8,94949,4,0,1,1,0,14,0
45773761,392,394,7,268,2014,1,1,2,2.5,374808,4,0,1,1,0,14,12
45315028,27284,259,1,853,2014,9,0,6,1.4,121000,4,2,1,1,0,14,10
45769893,16621,1172,6,361,2011,9,1,1,3.5,119379,6,0,0,1,0,12,12
45518665,29793,1338.90845620294,0,902,2007,1,1,5,3,210000,6,2,2,0,0,12,6
45769003,18817,794.604651162791,7,298,2012,9,0,4,1.8,127000,4,0,1,1,0,14,6
45651276,941,1058,5,701,2012,4,1,2,3.5,232357,6,0,0,1,0,1,12
45694708,21953,503,3,296,2014,9,0,2,1.5,140000,4,0,1,1,0,7,12
45749253,30,741.884259259259,3,425,2010,3,0,5,1.3,10000,4,0,1,1,1,12,4
45789855,9722,1675,2,799,2004,6,0,1,2,200000,4,1,1,0,0,14,0
45646562,1333,1053,5,381,2014,9,1,5,3.5,179358,6,0,1,1,0,11,12
45684282,13485,749.991967871486,7,145,2012,9,0,2,1.5,147431,3,2,1,1,1,14,5
44832891,37476,1017,7,220,2017,4,0,5,2,36099,4,0,1,1,0,12,10
45733598,70678,1079,4,748,2018,9,1,5,2,34704,4,0,1,1,0,7,4
45756707,392,994,3,293,2008,9,1,5,1.8,233728,4,0,1,1,0,12,12
45640538,8781,431,2,465,2016,9,1,2,2,194974,4,0,1,1,0,1,0
45810229,21012,738,1,317,2017,3,0,5,1.4,66000,4,2,1,1,0,12,8
45797708,19416,583,4,387,2011,9,1,5,1.6,120581,4,0,1,1,0,12,4
45794573,1882,862,3,425,2001,3,0,5,1.3,0,6,0,1,1,1,14,4
45758945,14113,986,7,268,2010,9,1,2,2.4,80000,4,2,1,1,0,12,7
45654595,34811,690,5,701,2016,4,1,2,3.5,0,6,0,1,1,0,7,12
45798044,18817,673.483990147783,4,387,2012,9,1,5,1.8,81250,4,0,1,1,0,12,12
45772363,54568,1363,5,516,2012,4,1,5,4.6,255406,8,0,0,1,0,1,0
45797512,40983,934,4,526,2015,10,1,1,2.5,112718,4,0,1,1,0,12,4
45771312,470,1053,6,201,2014,9,1,5,3.5,189800,6,0,0,1,0,11,12
45746671,17562,582.788167938931,7,643,2010,3,0,2,1.8,71000,4,3,1,1,0,7,12
45587656,8154,819.6,3,293,2004,9,0,0,1.7,135000,4,3,1,1,1,14,2
45769880,4861,1058,6,361,2012,9,1,1,3.5,128202,6,0,2,1,0,1,12
45625976,784,1301,0,871,2014,9,1,5,4.4,247877,8,0,0,1,0,1,0
45803025,33243,765,4,733,2015,4,1,1,2,175126,4,0,1,1,0,1,4
45769126,941,1935,7,822,2016,4,1,5,4.6,254805,8,0,0,1,0,14,12
45773838,2274,862,7,268,2011,9,1,5,2.5,190698,4,0,1,1,0,7,12
45657102,7213,746,7,643,2009,9,0,2,1.5,271256,4,0,1,1,0,7,8
45785875,9095,584,7,568,2004,9,0,5,1.3,151000,4,0,1,1,1,14,2
45766199,4861,1058,6,361,2012,9,1,1,3.5,128202,6,0,2,1,0,1,12
45815072,20071,934,7,268,2015,9,1,5,2.5,86357,4,0,1,1,0,2,12
45797116,22549,629,4,387,2015,9,1,1,1.6,110000,4,0,1,1,0,12,4
44881895,17249,900,4,758,2015,9,0,5,2.4,84000,4,2,1,1,0,12,12
45524446,9408,843,7,643,2008,3,0,2,1.5,200000,4,0,1,1,0,7,8
45756187,15681,1533.25,2,799,2003,6,0,1,2.4,250000,4,1,2,1,0,14,2
45786757,20385,584,4,387,2014,9,1,5,1.8,179200,4,2,1,1,0,1,12
45787078,20385,1533.25,2,799,2007,6,0,1,2.4,0,2,1,1,1,0,12,0
45803504,12544,765,4,748,2015,9,1,4,2,472279,4,0,1,1,0,8,4
45755584,706,1194,7,792,2013,8,1,5,4,141008,6,0,2,1,0,2,0
45760786,14113,586,7,643,2012,3,0,2,1.8,228751,4,0,1,1,0,1,12
45801969,10976,2606,0,591,2004,1,0,5,2.5,111111,6,1,2,0,0,14,12
44658903,7000,1429.8433516297,6,719,1999,9,1,0,3.2,6789,6,2,2,1,0,2,10
45764913,46728,1811,5,516,2010,4,1,5,4.6,260771,8,0,0,1,0,1,0
45125551,25716,474,1,853,2013,3,1,6,1.4,91000,4,3,1,1,0,7,10
45768035,5488,1429.8433516297,6,12,2000,9,0,0,2,0,4,1,2,1,0,1,2
45796824,30326,777,4,526,2014,10,1,1,2.5,245603,4,0,1,1,0,1,4
45812335,470,751,1,289,2013,4,1,5,2.4,236267,4,0,1,1,0,7,12
45599937,5018,490,3,560,2011,3,0,2,1.3,195703,4,2,1,1,0,7,6
45796972,9408,1236,3,451,2011,3,1,2,1.3,121000,4,0,1,1,1,12,2
45802952,17249,1451.8,7,680,2003,4,0,5,2,126400,4,0,0,1,0,12,4
45802236,36899,1091,4,526,2016,7,1,1,2.5,90132,4,0,1,1,0,12,4
45732907,7527,642,4,748,2012,9,1,4,2,453075,4,0,1,1,0,12,4
45730648,30887,629,4,387,2015,9,1,1,1.6,51966,4,0,1,1,0,12,4
45776805,9408,988,7,643,2007,3,0,2,1.5,194098,4,0,1,1,0,2,0
45661414,188,1172,5,701,2011,4,1,2,3.5,101816,6,0,0,1,0,1,12
45815015,470,781,7,268,2012,9,1,5,2.5,349603,4,0,1,1,0,1,12
44985145,3000,862,4,523,2008,9,0,5,1.4,180000,4,0,1,1,0,12,0
45793647,8781,961,1,289,2009,4,1,1,2,54258,4,0,1,1,0,14,4
45285160,17876,1994.5,3,312,2006,4,1,5,2.4,127000,4,0,0,1,0,1,8
45763747,54568,1363,5,516,2012,4,1,5,4.6,255406,8,0,0,1,0,1,0
45764448,125,1750,7,535,2008,9,1,2,3.3,287274,6,0,0,1,0,14,12
45729574,29094,831,4,387,2017,9,1,5,1.6,84000,4,0,1,1,0,14,4
45770301,5018,1624,6,361,2009,9,1,1,3.5,109139,6,0,2,1,0,1,12
45813870,11604,1429.8433516297,6,603,2002,4,1,0,3.2,203000,6,2,0,1,0,1,8
45796862,21805,707,4,526,2011,6,1,1,2,55622,4,0,1,1,0,12,4
45651256,2666,1079,0,35,2018,9,1,5,2,25323,4,0,0,1,0,1,12
45793966,21012,1185,2,415,2009,4,1,2,2.5,214400,4,0,0,1,0,14,6
45764504,941,1750,7,535,2008,9,1,2,3.3,226094,6,0,0,1,0,14,12
44096642,23521,844.645161290323,2,409,2013,4,1,5,1.6,192000,4,2,1,1,0,6,10
45782339,14426,761,7,643,2010,9,0,2,1.8,228800,4,0,1,1,0,12,6
45803461,11290,639,4,748,2014,9,1,4,2,520393,4,0,1,1,0,12,4
45652064,392,690,5,701,2016,4,1,2,3.5,27038,6,0,0,1,0,14,12
45769640,314,1172,6,361,2011,9,1,1,3.5,132630,6,0,2,1,0,12,12
45732795,17305,836,4,748,2010,9,1,5,2,158000,4,0,1,1,0,7,4
45787914,26343,673.483990147783,4,387,2016,9,1,5,2,92000,4,0,1,1,0,2,12
45802854,50184,891,4,733,2016,4,1,1,2,122497,4,0,1,1,0,2,4
45619817,18503,1451.8,7,680,2006,4,0,5,2.4,135000,4,0,0,1,0,2,8
42965315,16308,645,7,556,2011,7,0,5,1.8,171000,4,2,0,1,0,14,10
45733723,51517,730,4,748,2016,9,1,5,1.6,344193,4,0,1,1,0,14,4
45731032,20488,862,4,526,2011,7,1,1,2.5,45566,4,0,1,1,0,14,4
45030307,15524,650,1,321,2016,9,0,5,1.4,263630,4,0,1,1,0,11,8
45732767,16599,836,4,748,2010,9,1,5,2,173000,4,0,1,1,0,1,4
45474920,14069,1575,6,503,2018,4,1,5,3,99000,6,2,0,1,0,14,10
45791868,17111,934,7,268,2015,9,1,5,2.5,98000,6,2,2,1,0,14,8
45523775,12544,843,7,643,2008,3,0,2,1.5,91000,4,3,1,1,0,2,13
45809270,30950,639,1,289,2014,4,1,1,2,104536,4,0,1,1,0,7,4
45472743,8154,586,4,387,2012,9,0,5,1.8,74000,4,0,1,1,0,1,6
45791315,14113,704.859649122807,2,452,2013,3,0,5,2,136000,4,0,1,1,0,4,6
45769794,14113,308,7,643,2014,4,1,2,1.8,339710,4,0,1,1,0,14,12
45815106,627,831,7,896,2018,9,1,5,1.5,42224,4,0,1,1,0,7,12
45802485,25440,528,4,547,2014,3,1,5,1.6,71589,4,0,1,1,0,12,4
45787142,13172,749.991967871486,7,145,2013,3,0,2,1.5,185000,4,3,1,1,1,14,4
45804446,47120,1399,5,694,2010,4,1,5,3.5,114382,4,0,1,1,0,12,4
45644398,392,781,7,268,2012,9,1,2,2.5,314373,4,0,1,1,0,7,12
45768679,1725,585,5,258,2013,3,1,2,1.8,188194,4,0,1,1,0,1,0
45801618,20005,583,4,387,2011,9,1,5,1.6,129013,4,0,1,1,0,7,4
45706423,25,888.488372093023,7,643,2007,3,0,2,1.5,200000,4,0,1,1,0,14,4
45802378,12701,1024,4,526,2010,4,1,1,2.5,56765,4,0,1,1,0,12,4
45480405,16621,645,7,643,2011,9,0,2,1.8,171200,4,0,1,1,0,7,6
45809977,25089,503,7,145,2012,3,1,5,1.5,51440,4,0,1,1,0,8,4
45757123,2666,521,1,853,2011,3,1,2,1.4,288778,4,0,1,1,0,1,0
45797521,38609,1091,4,526,2016,10,1,1,2.5,121000,4,0,1,1,0,14,4
45811596,549,1694,6,483,2016,4,1,5,4,34960,8,0,0,1,0,1,12
45802358,24462,1211,4,833,2010,4,1,1,3,45000,6,0,1,1,0,1,14
45489009,21012,749,4,748,2014,9,1,5,2.4,128000,4,2,1,1,0,1,12
45807439,157,919,6,605,2012,4,1,1,3,221312,6,0,0,1,0,2,12
45776895,17249,1533.25,2,799,2008,6,0,1,2.2,155126,4,1,1,0,0,2,2
45806153,1000,587.673913043478,4,138,1997,9,0,5,1.3,4444,4,1,1,0,0,2,0
45809832,627,645,7,298,2011,9,1,5,1.8,223646,4,0,1,1,0,1,12
45789480,7527,1338.90845620294,0,78,2000,9,1,5,2.5,17000,6,1,2,1,1,6,4
45703501,9408,640,2,465,2013,9,1,2,2,0,4,0,1,1,0,5,8
45731824,17719,765,4,525,2015,9,1,4,2,81125,4,0,1,1,0,12,4
45770464,14113,1429.8433516297,6,35,2003,9,1,0,3.2,37000,12,2,2,1,0,12,12
45814924,16308,1690.85714285714,6,769,2002,6,1,1,2.2,50000,4,1,2,1,0,2,6
45548151,10349,1267,7,145,2013,3,0,2,1.5,65000,4,0,1,1,1,1,12
45617727,706,1624,6,361,2009,9,1,1,3.5,138384,6,0,0,1,0,1,12
45805016,42337,1017,4,817,2017,4,1,1,2,49697,4,0,1,1,0,7,4
45770025,4077,1714,6,502,2017,4,1,5,3.5,39814,6,0,2,1,0,1,0
45809178,14586,502,7,145,2013,3,1,5,1.5,106500,4,0,1,1,0,2,4
45803227,15053,765,4,748,2015,9,1,4,2,272769,4,0,1,1,0,12,4
45662052,1803,574,3,560,2010,3,1,2,1.3,187312,4,0,1,1,0,2,0
45642696,18817,609,7,268,2018,9,1,2,2.5,35058,4,0,1,1,0,14,12
45761448,12231,741.884259259259,3,425,2013,3,0,2,1.3,112000,4,3,1,1,1,14,8
45617378,50178,1078.53623188406,6,605,2012,4,1,1,3,95000,6,2,0,1,0,7,8
45807528,7840,1211,0,50,2010,9,1,5,3,157000,6,2,2,1,0,14,12
45651193,706,394,7,268,2014,9,1,2,2.5,115312,4,0,1,1,0,7,12
45806312,17249,645,4,585,2011,9,1,5,1.8,95000,4,0,1,1,0,1,8
45802984,29156,640,4,733,2013,4,1,1,2,224077,4,0,1,1,0,14,4
45654795,22266,1058,6,605,2012,4,1,1,3.5,193267,6,0,0,1,0,7,12
45809499,39066,595,3,425,2015,3,1,5,1.5,14000,4,0,1,1,0,12,4
45816147,2901,1017,4,387,2017,9,1,5,2,82114,4,0,1,1,0,14,12
45805917,20385,586,7,643,2012,3,1,2,1.8,88070,4,0,1,1,0,14,10
45815261,3607,1058,6,361,2012,9,1,5,3.5,139254,6,0,2,1,0,1,12
45764974,17562,777,7,268,2014,9,1,5,2.5,59000,4,2,1,1,0,1,10
45801932,9095,843,7,643,2008,9,0,2,1.5,178000,4,0,1,1,0,12,12
45793287,14113,764,1,639,2015,4,1,5,2,34329,4,0,1,1,0,1,4
45803364,10036,639,4,748,2014,9,1,4,2,389854,4,0,1,1,0,12,4
45789399,16308,455.705882352941,7,651,2012,3,0,5,1.5,145600,4,0,1,1,0,1,6
45770214,4547,1017,4,387,2017,9,1,5,2,115974,4,0,1,1,0,14,12
45640907,3607,1104,0,871,2015,4,1,1,3,201056,6,0,0,1,0,1,0
45647804,3763,779,7,268,2013,9,1,2,2.5,124912,4,0,1,1,0,14,12
45539436,16308,697,4,387,2015,9,0,5,1.8,86400,4,2,1,1,0,11,4
45656432,13328,1399,5,701,2010,4,1,2,3.5,186005,6,0,0,1,0,12,12
45757288,941,831,1,620,2011,9,1,5,2.4,283806,4,0,1,1,0,7,12
45809296,15053,888.488372093023,7,643,2007,9,1,2,1.5,296000,4,3,1,1,0,7,4
45655033,1019,1055,5,701,2013,4,1,2,3.5,138038,6,0,1,1,0,14,12
45511745,16778,585,4,387,2013,9,0,5,1.8,70000,4,2,1,1,0,12,0
45801674,4704,798.780396435111,4,521,1999,4,0,1,2.5,200000,4,0,0,1,0,6,2
45799668,9879,426,2,452,2015,9,0,5,1,54935,3,1,1,1,0,1,8
45789778,3763,565,1,626,2007,9,1,5,0.8,155691,3,0,1,1,0,12,4
45794218,15681,1429.8433516297,6,611,2004,4,1,4,3.7,238078,6,2,0,1,0,1,12
45260900,21326,1054,6,837,2009,7,0,1,2.2,330000,4,2,2,1,0,0,6
45767513,5959,896.105072463768,0,84,1998,9,1,0,2.8,243987,6,0,2,1,0,1,8
45811418,2430,1053,7,268,2014,9,1,5,3.5,209181,6,0,1,1,0,11,12
43635639,11447,490,7,849,2011,3,0,5,1.3,171000,4,3,0,1,0,9,7
45793915,28852,788.140435835351,4,817,2013,4,1,5,2.4,150000,4,2,0,1,0,1,8
45801661,8781,1823,0,588,2000,1,1,5,2.5,222222,6,1,2,0,1,12,2
45797519,20266,583,4,387,2011,9,1,5,1.6,125047,4,0,1,1,0,14,4
45711524,19757,333,2,214,2014,3,1,6,2,1280,4,0,1,1,0,12,12
45149755,11604,1711.27272727273,0,871,2002,4,1,0,4.4,222222,8,2,0,1,0,1,12
45768412,14269,1324,7,535,2010,4,1,2,3.3,300366,6,0,0,1,0,2,12
45816013,4861,810,4,387,2016,9,1,5,1.8,152278,4,0,1,1,0,2,12
45796990,27463,1091,4,526,2016,10,1,1,2.5,203073,4,0,1,1,0,7,4
45620876,470,1053,6,361,2014,9,1,1,3.5,146395,6,0,2,1,0,7,12
45732750,11290,891,4,748,2016,9,1,4,2,331445,4,0,1,1,0,12,4
45803611,34808,1249,4,526,2017,7,1,1,2.5,15602,4,0,1,1,0,12,4
45730616,2587,474,1,853,2013,3,1,2,1.4,0,4,0,1,1,0,7,12
45786698,30420,1451,0,107,2011,9,1,5,4.4,176000,8,2,2,1,0,14,12
45806689,10976,843,7,643,2008,9,0,2,1.5,145600,4,0,1,1,0,2,12
45805616,14113,741.884259259259,3,425,2013,9,0,2,1.5,160000,4,0,1,1,1,14,4
42941896,14426,761,7,643,2010,9,0,2,1.8,145600,4,0,1,1,0,2,12
45791354,19444,697,4,387,2015,9,1,5,1.8,37000,4,2,1,1,0,5,10
45732706,15681,891,4,748,2016,9,1,4,2,258942,4,0,1,1,0,12,4
45264393,17562,586,7,643,2012,3,1,2,1.8,150000,4,0,1,1,0,7,7
45813560,470,765,0,867,2015,4,1,5,2,123923,4,0,0,1,0,1,12
45789053,23521,798.697674418605,0,50,2011,9,1,5,3,120000,6,2,2,1,0,7,8
44380729,21639,720.051834985287,1,857,2012,9,1,6,1.4,116000,4,0,1,1,0,11,10
45801981,19601,629,4,387,2015,9,1,4,1.6,35607,4,0,1,1,0,14,4
45783501,2500,814.666666666667,6,769,2010,6,0,1,2.2,1111,5,1,2,1,0,14,7
45732166,43062,891,4,733,2016,4,1,1,2,160931,4,0,1,1,0,14,4
45811062,24148,753,4,817,2012,4,1,5,2.4,121300,4,0,0,1,0,2,6
45803265,8624,640,4,748,2013,9,1,4,2,91475,4,0,1,1,0,14,4
45768068,29793,798.780396435111,4,557,2011,4,1,5,2.4,110000,4,0,0,1,0,12,8
43803735,8154,1090.33333333333,2,805,2006,2,0,1,1.7,98439,4,1,1,0,1,11,2
45770335,5500,862,0,73,1997,9,0,5,2,263000,6,1,2,1,0,6,2
45768345,470,761,7,643,2010,9,1,2,1.8,383578,4,0,1,1,0,1,12
45801430,14113,528,4,138,2014,9,1,1,1.6,32064,4,0,1,1,0,7,4
45765940,17876,1759,2,802,2001,6,1,1,2.4,350000,4,1,2,1,0,14,2
45694902,15685,741.884259259259,3,425,2013,3,0,2,1.5,118507,4,0,1,1,1,14,4
45770311,314,1172,6,361,2011,9,1,1,3.5,132630,6,0,2,1,0,12,12
45816093,6429,1205,4,733,2015,4,1,5,3.3,104181,6,0,0,1,0,11,12
45198522,11604,831,4,748,2011,9,1,5,2.4,185600,4,0,1,1,0,14,12
45814686,27500,1507.30769230769,6,837,2008,7,0,1,2.2,0,4,1,2,1,0,14,2
45651047,5018,1399,5,701,2010,4,1,2,3.5,167222,6,0,0,1,0,1,12
45621706,188,1053,6,361,2014,9,1,1,3.5,153115,6,0,0,1,0,1,12
45760760,6743,779,5,379,2013,9,1,2,2.5,186554,4,0,1,1,0,14,12
45810311,21410,642,1,620,2012,9,1,5,2,133778,4,0,1,1,0,1,4
45617833,18189,1172,6,361,2011,9,1,1,3.5,248525,6,0,0,1,0,1,12
45783369,10976,1841,6,347,2002,9,0,1,2.7,222222,6,0,2,1,0,12,0
45802943,14050,836,4,733,2010,4,1,1,2,53114,4,0,1,1,0,12,4
45809085,50560,1079,1,289,2018,4,1,1,2,37691,4,0,1,1,0,1,4
45797185,30931,880,4,387,2018,9,1,5,1.6,35798,4,0,1,1,0,14,4
45733122,13338,836,4,748,2010,9,1,5,2,99488,4,0,1,1,0,14,4
45453280,10036,986,5,531,2010,9,1,2,2.4,102000,4,2,1,1,0,7,12
45790568,12231,1429.8433516297,6,357,2004,9,1,5,3.2,123000,6,2,2,1,0,2,10
45783874,51746,765,0,65,2015,1,1,5,2,90000,4,2,0,0,0,14,12
45802831,28780,707,4,733,2011,4,1,1,2,129129,4,0,1,1,0,12,4
45810215,22260,751,1,620,2013,9,1,5,2.4,97907,4,0,1,1,0,12,4
45193511,70,582.788167938931,7,643,2011,9,1,2,1.8,4000,6,0,0,1,0,7,6
45789837,6899,1090,1,289,2008,4,1,1,2,77778,4,0,1,1,0,12,4
45568950,13172,1855,3,787,2011,7,0,5,2,97000,4,2,1,1,1,2,8
45017099,6899,640,2,452,2013,3,0,5,2,144000,4,2,1,1,0,7,8
44516065,15994,271,7,655,2014,3,0,2,1.5,119718,4,0,1,1,0,14,7
45801838,14834,531,4,387,2012,9,1,5,1.6,131443,4,0,1,1,0,12,4
45590008,22894,586,5,258,2012,3,1,2,1.8,89000,4,3,1,1,0,3,10
45786910,19757,271,7,651,2014,3,0,2,1.5,73000,4,0,1,1,0,1,12
45290874,10976,1338.90845620294,0,48,2002,9,1,5,2.5,262400,6,2,0,1,0,1,8
45646059,1098,394,7,268,2014,9,1,2,2.5,398069,4,0,1,1,0,1,12
45624939,31047,919,0,871,2012,4,1,1,3,70994,6,0,0,1,0,1,0
45682224,75266,1292,0,871,2016,4,1,5,3,33600,6,2,2,1,0,14,10
44934841,14069,1429.8433516297,6,615,2012,4,1,5,2,165000,8,2,0,1,0,12,12
44992466,21639,586,5,258,2012,3,1,2,1.8,139000,4,0,1,1,0,14,6
45805049,20610,642,4,817,2012,4,1,1,2,195401,4,0,1,1,0,7,4
45780123,9408,888.488372093023,7,643,2005,9,0,5,1.5,0,4,0,1,1,0,14,6
45732378,49259,765,4,733,2015,4,1,1,2,121390,4,0,1,1,0,14,4
45800987,19444,1429.8433516297,6,20,2008,9,1,1,3,330000,6,2,2,1,0,1,8
45729634,28532,730,4,387,2016,9,1,5,1.6,39770,4,0,1,1,0,12,4
45767545,23521,1058,7,535,2012,4,1,5,3.5,140966,6,0,0,1,0,1,12
45801978,18503,730,4,387,2016,9,1,4,1.6,31151,4,0,1,1,0,12,4
44112939,24148,798.780396435111,4,765,2014,9,1,4,2,52764,4,2,1,1,0,1,10
45768523,13172,1310.44444444444,1,559,2012,9,0,5,3.6,180000,6,0,1,1,0,1,6
45801843,37633,1078.53623188406,6,605,2010,4,1,1,3,230400,6,2,0,1,0,1,12
45802788,47512,891,4,733,2016,4,1,1,2,144333,4,0,1,1,0,14,4
45430739,9095,872.02838865217,7,267,2000,4,0,5,1.3,114000,4,0,2,1,1,12,2
45675881,17249,382,2,465,2015,9,1,6,2,148000,4,0,1,1,0,7,8
45644757,29479,1058,7,535,2012,4,1,2,3.5,205250,6,0,0,1,0,12,12
45773250,3763,259,1,853,2014,3,1,2,1.4,138491,4,0,1,1,0,1,0
45750668,6429,1055,2,421,2013,4,1,5,3.5,0,6,0,1,1,0,10,12
45733396,57990,1079,4,748,2018,9,1,5,2,13715,4,0,1,1,0,2,4
45811785,34497,2366.56363636364,5,517,2004,4,1,4,2,170000,8,0,0,1,0,1,8
45650020,3136,781,7,268,2012,9,1,2,2.5,159379,4,0,1,1,0,14,12
45756874,21953,1711.27272727273,0,871,2005,4,1,1,3,248000,6,2,0,1,0,1,6
45803131,11604,1017,4,748,2017,9,1,4,2,324605,4,0,1,1,0,8,4
45801451,12240,531,4,138,2012,9,1,1,1.6,98624,4,0,1,1,0,12,4
45732721,10036,639,4,748,2014,9,1,4,2,128965,4,0,1,1,0,12,4
45809935,14069,503,7,145,2012,3,1,5,1.5,113971,4,0,1,1,0,2,4
45772867,5802,1053,2,421,2014,4,1,5,3.5,148454,6,0,1,1,0,1,12
45781862,3763,1429.8433516297,6,19,1988,6,0,1,2.4,13758,4,1,2,1,0,15,0
45799991,12544,1429.8433516297,6,331,2000,9,1,4,2,192125,4,2,2,1,0,12,6
45803421,7809,891,4,748,2016,9,1,4,2,453750,4,0,1,1,0,8,4
45619089,941,1053,6,361,2014,9,1,1,3.5,184467,6,0,2,1,0,14,12
45762248,50178,456,7,680,2015,4,0,2,2.5,107200,4,0,0,1,0,14,10
45793879,9408,939.882352941176,7,849,2005,9,0,5,1,137000,4,0,1,1,1,1,4
45551566,13172,1271.22222222222,7,268,2007,9,0,2,2.4,102000,6,2,1,1,0,12,9
45796811,15681,1347,4,526,2008,7,1,1,2.5,71545,4,0,1,1,0,2,4
45762965,1019,1537,7,535,2009,4,1,2,3.3,318358,6,0,0,1,0,1,12
45812913,19444,1803.84615384615,5,696,2007,4,1,2,3.3,273600,6,2,1,1,0,12,10
45773477,8781,1527,6,174,1999,9,0,5,1.8,0,4,1,2,1,0,2,4
45776839,27000,1231,6,835,2007,7,1,1,2.2,260000,4,1,2,1,0,15,4
45788150,12500,1429.8433516297,6,357,1999,9,0,1,3.2,0,6,0,2,1,0,12,0
45810402,23994,629,1,639,2015,4,1,1,1.6,135039,4,0,1,1,0,7,4
45433520,17562,521,1,853,2011,9,1,6,1.4,114000,4,0,1,1,0,11,8
45397410,21953,765,4,387,2015,9,0,5,2,150000,4,2,1,1,0,2,8
45787234,18817,1018,0,50,2011,9,1,5,3,78000,6,2,1,1,0,14,10
45787669,18817,1701.21052631579,6,605,2005,4,1,5,3.5,256000,6,2,0,1,0,5,8
45793327,16621,598.5,4,827,2012,3,1,5,1.6,105000,4,2,1,1,0,7,8
45659047,2666,1018,6,605,2011,4,1,1,3,0,6,0,0,1,0,1,12
45772398,9879,1018,6,361,2011,9,1,1,3,273186,6,0,2,1,0,14,12
45770326,314,1017,6,355,2017,9,1,5,2,26802,4,0,2,1,0,1,12
45810507,32929,1701.21052631579,6,605,2009,4,1,5,3.5,169600,8,0,0,1,0,14,8
45779745,15053,781,1,317,2018,9,0,5,1.4,0,4,0,1,1,0,1,0
45465187,392,1079,7,220,2018,4,1,5,2,22816,4,0,1,1,0,7,12
45764980,1882,1053,6,361,2014,9,1,1,3.5,146395,6,0,2,1,0,7,12
45733291,14906,765,4,748,2015,9,1,4,2,34569,4,0,1,1,0,1,4
45804154,27654,707,4,817,2011,4,1,1,2,91033,4,0,1,1,0,12,4
45769353,470,1750,7,535,2008,4,1,2,3.3,182024,6,0,0,1,0,1,12
45808180,28852,1702.77011494253,7,535,2008,4,0,2,3.3,249600,6,3,0,1,0,12,12
45795842,14426,1888,0,87,2002,9,0,5,3,98000,6,2,2,1,0,1,10
45730936,15825,836,4,522,2010,1,1,5,2,81384,4,0,1,1,0,14,4
45395890,19130,900,4,748,2015,9,0,5,2.4,142400,4,2,1,1,0,1,8
45584228,5331,1529,0,30,2004,9,0,5,1.9,128202,4,2,2,1,1,1,4
45789036,14426,528,4,387,2014,9,0,5,1.6,92800,4,2,1,1,0,7,8
45781991,11604,988,7,643,2007,3,0,2,1.5,167000,4,3,1,1,0,5,12
45733284,9252,765,4,748,2015,9,1,4,2,128965,4,0,1,1,0,8,4
45772713,39829,1811,5,516,2010,4,1,5,4.6,155821,8,0,0,1,0,1,0
45804814,34572,765,4,817,2015,4,1,1,2,146948,4,0,1,1,0,14,4
45766921,15053,1429.8433516297,6,35,2003,9,1,4,3.2,340000,6,0,2,1,0,1,10
45755017,12544,843,7,643,2008,9,1,2,1.5,207005,4,0,1,1,0,2,8
45780034,10976,1429.8433516297,6,240,2004,1,1,5,3.2,208000,6,0,2,0,0,1,6
45183554,14069,2959,7,576,2018,4,1,1,3,59826,4,0,0,1,0,1,12
45802342,18305,781,4,526,2012,7,1,1,2.5,61272,4,0,1,1,0,12,4
45007940,13570,720.051834985287,1,635,2010,4,0,5,1.7,71436,6,1,0,1,0,3,4
45761992,24775,456,7,283,2015,9,1,2,2.5,141000,6,3,1,1,0,1,10
45809319,16960,503,7,145,2012,3,1,5,1.5,81400,4,0,1,1,0,8,4
45815918,3293,1058,4,733,2012,4,1,5,3.5,154782,6,0,0,1,0,7,12
45652694,1019,333,2,465,2014,9,1,2,2,0,4,0,1,1,0,12,0
45733295,10663,765,4,748,2015,9,1,4,2,274844,4,0,1,1,0,12,4
45803357,11290,891,4,748,2016,9,1,4,2,253373,4,0,1,1,0,12,4
45358414,11290,1429.8433516297,6,164,2007,9,1,5,1.7,110000,4,2,1,1,1,12,0
45758563,549,640,2,452,2013,9,1,5,2,280326,4,0,1,1,0,12,12
45809873,16041,586,1,317,2012,9,1,5,1.8,83721,4,0,1,1,0,14,4
45790866,6272,1387.22222222222,3,638,2003,7,0,4,2.4,226000,4,2,1,1,1,0,4
45733278,11604,639,4,748,2014,9,1,4,2,384418,4,0,1,1,0,12,4
45765281,13642,1172,6,361,2011,9,1,1,3.5,64496,6,0,0,1,0,2,12
45766391,1568,2018,7,822,2015,4,1,5,2,128000,8,0,0,1,0,14,12
45757076,35,582.788167938931,7,643,2010,9,1,2,1.5,10000,4,0,1,1,0,14,0
45814255,2500,584,7,568,2003,3,0,5,1.5,130000,4,0,1,1,1,14,4
45719570,12858,1533.25,2,799,2001,6,0,1,2.4,210000,4,1,2,1,0,14,2
44755761,31361,582.788167938931,7,643,2015,3,0,2,1.8,26000,4,0,1,1,0,7,10
45769198,12388,1399,6,361,2010,9,1,1,3.5,189530,6,0,0,1,0,1,12
45794817,18817,585,7,643,2013,3,0,2,1.8,10700,4,0,1,1,0,0,10
45816135,784,810,4,387,2016,9,1,5,1.8,43944,4,0,1,1,0,2,12
45658900,22894,1273,6,605,2015,4,1,1,3.5,79080,6,0,0,1,0,7,12
45646053,251,607,7,268,2019,9,1,2,2.5,39552,4,0,1,1,0,1,12
45815099,941,834,7,832,2013,4,1,5,2.7,177894,4,0,0,1,0,12,12
45642477,9722,609,7,268,2018,9,1,2,2.5,127515,4,0,1,1,0,1,12
45814660,24000,1429.8433516297,6,357,2003,9,1,4,3.2,19000,6,2,2,1,0,1,12
45767650,30200,586,6,191,2012,9,1,5,1.8,136000,4,2,2,1,0,7,12
45732607,52931,971,4,733,2016,4,1,1,2.2,119768,4,0,1,1,0,7,4
45806627,2430,934,1,620,2015,9,1,5,2.5,142714,4,0,1,1,0,1,12
45718628,34497,2366.56363636364,5,517,2005,4,1,5,2,243000,8,2,0,1,0,14,8
45764771,470,645,5,258,2011,3,1,2,1.8,32974,4,0,1,1,0,12,0
45756853,1568,382,2,465,2015,9,1,2,2,107166,4,0,1,1,0,14,0
45621633,31047,919,0,871,2012,4,1,1,3,70994,6,0,0,1,0,1,0
45764905,29793,1053,6,361,2014,9,1,1,3.5,219030,6,0,0,1,0,1,12
45473033,10036,988,7,643,2007,3,0,2,1.5,170000,4,0,1,1,0,7,8
45806828,20385,2223,5,574,2010,4,1,5,2,171352,8,0,0,1,0,14,12
45770858,17249,585,4,387,2013,9,0,5,1.8,139867,4,0,1,1,0,12,0
44655192,14069,1020.57819905213,0,871,2014,4,1,5,3,72000,6,2,0,1,0,3,12
45807470,4234,584,6,191,2014,9,1,5,1.8,105909,4,0,2,1,0,14,12
45776432,15367,503,7,651,2012,3,0,2,1.5,182000,4,3,1,1,0,14,9
44923483,18817,645,5,258,2011,9,1,2,1.8,143000,4,0,1,1,0,1,12
45690158,25716,844.645161290323,2,409,2010,4,1,2,2.5,220000,6,0,0,1,0,14,8
45804646,55678,880,4,817,2018,4,1,5,1.6,19961,4,0,1,1,0,12,4
45803472,15367,765,4,748,2015,9,1,4,2,339603,4,0,1,1,0,12,4
45783043,10976,943.016149870801,0,50,1997,1,1,5,2.8,180000,6,1,2,0,0,1,0
45809725,4391,1058,7,268,2012,9,1,5,3.5,0,6,0,1,1,0,1,12
45776450,6272,1527,6,174,1997,9,0,0,1.8,540000,4,1,2,1,0,2,2
45364368,14113,792.627815866797,4,748,2011,9,0,5,2.4,171000,4,2,1,1,0,2,4
45767409,30734,1053,6,361,2014,9,1,1,3.5,200179,6,0,0,1,0,1,12
45816150,14740,1077,4,387,2019,9,1,5,2,27368,4,0,1,1,0,12,12
45641642,314,779,7,268,2013,9,1,2,2.5,225510,4,0,1,1,0,14,12
45814447,13172,1198,7,298,2005,9,0,5,1.4,227000,4,1,1,1,0,12,4
45801299,26030,749,3,312,2014,4,0,5,2.4,49000,4,0,0,1,0,12,0
45656800,220,1399,5,701,2010,4,1,2,3.5,317470,6,0,0,1,0,7,12
43640359,17562,595,7,657,2015,9,0,5,1.5,43000,4,0,1,1,0,1,6
45792515,11917,1711.27272727273,0,871,2000,4,1,4,3,200000,6,2,0,1,0,1,12
45804813,5959,1681,0,35,2002,3,0,5,2,0,4,1,2,0,0,7,4
45815266,6586,1273,6,510,2015,4,1,5,3.5,83891,6,0,2,1,0,7,12
45789261,7527,1429.8433516297,6,200,1997,9,1,5,2.8,219200,4,0,2,1,0,6,0
45465095,188,1079,7,220,2018,4,1,5,2,23150,4,0,1,1,0,7,12
45782471,18817,673.483990147783,4,387,2014,9,0,5,1.8,24000,4,2,1,1,0,11,12
45621740,627,1405,0,871,2009,9,1,5,3,171382,6,0,0,1,0,1,0
45791916,13799,1249,7,268,2017,9,1,5,2.5,63837,4,0,1,1,0,7,12
45814446,13799,878,7,643,2009,9,0,2,1.8,181129,4,0,1,1,0,1,12
45794461,35438,1429.8433516297,6,226,2007,1,1,5,2,171000,8,0,2,0,0,1,12
45813586,15524,915,0,94,2014,9,1,1,3,83600,6,0,2,1,0,1,12
45803532,8781,639,4,748,2014,9,1,4,2,514170,4,0,1,1,0,8,4
45798158,10635,1047,4,387,2007,9,1,5,1.6,210239,4,0,1,1,0,12,4
45732348,41064,694,4,733,2014,4,1,1,2.2,81000,4,0,1,1,0,12,4
45544760,94,1599.33333333333,3,425,2006,3,0,5,1.3,150000,4,3,1,1,1,1,4
45656020,941,308,7,643,2014,3,1,2,1.8,270410,4,0,1,1,0,14,12
45419948,19757,650,1,317,2016,9,1,5,1.4,65600,4,0,1,1,0,1,10
45798591,14113,751,4,748,2013,9,1,5,2.4,107855,4,2,1,1,0,1,8
45803407,15681,891,4,748,2016,9,1,4,2,284189,4,0,1,1,0,12,4
45804310,80,792.627815866797,4,748,2012,9,0,2,2.4,86000,4,2,1,1,0,14,10
45773892,392,1017,6,355,2017,9,1,5,2,1600,4,0,2,1,0,1,12
45786840,36065,1690.85714285714,6,769,2006,6,1,1,2.2,300000,4,1,2,2,0,14,2
45760548,4737,1338.90845620294,0,78,1998,1,1,5,3.2,11111,6,2,2,0,0,12,4
45795370,10036,2467,0,56,2003,9,1,5,3,0,6,1,2,1,0,1,6
45725371,8467,1429.8433516297,6,134,2004,3,1,1,1.7,165000,4,0,1,1,0,7,6
45789897,17249,781,7,268,2012,9,1,2,2.5,124000,6,0,1,1,0,14,9
45766644,706,746,7,643,2009,9,1,2,1.5,433658,4,0,1,1,0,14,12
45794681,20385,900,4,748,2015,9,0,5,2.4,102400,6,0,1,1,0,1,6
45803515,9252,765,4,748,2015,9,1,4,2,128965,4,0,1,1,0,8,4
45813949,941,1399,5,694,2010,4,1,5,3.5,182618,6,0,0,1,0,14,12
45656450,549,586,7,643,2012,3,1,2,1.8,430278,4,0,1,1,0,1,12
45425779,31361,1329.79585953434,5,261,2014,3,1,2,1.8,96000,4,0,1,1,0,7,6
45809903,13488,503,7,145,2012,3,1,5,1.5,85000,4,0,1,1,0,14,4
45759438,5018,431,4,748,2016,9,1,2,2,71218,4,0,1,1,0,1,0
45809615,10964,502,7,145,2013,3,1,5,1.5,165900,4,0,1,1,0,2,4
45730243,25591,528,4,387,2014,9,1,5,1.6,103543,4,0,1,1,0,7,4
45755665,40769,1222.57819905213,6,361,2011,9,1,1,3,106000,6,0,2,1,0,12,10
45758246,39201,1811,5,516,2010,4,1,5,4.6,155821,8,0,0,1,0,1,0
45808901,52034,1273,2,421,2015,4,1,5,3.5,127923,4,0,1,1,0,14,4
45803557,41553,1079,4,748,2018,9,1,5,2,16922,4,0,1,1,0,14,4
45816223,10976,741.884259259259,3,425,2010,3,0,5,1.3,113349,4,3,1,1,1,3,4
45633159,11133,503,7,652,2012,9,0,2,1.5,127200,4,0,1,1,0,3,10
45814805,5175,1053,6,510,2014,4,1,5,3.5,111747,6,0,0,1,0,1,12
45631355,6429,1405,0,871,2009,4,1,1,3,262072,6,0,0,1,0,7,0
45654691,549,1493,6,502,2016,4,1,5,3.5,91493,6,0,2,1,0,1,0
45369806,32929,308,5,258,2014,3,1,2,1.8,69500,4,0,1,1,0,11,12
40730541,30,1599.33333333333,3,425,2005,3,0,5,1.3,178000,4,0,1,1,1,1,5
45767554,11917,862,3,405,2005,7,0,4,2.4,171000,4,3,1,1,1,14,6
45803018,14069,1176,4,733,2019,4,1,1,2.2,13835,4,0,1,1,0,7,4
45798554,6899,1429.8433516297,6,132,2004,3,0,5,1.6,0,4,2,1,1,0,1,6
45732931,12231,765,4,748,2015,9,1,4,2,348486,4,0,1,1,0,12,4
45809348,25597,833,1,289,2015,4,1,1,2.2,101331,4,0,1,1,0,12,4
45795779,21953,781,7,268,2012,9,1,5,2.5,320000,4,2,1,1,0,1,12
43544595,40,1599.33333333333,3,425,2002,3,0,5,1.5,245000,4,0,1,1,1,13,0
45754210,14069,1055,5,514,2017,9,1,5,3.5,25000,6,0,0,1,0,12,12
45781223,15367,792.627815866797,4,748,2010,9,0,5,2.4,87000,4,2,1,1,0,14,8
45801945,14426,528,4,387,2014,9,1,1,1.6,78836,4,0,1,1,0,12,4
45803872,8500,1211,0,50,2010,1,1,5,3,10000,6,2,2,1,0,1,10
45791317,14113,888.488372093023,7,643,2007,3,1,2,1.5,182400,4,0,1,1,0,11,10
43805322,36065,1211,6,485,2007,4,1,1,3.2,172000,4,0,0,1,0,1,12
45797065,5018,1082.27272727273,6,182,1996,9,0,1,2.2,136000,4,1,2,1,0,2,0
45803387,10036,891,4,748,2016,9,1,4,2,354569,4,0,1,1,0,8,4
45808403,4861,830,7,896,2019,9,1,5,1.5,27656,4,0,1,1,0,14,12
45647578,706,394,7,268,2014,9,1,2,2.5,115312,4,0,1,1,0,7,12
45641157,5488,394,7,268,2014,9,1,2,2.5,109798,4,0,1,1,0,14,12
45793058,72130,757.14552238806,7,268,2018,9,1,2,2.5,52000,4,2,1,1,0,7,10
45431148,19444,585,7,643,2013,3,0,2,1.8,138000,4,0,1,1,0,6,6
45769315,470,1017,6,355,2017,9,1,5,2,35874,4,0,0,1,0,1,12
45603205,21953,582.788167938931,7,643,2012,3,0,2,1.8,156800,4,0,1,1,0,12,8
45764881,16621,1172,6,361,2011,9,1,1,3.5,119379,6,0,0,1,0,12,12
45445273,16935,934,2,465,2015,9,0,5,2.5,137600,4,0,1,1,0,1,8
44138970,25716,582.788167938931,7,643,2012,3,0,6,1.8,134400,4,3,1,1,0,12,9
45803332,15681,891,4,748,2016,9,1,4,2,276687,4,0,1,1,0,12,4
45804140,27946,707,4,817,2011,4,1,1,2,93290,4,0,1,1,0,1,4
45769781,470,1017,6,355,2017,9,1,5,2,35874,4,0,0,1,0,1,12
45646642,3607,781,7,268,2012,9,1,2,2.5,156518,4,0,1,1,0,14,12
45810258,28608,639,1,620,2014,9,1,5,2,115131,4,0,1,1,0,1,4
44096638,18817,530,2,465,2013,9,0,5,1.6,152000,4,2,1,1,0,14,10
45797391,10349,790,4,547,2009,3,1,1,1.6,75125,4,0,1,1,0,7,4
45798318,18503,730,4,387,2016,9,1,4,1.6,33091,4,0,1,1,0,12,4
45803252,10349,639,4,748,2014,9,1,4,2,128965,4,0,1,1,0,14,4
45731453,25763,777,4,526,2014,7,1,1,2.5,273500,4,0,1,1,0,1,4
45759889,23521,1888,0,87,2009,9,1,1,3,0,6,2,2,1,0,1,12
45644960,549,1058,7,535,2012,4,1,2,3.5,0,6,0,0,1,0,7,12
45796176,10036,843,7,643,2008,3,0,5,1.5,13000,4,0,1,1,0,14,12
45803143,6899,640,4,748,2013,9,1,4,2,68633,4,0,1,1,0,12,4
45809142,18422,502,7,145,2013,3,1,5,1.5,22878,4,0,1,1,0,12,4
45811040,14113,586,4,387,2012,9,0,5,1.8,113600,4,2,1,1,0,14,8
45802273,38574,934,4,526,2015,10,1,4,2.5,132320,4,0,1,1,0,12,4
45803301,6429,639,4,748,2014,9,1,4,2,531500,4,0,1,1,0,8,4
45806503,16308,463,7,643,2018,9,1,2,1.8,16566,4,0,1,1,0,11,12
45772619,23521,1058,7,535,2012,4,1,5,3.5,140966,6,0,0,1,0,1,12
45803190,13172,891,4,748,2016,9,1,4,2,299337,4,0,1,1,0,8,4
45748327,11917,741.884259259259,3,425,2011,3,0,2,1.3,121000,4,3,1,1,1,14,4
45803509,11604,639,4,748,2014,9,1,4,2,496592,4,0,1,1,0,12,4
45793517,7840,1094,1,289,2008,4,1,1,2,54278,4,0,1,1,0,14,4
45804494,39226,770,4,817,2016,4,1,1,1.7,88230,4,0,1,1,0,2,4
45802819,53420,1017,4,733,2017,4,1,1,2,78121,4,0,1,1,0,12,4
45805176,34836,877,4,817,2017,4,1,1,1.7,100628,4,0,1,1,0,7,4
45800752,6586,928,1,571,2007,3,0,5,1.4,126000,4,1,1,0,0,2,4
45755074,11447,1327,7,268,2018,9,1,5,2.5,31904,4,0,1,1,0,2,12
45787512,21953,582.788167938931,7,643,2012,3,1,2,1.8,198400,4,3,1,1,0,7,5
45810167,12861,790,1,575,2009,9,1,5,1.6,127938,4,0,1,1,0,1,4
45793366,7495,363,1,768,2012,9,1,5,1,144265,4,0,1,1,0,12,4
44236145,33500,831,1,620,2018,9,1,5,1.5,6500,4,2,1,1,0,7,10
45801626,20005,583,4,387,2011,9,1,5,1.6,115934,4,0,1,1,0,1,4
45742136,9095,420,1,768,2012,3,1,5,1.2,100000,4,2,1,1,0,1,12
44872415,22894,781,7,268,2012,9,0,5,2.5,75000,4,2,1,1,0,14,8
45801597,20266,687,4,387,2010,9,1,5,1.6,38193,4,0,1,1,0,12,4
45789904,28225,1296,7,70,2005,4,0,5,2,201500,8,0,0,1,0,1,4
45807326,42965,1356,6,617,2014,4,1,5,4.6,229966,8,0,0,1,0,1,12
45804771,37229,770,4,817,2016,4,1,1,1.7,100267,4,0,1,1,0,14,4
45770832,19757,308,7,643,2014,3,0,2,1.8,169600,4,3,1,1,0,12,8
45766837,2038,1172,3,642,2011,4,1,5,3.5,161602,6,0,0,1,0,1,12
45793200,7840,790,1,317,2009,9,1,5,1.6,52546,4,0,1,1,0,1,4
45785958,26657,690,1,622,2016,9,0,5,1.5,112000,4,2,1,1,0,14,12
45732375,46991,891,4,733,2016,4,1,1,2,195933,4,0,1,1,0,14,4
45550302,43905,394,7,157,2014,9,1,2,2.5,36700,4,0,1,1,0,7,12
45762605,10976,1841,6,347,2002,9,1,1,2.7,128965,6,2,2,1,0,12,6
43099947,19287,738,1,321,2017,9,1,5,1.4,21834,4,0,1,1,0,1,8
45816072,12231,1533.25,2,799,2004,6,0,1,2,125000,4,1,1,0,0,2,4
45793108,5175,789,1,317,2009,9,1,5,1.6,177839,4,0,1,1,0,14,4
45811303,13172,382,1,853,2017,3,1,2,1.5,77222,4,0,1,1,0,12,12
45731133,31414,777,4,526,2014,7,1,1,2.5,208284,4,0,1,1,0,12,4
45763967,15681,1811,5,516,2010,4,1,5,4.6,275240,8,0,0,1,0,12,0
45705155,17249,1711.27272727273,0,871,2004,4,1,1,3,317000,4,2,0,1,0,0,12
45074222,30420,1026.00733117836,3,708,2009,8,1,5,3.5,256000,6,0,0,1,0,14,6
45565399,35752,891,4,817,2016,4,0,5,2,31000,4,2,1,1,0,1,10
45765358,31675,1817,7,792,2020,9,1,5,3.5,1669,6,0,0,1,0,1,12
42367131,18817,586,7,665,2012,3,0,2,1.8,68846,4,0,1,1,0,11,8
45796996,30750,777,4,526,2014,7,1,1,2.5,115474,4,0,1,1,0,14,4
45810461,13996,642,1,639,2012,4,1,1,2,229276,4,0,1,1,0,7,4
45809055,8163,308,7,145,2015,3,1,2,1.5,127834,4,0,1,1,0,12,4
45797450,47217,1249,4,526,2017,10,1,1,2.5,112523,4,0,1,1,0,7,4
45772347,15994,1172,6,361,2011,1,1,1,3.5,170429,6,0,2,0,0,12,12
45802893,40983,640,4,733,2013,4,1,1,2,95000,4,0,1,1,0,1,4
45773245,2666,521,1,853,2011,3,1,2,1.4,288778,4,0,1,1,0,1,0
37904919,100,1674.1221719457,5,516,2011,4,1,5,4.6,170000,8,2,0,1,0,1,12
45779317,23521,639,0,50,2014,9,1,5,2,58173,4,0,2,1,0,1,0
45757727,16935,353,5,258,2015,3,1,2,1.8,94949,4,0,1,1,0,14,0
45805885,15994,586,7,643,2012,3,0,2,1.8,212000,4,3,1,1,0,1,9
45732584,42692,639,4,733,2014,4,1,1,2,157612,4,0,1,1,0,1,4
45751236,19757,1820,3,638,2019,9,1,5,3.5,13994,6,0,1,1,0,1,12
45725699,21000,650,1,766,2016,9,1,5,1.4,78000,4,2,1,1,0,14,10
45786836,14113,761,7,643,2010,3,0,2,1.8,169600,4,0,1,1,0,12,10
45812527,2500,1429.8433516297,6,200,1998,9,1,4,3.2,207917,6,0,2,1,0,1,4
45624934,15994,1104,0,871,2015,4,1,5,3,204461,6,0,0,1,0,14,0
45802459,9722,1018,4,525,2011,9,1,4,3,42561,4,0,1,1,0,12,4
45690404,21326,586,7,643,2012,9,1,2,1.8,118000,4,0,1,1,0,7,12
45767364,392,585,7,643,2013,9,1,2,1.8,114526,4,0,1,1,0,14,12
45688972,10976,649,3,425,2010,3,0,5,1.5,2000,4,0,1,1,0,2,4
45764468,1568,1172,7,535,2011,4,1,2,3.5,342622,6,0,0,1,0,1,12
45744424,27284,640,0,50,2013,9,1,5,2,176000,4,2,2,1,0,1,8
45343299,29793,584,6,174,2014,9,1,5,1.8,102400,4,0,2,0,0,11,12
45651213,7527,1714,6,502,2017,4,1,5,3.5,55403,6,0,2,1,0,1,0
45779970,16935,1711.27272727273,0,871,2004,10,1,5,3,255000,6,0,0,1,0,12,8
45760188,157,1363,5,516,2012,4,1,5,4.6,189704,8,0,0,1,0,7,0
45770011,47,1017,6,498,2017,4,1,5,2,43651,4,0,1,1,0,12,0
45802371,22894,862,4,526,2011,7,1,1,2.5,124444,4,0,1,1,0,15,4
45798542,19444,582.788167938931,7,643,2013,3,1,2,1.8,91200,4,0,1,1,0,2,0
45239291,9095,642,2,452,2012,3,0,5,2,139200,4,0,1,1,0,7,10
43699983,18660,765,2,474,2015,9,1,5,2,111694,4,0,1,1,0,9,8
45797820,18826,531,4,387,2012,9,1,5,1.6,120334,4,0,1,1,0,12,4
45654359,1176,751,4,748,2013,9,1,2,2.4,216208,4,0,1,1,0,2,0
45776956,18817,308,7,643,2014,3,0,2,1.8,118856,4,0,1,1,0,14,0
45810862,20385,645,7,667,2011,9,1,2,1.8,159000,4,0,1,1,0,12,12
45761978,12544,862,6,250,2006,9,1,5,2,125000,8,2,2,1,0,1,0
45809390,11967,503,7,145,2012,3,1,5,1.5,175200,4,0,1,1,0,12,4
45809318,38762,784,3,425,2017,3,1,5,1.5,27428,4,0,1,1,0,11,4
44788253,42337,1327,7,274,2018,9,1,5,2.5,30606,4,0,1,1,0,2,10
45810515,18616,364,1,639,2012,4,1,1,1,164745,4,0,1,1,0,7,4
45650490,627,1624,7,535,2009,9,1,2,3.5,297378,6,0,0,1,0,1,12
45803805,38157,1017,4,817,2017,4,1,1,2,80000,4,0,1,1,0,7,4
45786802,14740,1841,6,347,2002,9,1,1,2.7,287000,5,2,2,1,0,12,10
45807603,12544,888.488372093023,7,643,2008,9,0,2,1.5,224000,4,0,1,1,0,1,2
45766305,1333,289,2,409,2008,4,1,2,0.4,349288,4,0,1,1,0,2,0
45810379,14740,640,1,620,2013,9,1,5,2,38194,4,0,1,1,0,1,4
45651305,941,1850,5,696,2008,4,1,2,3.5,364523,6,0,0,1,0,1,12
45657107,58018,1387,6,252,2013,9,1,5,2,65000,8,2,2,1,0,7,12
45782230,11469,888.488372093023,7,643,2006,3,0,2,1.5,376000,4,3,1,1,0,12,8
45765146,3763,259,1,853,2014,3,1,2,1.4,138491,4,0,1,1,0,1,0
45760112,470,645,5,258,2011,3,1,2,1.8,32974,4,0,1,1,0,12,0
45624565,55823,1058,5,701,2012,4,1,2,3.5,187000,6,2,0,1,0,7,12
45732845,10663,765,4,748,2015,9,1,4,2,280622,4,0,1,1,0,12,4
45489179,11604,1533.25,2,799,2002,2,0,1,2.4,111111,4,1,2,0,0,14,2
45731803,20322,777,4,526,2014,7,1,1,2.5,45433,4,0,1,1,0,15,4
45770136,157,1363,5,516,2012,4,1,5,4.6,189704,8,0,0,1,0,7,0
45646660,3136,781,7,268,2012,9,1,2,2.5,159379,4,0,1,1,0,14,12
45805868,2500,1429.8433516297,6,178,2004,10,1,0,2,223644,4,2,1,1,1,14,4
45804837,28589,639,4,817,2014,4,1,1,2,103755,4,0,1,1,0,1,4
45448318,8154,1338.90845620294,0,78,2002,9,1,5,2.5,230000,8,2,2,1,0,1,8
45809459,15988,502,7,145,2013,10,1,2,1.5,44545,4,0,1,1,0,7,4
45776514,6,1429.8433516297,6,12,1997,9,0,0,2.3,111111,4,0,2,1,0,3,5
45807921,15367,673.483990147783,4,387,2010,9,0,5,1.8,230400,4,2,1,1,0,10,4
45648025,3450,607,7,268,2019,9,1,2,2.5,9626,4,0,1,1,0,1,12
45656571,4391,308,7,643,2014,3,1,2,1.8,151923,4,0,1,1,0,14,12
45804145,27654,707,4,817,2011,4,1,1,2,142035,4,0,1,1,0,1,4
45806451,1254,836,4,387,2010,9,1,5,2,291667,4,0,1,1,0,1,12
45758690,17405,738,1,317,2017,9,0,5,1.4,44800,4,0,1,1,0,12,12
45604925,18189,582.788167938931,7,643,2011,3,0,2,1.8,81000,6,0,1,1,0,12,8
45803784,38445,891,4,817,2016,4,1,1,2,92487,4,0,1,1,0,14,4
45765158,862,1399,6,361,2010,9,1,1,3.5,239224,6,0,0,1,0,1,12
45801839,14834,687,4,387,2010,9,1,5,1.6,101387,4,0,1,1,0,12,4
45781568,12544,1888,0,87,2006,9,1,5,3,264000,6,2,2,1,0,1,10
45403839,13328,970.867153989687,2,456,2011,9,0,5,2,139200,4,0,1,1,0,11,8
45772924,706,503,3,425,2012,4,1,5,1.5,277856,4,0,1,1,0,14,0
45797490,43655,1249,4,526,2017,10,1,1,2.5,96117,4,0,1,1,0,12,4
45802864,48998,639,4,733,2014,4,1,1,2,91018,4,0,1,1,0,1,4
45664431,1019,917,0,871,2013,4,1,1,3,137802,6,0,0,1,0,1,0
45797199,15245,707,4,522,2011,1,1,5,2,117492,4,0,1,1,0,7,4
45802985,29420,640,4,733,2013,4,1,1,2,188000,4,0,1,1,0,7,4
40663470,50178,1338.90845620294,0,113,2012,1,1,5,3,73600,6,0,2,0,0,1,12
45642692,32929,1018,0,875,2011,4,1,1,3,145000,6,2,0,1,0,1,12
45803123,18211,642,4,748,2012,9,1,4,2,150000,4,0,1,1,0,1,4
45809682,42880,749,3,293,2014,1,1,5,2.4,83984,4,0,1,1,0,11,4
45769093,31047,1820,7,792,2019,9,1,5,3.5,17542,6,0,2,1,0,12,12
45775033,14113,1451.8,7,680,2005,4,0,5,2,125000,4,0,0,1,1,14,6
45811419,2038,1058,7,268,2012,9,1,5,3.5,159221,6,0,1,1,0,14,12
45809643,13589,639,1,317,2014,9,1,1,2,167691,4,0,1,1,0,12,4
45758118,15681,1811,5,516,2010,4,1,5,4.6,275240,8,0,0,1,0,12,0
44511475,10036,531,2,448,2012,3,0,5,1.6,107200,4,0,1,1,0,1,12
45786612,39201,397,5,258,2016,3,1,2,1.8,15000,4,0,1,1,0,1,0
45779799,17249,1202,4,748,2017,9,0,5,2.4,0,4,0,1,1,0,7,0
45760679,18817,582.788167938931,7,643,2010,9,0,2,1.8,183300,4,0,1,1,0,2,6
42854513,23521,1083,2,630,2013,1,0,5,3.6,156192,6,1,2,0,0,2,12
45732735,10036,639,4,748,2014,9,1,4,2,417661,4,0,1,1,0,12,4
45809875,60499,831,3,293,2018,3,1,5,1.5,27244,4,0,1,1,0,1,4
45801439,11287,528,4,138,2014,3,1,1,1.6,38624,4,0,1,1,0,12,4
45764906,14069,1935,5,516,2016,4,1,5,4.6,155976,8,0,0,1,0,14,0
45656738,188,645,7,643,2011,3,1,2,1.8,197328,4,0,1,1,0,14,12
45260848,26030,259,1,853,2014,3,0,6,1.4,70400,4,0,1,1,0,14,8
45791469,12544,888.488372093023,7,643,2007,9,0,2,1.5,135000,4,0,1,1,0,11,4
45798101,72130,971.138888888889,6,201,2017,9,1,5,2,56800,6,2,2,1,0,1,12
45758708,50,888.488372093023,7,643,2007,9,0,5,1.5,200000,4,3,1,1,0,12,9
45809274,26795,271,7,145,2014,3,1,2,1.5,56450,4,0,1,1,0,14,4
45453264,36065,838.669960474308,4,733,2012,4,1,1,2.2,98000,4,2,0,1,0,12,10
45810657,11917,489,1,768,2016,3,1,5,1,32839,4,0,1,1,0,0,4
45813681,44533,1292,0,589,2016,1,1,5,3,62194,6,0,2,0,0,2,12
45641622,44846,1172,5,701,2011,4,1,2,3.5,90000,6,0,0,1,0,12,12
45499494,25500,1701.21052631579,6,605,2006,4,1,5,3.5,126700,6,0,0,1,0,2,6
41645002,11290,658,3,560,2009,9,0,2,1.3,132450,4,0,1,1,1,1,8
42167052,12231,1267,7,145,2013,3,0,2,1.5,41000,4,0,1,1,1,7,6
45739628,28852,1054,6,835,2009,7,1,1,2.2,180000,4,1,2,1,0,2,4
45766330,282,289,2,409,2008,4,1,2,0.4,220474,4,0,1,1,0,7,0
43800571,7683,720.051834985287,1,327,2002,3,0,5,1.3,138000,4,0,0,1,1,14,4
44080587,14069,1674.1221719457,5,516,2014,4,1,5,4.6,92800,8,2,0,1,0,1,10
45809867,16960,595,7,145,2015,3,1,5,1.5,82000,4,0,1,1,0,14,4
45802307,42171,1091,4,526,2016,10,1,1,2.5,102338,4,0,1,1,0,12,4
45801482,20814,730,4,387,2016,9,1,5,1.6,83814,4,0,1,1,0,1,4
45802795,38311,639,4,733,2014,4,1,1,2,169189,4,0,1,1,0,7,4
45766278,26971,1820,7,792,2019,9,1,5,3.5,18555,6,0,0,1,0,1,12
45733331,10349,639,4,748,2014,9,1,4,2,396230,4,0,1,1,0,14,4
45480265,22580,1701.21052631579,6,605,2007,4,1,5,3.5,13900,6,2,0,1,0,1,10
45782156,24462,1055,7,535,2013,4,1,2,3.5,371200,6,2,0,1,0,7,12
45264925,12541,585,7,643,2013,3,0,2,1.8,90000,4,0,1,1,0,7,12
43395790,39201,1429.8433516297,6,731,2008,0,1,5,3,25500,6,2,2,0,0,12,8
45730053,26149,530,4,387,2013,9,1,5,1.6,56746,4,0,1,1,0,14,4
45522931,8467,761,7,643,2010,9,0,2,1.8,190000,4,3,1,1,0,7,6
45805181,36401,1017,4,817,2017,4,1,1,2,149608,4,0,1,1,0,7,4
45797371,28391,777,4,526,2014,7,1,1,2.5,144000,4,0,1,1,0,12,4
45649054,3607,781,7,268,2012,9,1,2,2.5,156518,4,0,1,1,0,14,12
45785915,11604,1690.85714285714,6,769,2002,6,0,1,2.2,0,4,1,2,2,0,14,2
44644326,157,749.991967871486,7,145,2014,9,0,2,1.5,110000,4,0,1,1,1,8,0
45465018,27598,1079,7,220,2018,4,1,5,2,18754,4,0,1,1,0,11,12
45801966,15053,2084,2,799,1996,6,0,1,2.5,188000,4,1,2,2,0,14,0
45648201,5488,394,7,268,2014,9,1,2,2.5,109798,4,0,1,1,0,14,12
44772520,35124,838.669960474308,4,733,2014,4,0,5,2.4,120000,4,2,0,1,0,1,8
45802826,53154,891,4,733,2016,4,1,1,2,102313,4,0,1,1,0,14,4
45777384,7840,1387.22222222222,3,638,2003,7,0,4,2.4,226000,4,0,1,1,1,12,6
45808076,67426,891,5,633,2016,4,1,5,2,68549,4,0,1,1,0,14,0
45741881,40,1599.33333333333,3,425,2007,3,1,5,1.6,128965,7,0,1,1,0,13,9
45646604,314,779,7,268,2013,9,1,2,2.5,225510,4,0,1,1,0,14,12
45765901,470,753,4,748,2012,4,1,2,2.4,123862,4,0,1,1,0,14,0
45799901,6272,1681,0,35,2000,9,0,5,2,777,4,1,1,1,0,14,0
45785234,24148,1711.27272727273,0,871,2008,4,1,5,3,245000,6,0,2,1,0,1,0
45040979,28225,586,6,191,2012,9,1,5,1.8,156800,4,0,2,1,0,14,12
45814995,1882,986,7,268,2010,9,1,2,2.4,129170,4,0,1,1,0,1,12
45798221,34074,880,4,387,2018,9,1,5,1.6,58515,4,0,1,1,0,14,4
45648267,706,753,4,748,2012,9,1,2,2.4,0,4,0,1,1,0,11,0
45803419,11290,891,4,748,2016,9,1,4,2,325139,4,0,1,1,0,12,4
45785962,15367,639,2,465,2014,9,0,5,2,120000,4,0,1,1,0,14,0
45809926,45204,891,3,293,2016,1,1,5,2,53938,4,0,1,1,0,2,4
45755716,3450,586,5,258,2012,3,1,2,1.8,76427,4,0,1,1,0,12,0
45766045,862,1399,6,361,2010,9,1,1,3.5,239224,6,0,0,1,0,1,12
45651886,282,1399,5,701,2010,4,1,2,3.5,311949,6,0,1,1,0,12,12
45797331,40769,587.148148148148,6,191,2012,1,1,5,1.8,36000,4,2,2,0,0,2,12
45809605,30906,691,3,425,2017,3,1,5,1.3,67000,4,0,1,1,0,1,4
45765733,30734,1053,6,361,2014,9,1,1,3.5,200179,6,0,0,1,0,1,12
45774513,29793,1329.79585953434,5,697,2008,4,1,2,3.3,304000,6,3,0,1,0,4,12
45433213,950,888.488372093023,7,643,2006,3,0,5,1.5,264000,4,3,1,1,0,14,0
45760106,627,586,5,258,2012,3,1,2,1.8,192683,4,0,1,1,0,14,0
45772150,1568,2018,7,822,2015,4,1,5,2,128000,8,0,0,1,0,14,12
45765126,80,582.788167938931,7,643,2010,9,0,2,1.8,224000,4,0,1,1,0,1,4
45795269,19757,1408,6,335,2007,9,0,1,2.2,287458,4,1,2,1,0,1,8
45662125,4861,308,3,293,2015,9,1,2,1.5,49272,4,0,1,1,0,2,0
45731546,43655,1249,4,526,2017,10,1,1,2.5,96117,4,0,1,1,0,12,4
45647580,314,1646,5,516,2015,4,1,5,4.6,102907,8,0,0,1,0,1,0
45785988,12544,1429.8433516297,6,357,2001,9,1,5,3.2,233000,6,0,2,1,1,12,6
45642515,39201,1429.8433516297,6,602,2009,4,1,1,3,260000,6,2,0,1,0,1,12
45755930,6272,1711.27272727273,0,871,2000,4,1,5,4.4,195634,8,2,0,1,0,7,16
44708598,9252,1599.33333333333,3,425,2008,3,0,5,1.3,174000,4,2,1,1,1,14,8
45757110,22580,777,7,283,2014,9,1,5,2.5,108000,4,2,1,1,0,14,10
45043516,11290,503,7,651,2012,9,0,2,1.5,100000,4,2,1,1,0,1,12
45797328,13808,583,4,387,2011,9,1,5,1.6,52274,4,0,1,1,0,14,4
45401581,18189,862,7,268,2011,9,0,5,2.5,216000,4,2,1,1,0,11,10
45798565,31361,1308,0,883,2012,4,1,5,4.4,192000,8,2,0,1,0,1,12
45049508,14069,1338.90845620294,0,892,2012,4,1,1,4,202000,6,2,0,1,0,1,10
45651610,2117,259,1,853,2014,3,1,2,1.4,192122,4,0,1,1,0,14,12
45797161,33870,919,6,605,2012,4,1,1,3,16981,6,0,0,1,0,14,6
45810063,46891,1533,1,559,2016,9,1,5,3.6,101812,4,0,1,1,0,12,4
45789412,25089,757.14552238806,7,268,2013,9,0,2,2.5,75000,4,3,1,1,0,1,4
44922777,16465,690,1,622,2016,9,0,5,1.5,95085,4,0,1,1,0,12,8
45334439,17876,792.627815866797,4,748,2013,9,1,2,2.4,162000,4,0,1,1,0,1,12
45780598,21326,1451.8,7,680,2007,4,0,1,2.2,156000,4,1,0,1,0,7,6
45815883,1019,810,4,387,2016,9,1,5,1.8,73022,4,0,1,1,0,1,12
45769957,17249,584,4,387,2014,9,0,5,1.8,66000,4,2,1,1,0,14,8
45751294,12701,749,4,733,2014,4,1,5,2.4,42280,4,0,1,1,0,3,12
45733072,12544,765,4,748,2015,9,1,4,2,371964,4,0,1,1,0,8,4
45762409,1725,585,5,258,2013,3,1,2,1.8,188194,4,0,1,1,0,1,0
45648458,34811,919,0,871,2012,4,1,1,3,70994,6,0,0,1,0,1,0
45776453,19130,586,7,643,2012,3,0,2,1.8,184000,4,3,1,1,0,14,10
45809284,36235,784,7,145,2017,3,1,5,1.5,11200,4,0,1,1,0,12,4
45523830,282,1077,7,220,2019,4,1,5,2,3237,4,0,1,1,0,1,12
45732898,7222,836,4,748,2010,9,1,4,2,112484,4,0,1,1,0,14,4
45780435,32929,642,0,84,2012,9,1,5,2,90000,4,2,2,1,0,1,12
45813406,470,585,5,258,2013,3,1,2,1.8,154059,4,0,1,1,0,7,0
45809366,28589,833,1,289,2015,4,1,1,2.2,57293,4,0,1,1,0,12,4
45803633,36636,777,4,526,2014,7,1,1,2.5,124849,4,0,1,1,0,12,4
45810492,22279,639,1,639,2014,4,1,1,2,98565,4,0,1,1,0,12,4
45770317,16621,1172,6,361,2011,9,1,1,3.5,119379,6,0,0,1,0,12,12
45781103,22894,1338.90845620294,0,85,2009,9,1,5,3,170000,6,2,2,1,0,1,10
45799367,2666,1250.66666666667,2,452,2000,9,0,5,2,220000,4,0,1,1,0,0,2
45681705,7527,584,1,317,2014,9,0,5,1.8,152000,4,0,1,1,0,14,8
45648815,3450,607,7,268,2019,9,1,2,2.5,9626,4,0,1,1,0,1,12
45808297,12858,1228,2,630,2018,9,1,5,2.3,26642,4,0,2,1,0,11,12
45769934,24148,788.140435835351,4,817,2012,4,1,5,2.4,168000,4,2,1,1,0,1,6
45640815,9722,609,7,268,2018,9,1,2,2.5,127515,4,0,1,1,0,1,12
45813868,627,1018,0,871,2011,4,1,1,3,282280,6,0,0,1,0,14,0
45813410,470,1325,7,268,2019,9,1,5,2.5,25816,4,0,1,1,0,1,12
45815566,8467,1429.8433516297,6,351,1999,9,1,5,2.8,0,6,1,2,1,0,2,6
44662147,15681,586,4,387,2012,9,0,5,1.8,85800,4,0,1,1,0,14,6
45810576,17158,640,1,639,2013,4,1,1,2,177864,4,0,1,1,0,12,4
45733257,9252,765,4,748,2015,9,1,4,2,128965,4,0,1,1,0,8,4
45779767,12231,1711.27272727273,0,871,2001,4,1,0,3,3333,6,1,0,1,0,12,8
45803028,37232,765,4,733,2015,4,1,1,2,185217,4,0,1,1,0,1,4
43908507,18817,900,4,748,2015,9,0,5,2.4,130000,4,0,1,1,0,12,10
45764902,13642,1172,6,361,2011,9,1,1,3.5,64496,6,0,0,1,0,2,12
44318169,25716,836,7,740,2012,7,0,5,2.7,105800,4,2,1,1,0,3,8
45801645,9408,1529,0,30,1999,9,0,5,1.6,23000,4,0,1,1,0,14,4
45802056,35269,934,4,526,2015,10,1,1,2.5,127027,4,0,1,1,0,14,4
45751482,12544,446,3,560,2014,3,0,5,1.3,300000,4,0,1,1,0,14,6
45656182,6586,746,7,643,2009,3,1,2,1.5,173213,4,0,1,1,0,14,12
45793628,32929,1273,7,792,2005,8,0,4,4,272000,6,0,0,1,0,4,4
45591071,14113,1266,7,145,2014,3,0,2,1.5,95000,4,0,1,1,1,3,6
45804961,51523,930,4,817,2018,4,1,1,1.7,22100,4,0,1,1,0,14,4
45810739,8800,862,6,188,2000,3,1,0,2.4,0,4,1,1,1,0,4,2
45806386,3136,308,7,643,2014,3,1,2,1.8,212357,4,0,1,1,0,12,12
45488724,10973,1521.27188940092,6,769,1997,6,0,1,2.4,130000,4,1,2,0,0,14,0
45651107,1019,1055,5,701,2013,4,1,2,3.5,138038,6,0,1,1,0,14,12
45773646,19757,1077,4,387,2019,9,1,5,2,9898,4,0,1,1,0,14,12
45788558,10976,645,7,556,2007,7,1,5,2,1000,4,0,1,2,1,14,12
45802226,10036,939.882352941176,7,849,2006,3,0,5,1.3,151000,4,3,1,1,1,12,0
45774167,862,629,4,138,2015,9,1,5,1.6,211643,4,0,1,1,0,12,12
45655766,941,1055,5,701,2013,4,1,2,3.5,361603,6,0,1,1,0,1,12
45785378,29166,1836,6,772,2006,6,0,1,2.2,210000,4,1,2,1,0,14,4
45805907,17249,2467,0,56,2009,1,1,5,3,130000,6,2,2,0,0,12,8
45115542,16621,584,4,402,2014,9,0,5,1.8,60400,4,2,1,1,0,14,6
45770085,1411,1624,6,361,2009,9,1,1,3.5,266061,6,0,0,1,0,1,12
45803296,16308,640,4,748,2013,9,1,5,2,194210,4,0,1,1,0,1,4
45541993,10976,1090.33333333333,2,805,2008,2,0,1,1.8,221000,4,1,1,1,0,14,2
44839699,11917,832.188679245283,2,409,2007,4,1,2,2.3,197000,4,0,0,2,0,1,8
45766228,4547,1017,4,387,2017,9,1,5,2,115974,4,0,1,1,0,14,12
45091879,13799,333,2,471,2014,9,0,2,2,97928,4,0,1,1,0,11,8
45791879,21326,779,7,268,2013,9,0,5,2.5,72000,4,2,1,1,0,12,12
45808873,14069,1228,2,421,2018,4,1,5,2.3,30475,4,0,1,1,0,7,4
45649716,282,1399,5,701,2010,4,1,2,3.5,311949,6,0,1,1,0,12,12
45815964,1882,1202,4,748,2017,9,1,5,2.4,241602,4,0,1,1,0,3,12
45803877,26306,639,4,817,2014,4,1,1,2,152064,4,0,1,1,0,12,4
45808633,12858,1053,6,510,2014,4,1,5,3.5,124998,6,0,2,1,0,1,12
45771405,1646,1399,6,361,2010,9,1,5,3.5,205968,6,0,0,1,0,14,12
45816155,4861,441,4,748,2015,9,1,2,2.4,77830,4,0,1,1,0,7,12
45781014,7213,1236,3,425,2011,3,0,5,1.3,162000,4,0,0,1,1,12,2
45809942,52520,900,3,293,2015,9,1,5,2.4,66599,4,0,1,1,0,2,4
45801524,15323,583,4,387,2011,9,1,5,1.6,125933,4,0,1,1,0,12,4
45809037,7310,503,7,145,2012,3,1,2,1.5,151887,4,0,1,1,0,1,4
45803413,9252,765,4,748,2015,9,1,4,2,128965,4,0,1,1,0,8,4
45649038,12858,765,6,498,2015,4,1,5,2,159928,4,0,1,1,0,1,0
45803124,15035,642,4,748,2012,9,1,5,2,131627,4,0,1,1,0,1,4
45732821,15367,765,4,748,2015,9,1,4,2,51274,4,0,1,1,0,12,4
45801092,9500,1590,6,167,2011,10,0,5,1.7,117000,4,0,1,1,1,1,6
45765727,29793,1053,6,361,2014,9,1,1,3.5,219030,6,0,0,1,0,1,12
45204314,5645,1429.8433516297,6,341,1996,9,0,0,2.3,344000,4,1,2,1,0,14,2
45797189,32274,810,4,387,2016,9,1,5,1.8,88108,4,0,1,1,0,14,4
45417855,20385,650,1,317,2016,9,0,5,1.4,35500,4,2,1,1,0,3,8
45731399,24433,777,4,526,2014,7,1,1,2.5,128000,4,0,1,1,0,7,4
45764397,15994,1172,6,361,2011,1,1,1,3.5,170429,6,0,2,0,0,12,12
45798379,14113,888.488372093023,7,643,2005,3,1,2,1.5,128965,4,0,1,1,0,7,6
45761383,20385,1429.8433516297,6,845,2004,7,0,1,2.2,555,4,1,2,0,0,14,8
45771713,34497,757.14552238806,7,268,2016,9,0,5,2.5,59000,6,0,1,1,0,1,12
45669573,21326,598.5,4,827,2015,9,1,5,1.6,63500,4,0,1,1,0,1,10
45804635,24462,1051,4,764,2016,9,1,5,2.4,25541,4,0,1,1,0,1,8
45809060,57077,757.14552238806,7,268,2018,9,1,5,2.5,19000,4,2,1,1,0,1,12
45769818,282,2455,5,517,2008,4,1,5,2,218126,8,0,0,1,0,1,0
45780180,31988,1266.6,2,630,2013,1,1,5,3.7,150000,6,2,2,0,0,11,8
45656748,282,1399,5,701,2010,4,1,2,3.5,311949,6,0,1,1,0,12,12
45809711,9829,645,1,317,2011,9,1,5,1.8,164787,4,0,1,1,0,1,4
45740440,8467,1429.8433516297,6,189,2002,9,1,4,2.6,310000,6,2,2,1,0,14,6
45774313,941,502,3,425,2013,3,1,5,1.5,170466,4,0,1,1,0,12,12
45802268,28391,777,4,526,2014,7,1,1,2.5,144000,4,0,1,1,0,12,4
45732161,38838,891,4,733,2016,4,1,1,2,170133,4,0,1,1,0,1,4
45800587,21953,1711.27272727273,0,871,2007,4,1,5,3,23000,6,2,0,1,0,7,0
45731026,26196,1024,4,526,2010,7,1,1,2.5,45780,4,0,1,1,0,1,4
45808440,2509,751,4,748,2013,9,1,5,2.4,83013,4,0,1,1,0,7,12
45648011,706,394,7,268,2014,9,1,2,2.5,115312,4,0,1,1,0,7,12
45648724,314,779,7,268,2013,9,1,2,2.5,225510,4,0,1,1,0,14,12
45802822,53154,891,4,733,2016,4,1,1,2,119240,4,0,1,1,0,2,4
45815555,9408,1841,6,347,2002,9,0,1,2.7,300000,4,2,2,1,0,12,4
45655679,549,645,5,258,2011,3,1,2,1.8,83390,4,0,1,1,0,1,12
45766575,9879,1018,6,361,2011,9,1,1,3,273186,6,0,2,1,0,14,12
45654605,941,1055,5,701,2013,4,1,2,3.5,361603,6,0,1,1,0,1,12
45290317,51746,1058,5,694,2012,4,1,5,3.5,53000,6,2,1,1,0,0,10
45789515,20385,1054,6,769,2009,6,0,1,2.2,175000,4,1,2,1,0,14,2
45801381,12544,843,7,643,2008,3,0,2,1.5,246000,4,3,1,1,0,12,12
45350122,29793,1429.8433516297,6,254,2006,9,1,5,2,94000,8,2,2,1,0,1,12
45768517,54568,1363,5,516,2012,4,1,5,4.6,255406,8,0,0,1,0,1,0
45786791,17405,697,4,387,2015,9,0,5,1.8,96000,4,2,1,1,0,12,10
45492889,18817,673.483990147783,4,387,2014,9,1,5,1.8,129600,4,2,1,1,0,7,6
45771082,941,746,7,643,2009,9,1,2,1.5,433658,4,0,1,1,0,14,12
45768682,1490,586,5,258,2012,3,1,2,1.8,174106,4,0,1,1,0,14,0
45805851,17249,1711.27272727273,0,871,2005,4,1,5,4.4,117000,6,0,0,1,0,12,12
45810018,37959,690,3,293,2016,9,1,5,1.5,54631,4,0,1,1,0,1,4
42078213,120,826.8,6,837,2011,7,1,1,2.2,176000,4,1,2,1,0,2,2
45766286,31047,1820,7,792,2019,9,1,5,3.5,17542,6,0,2,1,0,12,12
45744441,10976,1434.33333333333,6,335,2005,9,1,1,2.2,128965,4,1,2,1,0,0,8
45803281,10036,639,4,748,2014,9,1,4,2,325829,4,0,1,1,0,12,4
45768521,1725,1324,7,535,2010,9,1,2,3.3,226198,6,0,0,1,0,6,12
45798284,18776,629,4,387,2015,9,1,1,1.6,51895,4,0,1,1,0,12,4
45809740,27679,503,7,145,2012,3,1,5,1.5,69900,4,0,1,1,0,1,4
45650413,1490,1058,7,535,2012,4,1,2,3.5,363059,6,0,0,1,0,14,12
45768555,12544,1750,7,535,2008,9,1,2,3.3,334414,6,0,0,1,0,14,12
45669680,10036,1855,3,787,2011,7,0,5,2,110000,4,0,1,1,1,14,0
45794374,10349,939.882352941176,7,849,2010,3,0,5,1.3,146351,6,0,1,1,0,12,4
45773939,4077,781,7,268,2012,9,1,2,2.5,214098,4,0,1,1,0,12,12
45791931,1725,640,0,50,2013,9,1,5,2,189259,4,0,2,1,0,1,12
45786756,8154,1598,0,50,2009,1,1,5,3,166000,6,2,2,0,0,12,16
45771244,30734,1053,6,361,2014,9,1,1,3.5,200179,6,0,0,1,0,1,12
45793466,45473,694,6,847,2014,7,1,1,2.2,173000,4,1,2,1,0,1,6
45794104,12858,574,3,560,2010,3,0,2,1.3,108000,4,2,1,1,0,14,8
45762577,4234,753,4,748,2012,9,1,2,2.4,208627,4,0,1,1,0,1,0
45127243,18189,891,4,387,2016,9,0,5,2,53331,4,2,1,1,0,12,12
45800331,5488,1429.8433516297,6,136,2001,9,1,5,1.9,147000,4,0,1,1,1,1,4
45813073,14269,1399,5,701,2010,4,1,2,3.5,186005,6,0,0,1,0,12,12
45802276,24932,1024,4,526,2010,7,1,1,2.5,84669,4,0,1,1,0,12,4
45789854,8781,862,6,188,2001,9,0,5,2.6,145000,6,2,2,1,1,12,8
45433464,9722,1515,2,805,2005,2,0,1,1.8,0,4,1,1,0,0,12,0
45797397,6272,790,4,547,2009,3,1,5,1.6,107760,4,0,1,1,0,11,4
45646394,941,1646,5,516,2015,4,1,5,4.6,188078,8,0,0,1,0,1,0
45802902,43049,891,4,733,2016,4,1,1,2,121121,4,0,1,1,0,14,4
45617744,627,1604,6,361,2014,9,1,1,2,101424,8,0,0,1,0,7,12
45696395,8781,1268,7,145,2012,9,0,2,1.5,87000,4,0,1,1,1,1,2
45755432,18817,1624,6,361,2009,9,1,5,3.5,208000,6,2,0,1,0,2,10
44699295,34497,1222.57819905213,6,361,2012,9,1,5,3.5,18000,6,2,0,1,0,1,12
45768700,941,746,7,643,2009,9,1,2,1.5,433658,4,0,1,1,0,14,12
45809477,42538,784,3,425,2017,3,1,5,1.5,9000,4,0,1,1,0,1,4
45794536,7300,1529,0,30,1999,9,0,5,1.9,257000,4,1,2,1,0,2,6
45802794,20764,642,4,733,2012,4,1,1,2,198966,4,0,1,1,0,14,4
45804578,21181,707,4,817,2011,4,1,1,2,140477,4,0,1,1,0,14,4
45803931,17092,642,4,817,2012,4,1,1,2,51697,4,0,1,1,0,7,4
45809125,11481,345,7,145,2016,3,1,2,1.5,90812,4,0,1,1,0,2,4
45625539,39201,1172,0,891,2011,4,1,5,3.5,133600,6,2,0,1,0,1,11
45768995,392,585,7,643,2013,9,1,2,1.8,114526,4,0,1,1,0,14,12
45810497,4234,1685,6,177,1994,9,0,5,2.2,270000,4,0,2,1,0,11,2
45762267,784,382,1,853,2017,3,1,2,1.5,81440,4,0,1,1,0,1,0
44674964,14740,862,6,376,2005,9,1,5,2,56000,12,2,2,1,1,1,12
45814305,32929,1249,7,268,2017,9,1,5,2.5,72000,6,2,1,1,0,1,8
45793576,6272,1282,1,289,2007,4,1,1,2,79002,4,0,1,1,0,12,4
45517285,9722,1338.90845620294,0,93,2000,9,0,5,3,273000,6,2,2,1,0,14,10
45176457,14113,741.884259259259,3,425,2010,3,0,5,1.5,166000,4,0,1,1,0,7,6
45809983,18948,586,1,317,2012,9,1,5,1.8,61000,4,0,1,1,0,7,4
45655631,13328,1399,5,701,2010,4,1,2,3.5,186005,6,0,0,1,0,12,12
45793112,6241,833,1,317,2010,9,1,1,2,67490,4,0,1,1,0,7,4
44740809,13799,749.991967871486,7,145,2014,3,0,2,1.5,162000,4,0,1,1,1,12,2
45816137,784,751,4,748,2013,9,1,5,2.4,196882,4,0,1,1,0,7,12
45333017,18817,502,7,651,2013,9,0,5,1.5,65000,4,3,1,1,0,13,10
45797003,30784,777,4,526,2014,7,1,1,2.5,136711,4,0,1,1,0,12,4
45802579,44878,639,4,733,2014,4,1,1,2,70005,4,0,1,1,0,14,4
45797086,33575,777,4,526,2014,7,1,1,2.5,150000,4,0,1,1,0,7,4
45765371,1725,585,5,258,2013,3,1,2,1.8,188194,4,0,1,1,0,1,0
45813182,549,585,4,387,2013,9,1,5,1.8,142224,4,0,1,1,0,7,12
45695477,45473,940.695652173913,7,680,2016,4,0,5,2.5,64000,4,2,0,1,0,7,6
45798046,12777,687,4,387,2010,9,1,5,1.6,83473,4,0,1,1,0,1,4
45801964,18817,730,4,387,2016,9,1,5,1.6,32595,4,0,1,1,0,12,4
45221191,11917,862,6,374,2003,9,1,5,2,150000,12,2,2,1,1,14,12
45768878,1019,831,4,387,2017,9,1,5,1.6,25635,4,0,1,1,0,1,12
45814916,14583,779,7,268,2013,9,1,2,2.5,131400,4,0,1,1,0,2,12
45813952,549,639,6,227,2014,9,1,5,2,0,4,0,1,1,0,7,12
45651711,94,1058,6,605,2012,4,1,1,3.5,224118,6,0,0,1,0,14,12
45809205,26701,1055,2,794,2013,9,1,5,3.5,110439,4,0,1,1,0,11,4
45803603,7527,707,4,748,2011,9,1,4,2,45600,4,0,1,1,0,12,4
45609221,4704,1429.8433516297,6,331,1995,9,0,0,2,111111,4,1,2,1,0,2,4
45508014,37633,582.788167938931,7,643,2017,9,0,2,1.8,33000,4,2,1,1,0,2,8
45654520,314,1399,5,701,2010,4,1,2,3.5,382746,6,0,0,1,0,12,12
45803897,24543,642,4,817,2012,4,1,1,2,151995,4,0,1,1,0,7,4
45804641,28225,777,7,680,2014,4,1,5,2.5,148326,4,0,0,1,0,7,0
45770909,4547,1850,6,361,2008,9,1,1,3.5,494317,6,0,0,1,0,1,12
44181419,18503,749.991967871486,7,145,2013,3,1,2,1.5,55000,4,0,1,1,1,1,12
45646433,43278,1514,5,516,2011,4,1,5,4.6,160138,8,0,0,1,0,14,0
45789786,7500,1917,6,133,2000,9,1,1,1.7,187000,4,1,1,1,0,1,4
45791959,11200,779,7,268,2013,9,1,5,2.5,80000,4,2,1,1,0,1,8
44804673,14269,582.788167938931,7,643,2010,3,0,2,1.8,161000,4,0,1,1,1,12,9
45802785,13485,836,4,733,2010,4,1,1,2,43873,4,0,1,1,0,1,4
45792495,19444,640,2,214,2013,9,1,2,2,101345,4,3,1,1,0,1,12
45786478,16308,582.788167938931,7,643,2010,3,0,2,1.8,162000,4,3,1,1,0,1,12
45806390,8781,431,2,465,2016,9,1,2,2,158699,4,0,1,1,0,7,12
45793636,6115,1282,1,289,2007,4,1,1,2,81458,4,0,1,1,0,12,4
45668247,10976,1266,7,145,2014,3,0,5,1.5,37000,4,0,1,1,1,12,6
45768429,1490,1360,5,517,2013,4,1,5,4.6,154115,8,0,0,1,0,1,0
45803134,12231,1079,4,748,2018,9,1,4,2,316200,4,0,1,1,0,8,4
45792899,4000,2084,2,799,1991,6,0,1,2.5,4911,4,1,2,1,0,8,1
45788608,4077,1368,3,293,1995,3,0,0,1.5,0,5,1,1,1,0,11,0
45804656,51075,1017,4,817,2017,4,1,1,2,85540,4,0,1,1,0,1,4
45813301,7683,891,5,548,2016,9,1,5,2,64341,4,0,2,1,0,14,12
45797111,14294,966,4,522,2009,1,1,5,2,152783,4,0,1,1,0,7,4
45758117,706,1646,5,516,2015,4,1,5,4.6,102907,8,0,0,1,0,1,0
45797810,19121,530,4,387,2013,9,1,5,1.6,78633,4,0,1,1,0,7,4
45781378,26657,1018,0,94,2011,9,1,5,3,183000,6,2,2,1,0,1,10
43257737,13015,574,3,561,2010,3,0,2,1.3,140384,4,0,1,1,0,14,6
45586377,39515,1202,4,733,2017,4,0,5,2.4,62400,4,2,0,1,0,12,12
45543581,18817,830,3,433,2019,3,0,5,1.5,1532,4,0,1,1,0,14,8
45815515,627,1273,5,381,2015,9,1,5,3.5,136149,6,0,1,1,0,11,12
45525301,5488,1077,7,220,2019,4,1,5,2,78424,4,0,1,1,0,11,12
45809292,3607,707,4,748,2011,9,1,5,2,169765,4,0,1,1,0,12,12
45779159,8781,1711.27272727273,0,871,2000,4,1,5,4.4,1000,8,2,0,1,0,1,12
45809379,23339,639,1,289,2014,4,1,1,2,143414,4,0,1,1,0,14,4
45644808,549,1750,7,535,2008,4,1,2,3.3,260053,6,0,0,1,0,12,12
45741094,16308,584,4,387,2014,9,0,5,1.8,112000,4,2,1,1,0,14,10
45811240,20385,1478,0,107,2008,9,1,5,2,227000,8,2,2,1,0,1,8
45793040,14113,764,1,620,2015,9,1,5,2,33034,4,0,1,1,0,1,4
45771372,706,645,7,643,2011,4,1,2,1.8,415150,4,0,1,1,0,7,12
45656696,1725,1363,6,605,2012,4,1,1,4.6,180659,8,0,0,1,0,1,12
45809510,13702,527,3,425,2015,3,1,5,1.3,103873,4,0,1,1,0,12,4
45807114,18503,751,4,817,2013,4,1,5,2.4,124000,4,2,1,1,0,12,12
45776225,5959,1529,0,30,1997,9,0,5,1.8,0,4,1,2,1,0,12,2
45807168,2200,970.867153989687,2,629,1996,3,0,5,1.8,11111,6,1,1,1,0,14,16
45765500,6429,2225,7,822,2017,9,1,5,4.6,190875,8,0,0,1,0,14,12
45641263,5018,779,7,268,2013,9,1,2,2.5,190549,4,0,1,1,0,1,12
45656453,941,308,7,643,2014,3,1,2,1.8,0,4,0,1,1,0,7,12
45770541,14113,862,6,225,2002,1,1,5,2,127000,12,2,2,0,0,12,12
45801489,22894,880,4,387,2018,9,1,1,1.6,20753,4,0,1,1,0,1,4
45810476,34127,765,1,639,2015,4,1,1,2,61000,4,0,1,1,0,2,4
45812724,1176,697,3,293,2015,9,1,5,1.8,60651,4,0,1,1,0,7,12
45791826,15053,751,4,748,2013,9,0,2,2.4,61000,6,2,1,1,0,14,12
45216220,120,935.666666666667,7,285,2016,9,1,5,2.5,65000,6,2,1,1,0,2,12
45802290,44843,1091,4,526,2016,10,1,1,2.5,133687,4,0,1,1,0,7,4
45803395,10192,639,4,748,2014,9,1,4,2,63600,4,0,1,1,0,12,4
45133300,10500,2084,2,799,1997,2,0,1,2.5,11111,4,1,2,1,0,14,4
45815917,8311,1202,4,733,2017,4,1,5,2.4,91782,4,0,1,1,0,8,12
25368573,12544,2078,0,46,2002,9,1,0,2.5,220000,6,2,2,1,0,12,8
45797520,51432,1327,7,268,2018,9,1,5,2.5,62400,4,2,1,1,0,14,11
45794377,18817,582.788167938931,7,643,2012,9,1,2,1.8,189000,6,0,1,1,0,14,12
45791823,2900,1685,0,35,1994,9,1,5,2,0,6,1,2,1,0,6,2
45524811,6586,1077,7,220,2019,4,1,5,2,19968,4,0,1,1,0,14,12
45813645,7370,1018,6,678,2011,4,1,1,3,174101,6,0,0,1,0,1,12
45797405,17415,1185,4,526,2009,7,1,1,2.5,75988,4,0,1,1,0,1,4
45797162,23834,585,4,387,2013,9,1,5,1.8,168341,4,0,1,1,0,2,4
45771578,784,1327,7,680,2018,9,1,5,2.5,59158,4,0,1,1,0,7,12
45815481,627,891,5,548,2016,9,1,5,2,68286,4,0,2,1,0,7,12
45808984,40424,1493,2,421,2016,7,1,5,3.5,97000,4,0,1,1,0,7,4
45797857,9888,1024,4,526,2010,7,1,1,2.5,351108,4,0,1,1,0,12,4
45816558,2587,1017,4,387,2017,9,1,5,2,84792,4,0,1,1,0,1,12
45719650,7997,1429.8433516297,6,240,2003,1,1,5,3.2,300000,6,2,2,0,0,2,6
45660276,941,1850,5,696,2008,4,1,2,3.5,364523,6,0,0,1,0,1,12
45798306,18346,629,4,387,2015,9,1,4,1.6,31891,4,0,1,1,0,7,4
45774661,6429,1553.57142857143,6,177,2000,10,0,0,2,240000,4,1,2,1,0,2,4
45810267,27190,640,1,620,2013,9,1,5,2,119150,4,0,1,1,0,14,4
45763032,941,1750,7,535,2008,4,1,2,3.3,226094,6,0,0,1,0,14,12
45765304,14113,1888,0,87,2004,9,1,1,3,196000,6,0,2,1,0,12,1
45794339,14069,1079,5,634,2018,4,1,5,2,25600,4,2,1,2,0,14,7
45766233,94,1017,4,387,2017,4,1,5,2,284251,4,0,1,1,0,7,12
45802988,13642,707,4,733,2011,4,1,1,2,75991,4,0,1,1,0,7,4
45810098,44611,891,3,293,2016,9,1,5,2,44914,4,0,1,1,0,12,4
45781802,10349,1485,7,70,1999,4,0,5,2.7,245000,4,0,0,1,1,12,4
44563390,29793,722,6,746,2016,1,0,5,1,37000,3,2,2,1,0,14,8
45766634,6586,585,7,643,2013,9,1,2,1.8,361445,4,0,1,1,0,14,12
45804509,11290,1533.25,2,799,2000,2,0,1,2.5,270000,4,1,2,2,0,8,1
45630380,13799,888.488372093023,7,643,2008,3,0,2,1.5,154000,4,2,1,1,0,14,8
45763575,14113,1711.27272727273,0,871,2003,4,1,0,3,345000,6,2,0,1,0,7,6
45801543,10117,687,4,387,2010,9,1,5,1.6,72000,4,0,1,1,0,14,4
45768755,392,585,7,643,2013,9,1,2,1.8,114526,4,0,1,1,0,14,12
45798169,11102,790,4,387,2009,9,1,5,1.6,59538,4,0,1,1,0,12,4
45797217,28523,645,4,387,2011,9,1,5,1.8,82000,4,0,1,1,0,1,4
45650252,26657,919,6,605,2012,4,1,1,3,271701,6,0,0,1,0,14,12
45803683,37291,891,4,817,2016,4,1,1,2,145136,4,0,1,1,0,14,4
45804469,58332,1055,5,694,2013,4,1,5,3.5,165581,4,0,1,1,0,12,4
45773495,4547,475,1,853,2012,3,1,2,1.4,162190,4,0,1,1,0,2,0
45791956,18503,639,4,748,2014,9,1,5,2,112000,4,2,1,1,0,13,12
45815069,13172,1091,7,268,2016,9,1,5,2.5,151443,4,0,1,1,0,7,12
45263415,13485,831,7,268,2011,9,0,5,2.4,110000,4,2,2,1,0,12,8
45790649,13485,1598,0,50,2008,1,1,5,3,150000,6,0,2,0,0,14,6
45655664,314,1399,5,701,2010,4,1,2,3.5,382746,6,0,0,1,0,12,12
45738530,23834,862,7,143,2006,7,0,4,3,149000,6,0,0,2,0,12,6
45769164,1411,1624,6,361,2009,9,1,1,3.5,266061,6,0,0,1,0,1,12
45732079,14069,1076,4,733,2020,4,1,5,2,12334,4,0,1,1,0,2,4
45765209,627,475,1,853,2012,4,1,2,1.4,188419,4,0,1,1,0,11,0
45801859,11274,687,4,387,2010,9,1,5,1.6,198425,4,0,1,1,0,12,4
45805144,18779,707,4,817,2011,4,1,1,2,158604,4,0,1,1,0,12,4
45751920,784,1399,1,559,2010,9,1,5,3.5,321037,6,0,1,1,0,7,12
45809918,31659,891,3,293,2016,9,1,5,2,82141,4,0,1,1,0,11,4
45812919,3136,1429.8433516297,6,342,1990,9,0,0,2.3,350000,4,0,2,1,0,7,0
45804040,29144,891,4,817,2016,4,1,1,2,47522,4,0,1,1,0,14,4
45617771,3136,781,7,268,2012,9,1,2,2.5,159379,4,0,1,1,0,14,12
45803394,7056,707,4,748,2011,9,1,4,2,85419,4,0,1,1,0,14,4
45787015,22580,985.7,5,549,2010,9,1,5,2.5,201600,6,2,2,1,0,1,8
45731793,41811,1249,4,526,2017,10,1,1,2.5,146644,4,0,1,1,0,1,4
45796059,15681,738,1,317,2017,9,1,5,1.4,107637,4,0,1,1,0,1,0
45731113,30750,777,4,526,2014,7,1,1,2.5,146216,4,0,1,1,0,12,4
45733290,12544,765,4,748,2015,9,1,4,2,536212,4,0,1,1,0,8,4
45788368,29793,394,7,268,2014,9,0,2,2.5,174400,4,2,1,1,0,7,12
45733642,56814,1017,4,748,2017,9,1,5,2,67365,4,0,1,1,0,1,4
45798424,18503,1750,5,696,2008,4,1,2,3.3,100000,6,2,0,1,0,0,12
45809965,15423,531,1,317,2012,9,1,5,1.6,130412,4,0,1,1,0,1,4
45303823,30,1599.33333333333,3,425,2005,3,0,5,1.3,169000,4,0,1,1,1,14,4
45664611,3450,831,4,748,2011,9,1,2,2.4,224349,4,0,1,1,0,7,0
42287915,21953,2084,2,799,1999,6,0,1,2.5,430000,4,1,2,1,0,14,1
45805163,38229,877,4,817,2017,4,1,1,1.7,71991,4,0,1,1,0,12,4
45781957,9722,832.188679245283,2,409,2005,4,0,5,3,170000,6,0,0,1,0,6,6
44481215,24000,2266,3,462,2018,7,0,2,1.5,19000,4,0,1,1,1,7,0
44710924,36065,1018,0,871,2011,4,1,5,3,78000,6,2,0,1,0,14,8
45744959,17249,1054,6,335,2009,10,1,1,2.2,172000,4,2,2,1,0,14,10
45795580,21012,582.788167938931,7,643,2013,9,0,5,1.8,128000,4,0,1,1,0,2,8
45677230,64290,1329.79585953434,5,702,2012,4,1,2,3.5,97000,6,3,0,1,0,1,12
45773793,7840,1387.22222222222,3,638,2005,7,0,5,2.4,200000,4,2,1,1,1,12,6
45771877,5018,645,7,643,2011,4,1,2,1.8,489584,4,0,1,1,0,7,12
45040734,60,582.788167938931,7,643,2013,9,0,2,1.8,150000,4,0,1,1,0,14,8
45797295,17634,531,4,547,2012,3,1,1,1.6,183380,4,0,1,1,0,7,4
45709517,19757,703.5,2,459,2016,3,1,5,2,30000,4,2,1,1,0,4,12
45799423,18817,1995,2,799,2003,6,0,1,2.4,128965,4,1,1,0,0,14,2
45759938,21326,781,7,268,2012,9,1,5,2.5,100000,4,0,1,1,0,7,12
45776725,10976,1195,6,182,2001,9,0,1,2.2,320000,5,0,2,1,0,12,4
45802411,31797,1051,4,525,2016,9,1,5,2.4,160000,4,0,1,1,0,1,4
45625142,11133,394,7,268,2014,9,1,2,2.5,179381,4,0,1,1,0,1,12
45756719,8781,1338.90845620294,0,78,1998,9,1,5,2.5,178000,6,1,2,1,0,0,5
45658894,9879,1018,6,605,2011,4,1,1,3,275862,6,0,0,1,0,12,12
45511664,14113,531,4,827,2012,3,0,5,1.6,130000,4,1,1,1,0,2,12
45768736,706,503,3,425,2012,4,1,5,1.5,277856,4,0,1,1,0,14,0
45803728,28755,765,4,817,2015,4,1,1,2,150881,4,0,1,1,0,14,4
45803164,63886,1076,4,748,2020,9,1,4,2,5305,4,0,1,1,0,12,4
45647805,3607,1104,0,871,2015,4,1,1,3,201056,6,0,0,1,0,1,0
45648824,9722,609,7,268,2018,9,1,2,2.5,127515,4,0,1,1,0,1,12
45783805,11917,1268,7,658,2012,3,0,2,1.5,157000,3,0,1,1,1,12,8
45579871,21326,781,7,268,2012,9,1,5,2.5,100300,6,2,1,1,0,7,8
45763765,25402,640,0,50,2013,9,1,5,2,150000,4,2,0,1,0,1,12
45752266,470,1901,1,620,2008,9,1,5,3.6,260349,6,0,1,1,0,1,12
45772786,7213,1338.90845620294,0,78,1998,9,0,0,2.5,212000,6,1,2,1,0,12,6
45571892,61154,579,7,680,2017,4,0,2,2.5,71234,4,2,0,1,0,14,12
45778098,13172,749.991967871486,7,145,2012,3,0,2,1.5,265900,4,3,1,1,1,14,2
45790255,24462,642,0,84,2012,9,1,5,2,96966,4,2,2,1,0,1,12
45651422,11290,690,5,701,2016,4,1,2,3.5,59858,6,0,1,1,0,12,12
45715218,500,2084,2,799,1998,6,0,1,2.5,128965,4,1,2,1,0,14,2
45789393,8300,1599.33333333333,3,425,2004,3,0,5,1.3,159000,4,3,1,1,1,13,2
45815892,7997,1079,4,387,2018,9,1,5,2,21090,4,0,1,1,0,11,12
45807914,13799,586,7,643,2012,3,1,2,1.8,260000,4,0,1,1,0,1,12
45804486,28225,934,7,680,2015,4,1,5,2.5,149019,4,0,0,1,0,7,0
45761409,3763,1527,6,174,1995,9,0,5,1.8,128965,5,1,2,1,1,6,2
45813639,549,986,5,531,2010,9,1,2,2.4,180234,4,0,1,1,0,14,0
45785669,18817,585,4,387,2013,9,1,5,1.8,115000,4,2,1,1,0,14,12
45587240,7500,872.02838865217,7,824,2005,7,0,5,2,18500,4,3,0,1,1,1,2
45809497,22075,503,7,145,2012,10,1,2,1.5,52456,4,0,1,1,0,14,4
45809238,22197,503,7,145,2012,3,1,5,1.5,50000,4,0,1,1,0,1,4
45433278,34811,779,7,680,2013,4,0,5,2.5,121400,4,2,1,1,0,7,6
45802374,13808,1024,4,526,2010,4,1,1,2.5,65691,4,0,1,1,0,12,4
45802856,50037,891,4,733,2016,4,1,1,2,121902,4,0,1,1,0,1,4
45657109,6586,988,7,643,2007,9,0,2,1.5,158130,4,0,1,1,0,3,8
45812999,1176,986,7,268,2010,9,1,2,2.4,129170,4,0,1,1,0,1,12
45763841,470,831,4,387,2017,9,1,5,1.6,25635,4,0,1,1,0,1,12
45784464,37633,1249,7,680,2017,4,1,5,2.5,23430,4,2,1,1,0,0,12
45804344,26017,1624,5,379,2009,9,1,5,3.5,132700,4,0,1,1,0,14,4
45789241,19444,582.788167938931,7,643,2013,9,0,2,1.8,140607,4,0,1,1,0,7,12
45732720,10036,639,4,748,2014,9,1,4,2,128965,4,0,1,1,0,12,4
45769427,29793,1053,6,361,2014,9,1,1,3.5,219030,6,0,0,1,0,1,12
45773726,706,1850,6,361,2008,9,1,1,3.5,122874,6,0,2,1,0,1,12
39977395,50,888.488372093023,7,643,2008,3,0,2,1.5,150000,4,0,1,1,0,12,6
45760891,470,645,7,643,2011,3,1,2,1.8,307325,4,0,1,1,0,12,12
45772306,5802,1055,6,361,2013,9,1,1,3.5,107800,6,0,2,1,0,7,12
45798355,8467,1429.8433516297,6,230,1999,1,1,0,2,300000,4,1,2,0,0,12,5
45778856,15681,831,4,748,2011,9,1,5,2.4,161600,4,2,1,1,0,11,8
45804997,26108,836,4,817,2010,4,1,1,2,116365,4,0,1,1,0,7,4
45793526,5331,1288,1,289,2007,4,1,1,2,51258,4,0,1,1,0,1,4
45813273,470,753,4,748,2012,9,1,2,2.4,186923,4,0,1,1,0,14,12
